question,worker,answer
0,4,0
0,12,5
0,18,0
0,21,2
0,31,0
1,12,1
1,18,1
1,21,2
2,4,1
2,18,0
3,15,0
3,18,1
3,31,1
4,4,0
4,18,0
5,4,0
5,18,0
6,4,0
6,14,6
6,18,0
7,4,0
7,12,0
7,18,0
8,4,0
8,15,0
8,18,0
8,21,2
9,18,0
9,31,2
10,18,0
10,31,2
10,32,0
11,12,0
11,15,0
11,18,0
11,31,2
12,18,0
12,27,5
12,32,2
13,12,5
13,18,0
14,12,0
14,18,0
14,31,2
15,18,0
15,31,0
16,4,7
16,15,0
16,18,7
16,37,0
17,12,0
17,18,0
17,31,2
18,4,0
18,12,0
18,15,0
18,18,0
19,12,0
19,18,0
20,4,7
20,18,0
21,18,1
21,31,2
22,15,0
22,18,0
22,31,0
23,14,2
23,18,0
23,31,0
24,18,0
25,4,0
25,12,2
25,18,0
25,31,5
26,18,0
26,21,0
26,31,2
27,4,0
27,18,0
27,21,0
28,4,0
28,15,0
28,18,0
28,31,2
29,12,1
29,15,0
29,18,0
29,21,2
30,12,2
30,18,2
30,21,2
31,15,0
31,18,2
31,21,2
31,31,2
32,18,7
32,31,2
33,12,7
33,15,0
33,18,7
33,31,7
34,12,0
34,18,0
35,12,0
35,18,0
36,4,0
36,18,0
36,31,0
37,18,0
37,21,0
38,4,0
38,18,0
38,31,0
39,4,0
39,18,2
40,12,7
40,15,5
40,18,3
40,32,6
41,4,4
41,12,6
41,18,7
41,31,0
42,12,1
42,18,0
43,4,4
43,12,1
43,18,0
44,18,1
44,21,1
45,18,0
45,31,5
45,37,1
46,18,0
46,31,2
47,12,0
47,18,0
47,27,1
47,31,2
47,37,1
48,12,1
48,18,2
48,31,0
49,4,1
49,18,1
49,31,2
50,12,0
50,18,0
50,31,0
51,4,0
51,12,0
51,18,0
51,31,0
52,4,0
52,18,0
52,21,0
53,4,0
53,18,0
53,21,0
54,15,2
54,18,0
54,21,4
54,31,0
55,18,0
55,21,0
55,31,2
56,4,0
56,18,0
56,21,0
57,12,0
57,15,2
57,18,1
57,31,2
58,4,0
58,15,0
58,18,0
58,31,0
59,12,0
59,15,0
59,18,0
59,31,0
60,12,0
60,18,0
60,31,0
61,18,0
61,31,2
62,4,0
62,18,0
62,31,2
63,4,1
63,18,0
63,31,0
64,18,0
64,31,0
64,37,0
65,4,0
65,12,0
65,18,0
65,31,2
66,4,0
66,18,0
66,21,0
67,18,0
67,31,2
68,15,1
68,18,0
68,37,0
69,14,2
69,18,0
70,18,0
70,31,0
71,4,0
71,12,0
71,18,0
71,31,2
72,18,0
72,21,1
72,31,0
73,4,1
73,18,1
74,12,1
74,18,0
74,37,5
75,18,4
75,31,5
76,18,0
76,31,0
77,18,0
77,31,2
78,12,0
78,18,0
79,18,0
79,31,2
80,18,5
80,21,3
81,18,0
81,31,2
82,18,0
82,31,5
83,18,0
83,21,0
84,12,0
84,18,0
84,21,2
84,31,4
85,12,0
85,18,0
86,12,4
86,18,4
86,31,2
87,18,4
87,31,2
88,12,1
88,18,1
88,31,2
89,18,1
89,21,4
90,4,0
90,18,4
90,21,0
91,18,0
91,21,0
91,31,2
92,4,4
92,12,1
92,18,2
93,12,1
93,15,6
93,18,0
94,18,0
94,21,1
94,31,0
95,12,2
95,18,0
95,31,2
96,4,4
96,18,0
96,31,2
97,18,0
97,21,0
97,31,0
98,14,6
98,18,0
98,31,0
99,12,0
99,15,2
99,18,0
100,18,0
100,31,0
101,15,1
101,18,0
101,31,0
102,4,1
102,12,4
102,18,4
103,18,4
103,21,0
103,31,2
104,14,2
104,18,0
105,12,0
105,18,1
105,31,0
106,18,1
106,21,0
106,37,2
107,12,0
107,14,5
107,18,2
107,21,5
108,18,4
108,31,1
109,12,2
109,14,5
109,18,0
110,18,4
110,31,0
111,18,4
111,31,1
112,4,4
112,18,4
113,18,2
113,21,5
114,12,1
114,14,0
114,18,0
114,31,5
115,18,1
115,21,1
116,12,2
116,14,2
116,18,0
117,4,1
117,18,0
117,31,0
118,15,2
118,18,0
118,27,1
118,31,2
119,4,1
119,18,0
119,21,1
120,4,1
120,18,1
120,31,0
121,1,1
121,4,1
121,10,2
121,32,1
122,12,5
122,15,0
122,16,0
122,18,2
123,1,1
123,4,1
123,12,1
123,18,1
123,32,1
124,18,0
124,27,0
124,32,0
125,4,1
125,18,2
125,27,5
125,30,1
126,15,0
126,18,0
127,1,1
127,18,1
127,32,1
128,1,0
128,4,0
128,27,0
128,32,0
129,2,0
129,4,1
129,12,0
129,15,0
130,18,0
130,30,0
130,31,2
131,4,1
131,18,1
131,29,1
131,30,1
131,32,0
132,4,0
132,18,0
132,23,0
132,32,0
133,15,0
133,18,0
133,30,0
133,31,0
134,4,0
134,12,0
134,18,0
134,32,0
135,4,0
135,12,0
135,18,0
135,32,0
136,1,1
136,12,0
136,18,1
136,30,1
137,1,0
137,2,0
137,4,0
137,18,0
137,23,2
138,2,0
138,18,0
138,31,5
139,4,0
139,12,1
139,18,0
140,4,0
140,12,0
140,18,0
140,32,0
141,4,0
141,15,0
141,18,0
141,27,0
142,1,1
142,18,1
142,32,0
143,1,0
143,12,0
143,15,2
143,18,0
143,31,0
144,2,0
144,4,1
144,18,0
144,30,1
145,4,1
145,12,1
145,16,0
145,18,0
146,4,1
146,18,1
146,30,0
146,32,1
147,4,1
147,10,2
147,15,1
147,18,1
147,32,2
148,4,1
148,18,0
148,32,2
149,12,0
149,18,1
150,4,4
150,27,4
150,32,4
151,12,4
151,18,4
151,31,0
151,32,4
152,4,4
152,16,0
152,18,4
152,31,2
153,15,0
153,18,0
153,31,2
153,32,4
154,4,0
154,5,0
154,27,0
154,32,0
155,18,1
155,30,1
155,32,0
156,4,1
156,29,1
156,30,0
157,4,1
157,12,1
157,16,1
157,18,1
157,35,1
158,2,0
158,15,1
158,18,1
158,32,0
159,1,0
159,16,0
159,18,0
159,30,2
159,36,2
160,4,0
160,18,0
160,29,0
160,31,0
161,2,0
161,18,0
161,31,2
162,4,4
162,15,0
162,18,4
163,1,0
163,12,0
163,16,0
163,18,0
163,30,0
164,4,4
164,12,4
164,15,0
164,18,0
165,4,1
165,12,4
165,18,4
165,29,4
166,1,0
166,2,0
166,10,5
166,16,1
166,23,0
167,1,0
167,2,1
167,12,0
167,18,0
167,29,0
168,1,4
168,4,4
168,27,0
168,29,4
168,30,4
169,12,5
169,18,1
170,12,2
170,18,0
170,32,2
171,1,6
171,18,0
171,30,0
171,34,2
172,4,6
172,10,6
172,16,0
172,18,0
172,32,6
173,15,0
173,18,0
173,30,0
174,4,4
174,10,6
174,16,0
174,18,4
174,30,0
175,12,4
175,18,4
175,32,2
176,2,0
176,15,0
176,18,0
176,31,2
177,4,2
177,10,6
177,12,2
177,15,0
177,18,0
178,12,6
178,18,0
178,30,2
179,4,6
179,16,0
179,18,0
179,21,0
180,1,0
180,12,2
180,18,0
180,31,0
180,32,2
181,2,0
181,4,0
181,18,0
182,4,0
182,18,0
182,30,0
182,32,2
183,18,0
183,30,0
183,31,2
183,32,2
184,15,4
184,16,0
184,18,4
184,29,4
184,30,0
185,4,4
185,18,0
185,30,2
186,12,2
186,15,0
186,18,2
186,27,5
187,18,0
187,23,2
187,30,0
188,4,1
188,18,0
188,32,1
189,0,5
189,18,1
189,27,0
189,30,0
190,12,5
190,18,0
190,21,5
191,1,5
191,4,5
191,15,0
191,18,0
191,32,5
192,12,4
192,15,0
192,18,4
192,31,2
193,18,5
193,27,4
193,29,4
194,12,0
194,18,1
194,30,1
194,32,0
195,16,0
195,18,0
195,30,0
195,31,0
195,32,0
196,4,1
196,5,1
196,18,0
196,32,2
197,2,5
197,18,0
197,30,0
197,32,6
198,4,1
198,12,0
198,18,0
198,31,2
198,32,2
199,12,0
199,18,0
199,31,2
199,32,0
200,4,0
200,12,1
200,18,0
200,31,1
201,4,1
201,12,5
201,18,1
201,30,1
201,32,1
202,18,0
202,31,5
202,35,1
203,4,0
203,12,1
203,18,0
203,27,1
203,32,1
204,4,1
204,12,1
204,18,0
204,31,1
205,4,1
205,15,1
205,18,1
205,31,3
206,10,2
206,12,0
206,18,0
207,15,0
207,18,0
207,32,2
207,35,0
208,1,6
208,4,7
208,18,5
208,29,6
208,32,2
209,12,6
209,16,1
209,18,2
209,31,2
209,36,6
210,16,0
210,18,0
210,31,2
211,4,1
211,18,0
211,29,1
211,30,1
212,4,1
212,18,1
212,30,0
213,2,0
213,18,0
213,29,1
214,12,5
214,16,0
214,18,0
214,29,5
215,12,5
215,18,0
215,27,5
215,32,7
216,1,5
216,4,5
216,18,0
216,30,0
217,1,5
217,4,5
217,18,0
217,32,5
218,16,0
218,18,0
218,31,0
218,32,0
219,1,0
219,4,0
219,18,0
219,31,5
220,1,4
220,16,0
220,18,0
220,30,0
221,18,4
221,32,2
222,2,0
222,4,6
222,18,0
222,29,4
223,4,4
223,15,0
223,18,0
223,30,0
224,1,4
224,4,4
224,18,4
224,31,2
224,32,2
225,4,4
225,18,1
225,27,1
225,30,1
225,32,1
226,2,5
226,4,5
226,12,5
226,15,3
226,32,7
227,4,1
227,12,5
227,18,0
227,27,5
228,1,0
228,4,0
228,18,0
229,1,1
229,4,1
229,32,0
230,18,0
230,21,1
230,32,1
231,18,0
231,19,0
231,23,1
231,29,1
231,35,1
232,1,5
232,4,5
232,18,1
232,32,1
233,14,1
233,15,0
233,18,0
234,1,1
234,4,1
234,18,1
234,32,1
235,4,1
235,5,1
235,10,2
235,18,1
235,32,2
236,18,1
236,30,0
237,2,1
237,15,0
237,18,0
237,32,2
238,12,2
238,18,1
238,31,0
238,32,2
239,5,1
239,12,2
239,18,1
239,27,5
240,4,1
240,12,1
240,18,0
240,31,0
241,4,1
241,8,1
241,18,1
241,29,1
242,4,1
242,30,1
242,32,1
243,1,1
243,12,1
243,18,0
244,15,1
244,18,1
244,32,2
244,36,1
245,18,0
245,21,0
246,2,0
246,12,1
246,18,1
246,30,1
246,32,2
247,4,1
247,15,1
247,18,0
248,2,5
248,16,0
248,18,0
248,32,0
249,4,1
249,12,0
249,16,1
249,18,1
250,16,0
250,18,0
250,31,5
250,32,1
251,16,1
251,18,1
251,32,1
252,4,1
252,18,1
252,30,1
253,4,1
253,18,1
253,29,0
253,37,1
254,4,1
254,18,1
254,23,1
254,32,2
255,4,1
255,12,0
255,18,0
255,27,0
255,29,1
256,4,0
256,12,0
256,18,0
257,15,0
257,18,0
257,27,0
257,29,0
258,12,1
258,15,1
258,18,0
258,31,0
259,2,0
259,5,0
259,15,0
259,18,0
259,30,0
260,12,0
260,18,0
260,29,0
261,4,0
261,12,0
261,18,0
262,7,1
262,18,1
262,27,1
262,30,5
263,18,2
263,27,0
263,30,4
264,2,1
264,4,1
264,18,1
264,31,0
265,5,0
265,12,0
265,15,0
265,18,0
266,12,0
266,18,0
266,31,0
266,32,0
267,12,0
267,18,0
267,27,0
267,31,0
268,15,1
268,18,0
268,32,0
268,36,1
269,4,0
269,12,0
269,16,0
269,18,0
270,12,0
270,15,4
270,18,4
270,31,0
271,1,1
271,4,1
271,18,0
271,23,2
271,32,0
272,4,1
272,12,1
272,18,1
272,27,1
273,1,1
273,5,1
273,18,1
273,31,2
273,32,1
274,12,0
274,18,0
275,4,2
275,16,0
275,18,0
275,32,2
276,4,0
276,15,0
276,16,0
276,32,2
277,12,0
277,18,1
277,30,1
277,32,0
278,4,1
278,12,0
278,18,1
278,30,1
279,4,1
279,12,0
279,18,1
279,31,2
280,1,0
280,4,0
280,18,0
280,30,0
280,32,0
281,12,0
281,15,0
281,16,1
281,18,1
281,30,1
282,18,0
282,21,7
282,31,0
283,4,0
283,18,0
283,27,0
283,30,0
284,18,0
284,32,1
285,18,0
285,29,1
285,30,0
286,1,0
286,4,0
286,5,0
286,18,0
286,27,0
287,4,0
287,15,0
287,18,0
287,31,0
288,4,4
288,18,1
288,27,1
288,32,1
289,16,1
289,18,1
290,12,2
290,18,0
290,29,0
290,32,2
291,4,0
291,15,0
291,18,2
292,1,5
292,4,5
292,12,2
292,18,5
293,4,0
293,15,2
293,32,2
294,18,1
294,31,2
295,12,1
295,18,1
295,27,4
296,4,4
296,12,2
296,18,4
297,4,0
297,12,5
297,18,0
297,31,0
298,12,1
298,18,0
298,31,0
299,2,0
299,18,1
299,31,0
300,4,5
300,12,0
300,15,5
300,18,0
300,32,0
301,18,0
301,29,4
301,32,0
302,15,1
302,18,0
302,30,1
302,32,0
303,12,0
303,15,1
303,18,1
304,4,0
304,12,0
304,18,0
305,1,4
305,12,0
305,18,0
306,12,0
306,15,4
306,18,0
307,12,0
307,18,0
307,30,1
307,32,0
308,4,1
308,18,2
308,31,2
308,32,0
309,4,0
309,12,0
309,14,2
309,18,0
310,12,1
310,18,1
310,27,1
310,30,2
311,4,1
311,18,1
311,27,1
311,32,1
312,15,0
312,18,0
312,31,0
312,32,0
313,18,0
313,32,0
314,8,1
314,15,1
314,18,0
315,4,1
315,8,1
315,18,1
316,12,1
316,15,1
316,18,0
317,4,1
317,12,1
317,15,0
317,18,1
318,4,5
318,12,5
318,18,5
318,32,2
319,12,0
319,18,0
319,31,5
319,32,0
320,4,0
320,15,0
320,18,0
320,31,0
321,4,1
321,18,1
322,4,0
322,18,0
322,31,2
322,32,0
323,12,0
323,18,0
323,32,0
324,4,4
324,12,4
324,15,0
324,18,4
324,32,4
325,4,4
325,18,4
325,21,4
325,32,4
326,4,0
326,12,0
326,18,0
327,2,0
327,4,0
327,18,0
328,12,0
328,18,0
328,32,0
329,4,0
329,18,0
330,8,2
330,15,0
330,18,1
330,31,2
331,15,1
331,18,1
331,31,2
331,32,1
332,12,1
332,14,2
332,18,1
332,31,0
333,18,5
334,18,1
334,31,1
335,12,1
335,18,4
335,32,1
336,12,4
336,18,4
336,31,4
337,14,2
337,18,4
338,4,1
338,12,1
338,18,0
338,31,1
339,14,2
339,18,0
339,31,1
340,18,0
340,21,1
341,2,0
341,4,1
341,15,1
341,18,7
342,4,0
342,18,0
342,21,0
343,4,0
343,18,0
343,31,0
344,12,0
344,15,0
344,18,0
344,27,0
344,32,0
345,12,0
345,15,0
345,18,0
345,32,0
346,4,0
346,12,0
346,18,0
346,31,0
347,4,0
347,12,0
347,18,1
348,4,1
348,18,0
348,31,0
349,14,5
349,18,2
350,4,0
350,12,0
350,18,2
350,21,2
351,12,0
351,18,0
352,18,0
352,31,2
352,32,0
353,18,0
353,31,2
354,18,0
354,31,2
355,18,0
355,31,0
356,12,1
356,18,0
357,12,1
357,18,0
357,21,2
358,18,0
359,18,1
359,21,1
360,12,0
360,18,0
361,12,0
361,18,0
361,31,0
362,18,0
362,21,0
363,4,0
363,12,0
363,18,0
364,4,0
364,15,0
364,18,0
364,32,0
365,2,2
365,15,0
365,18,1
365,27,5
366,18,0
366,21,2
366,36,0
367,12,0
367,18,0
367,30,1
367,32,0
368,12,0
368,18,0
368,31,2
368,32,0
369,18,2
369,21,6
369,31,0
369,32,0
370,4,2
370,15,0
370,18,0
370,31,2
371,4,2
371,16,0
371,18,0
371,32,2
372,4,0
372,12,0
372,18,0
373,2,0
373,18,0
373,37,0
374,2,0
374,18,0
374,32,2
375,12,0
375,18,0
375,31,0
376,4,1
376,5,1
376,10,6
376,32,0
377,1,0
377,16,0
377,18,0
377,30,0
377,32,0
378,12,0
378,18,1
378,30,1
378,31,5
379,18,0
379,30,0
380,8,0
380,12,0
380,15,0
380,18,0
380,32,0
381,1,0
381,4,0
381,18,0
382,1,0
382,2,0
382,18,0
382,32,0
383,1,0
383,2,0
383,4,0
383,10,6
383,18,0
384,12,0
384,18,0
384,30,0
384,32,0
385,4,0
385,18,0
385,27,0
385,30,0
386,1,4
386,18,4
386,32,4
386,35,4
387,18,0
387,31,0
388,18,1
388,32,0
389,2,1
389,15,0
389,18,0
389,23,2
390,4,0
390,16,0
390,18,0
390,23,0
391,4,0
391,12,0
391,18,2
391,30,0
392,15,1
392,18,0
392,31,1
392,32,1
393,5,1
393,12,2
393,16,0
393,32,1
394,12,6
394,18,0
395,4,7
395,10,5
395,12,6
395,18,5
396,4,1
396,15,1
396,18,1
396,29,1
397,8,2
397,12,1
397,16,0
397,18,0
398,4,1
398,18,0
398,27,1
398,32,1
399,1,1
399,4,1
399,18,0
399,29,1
399,32,1
400,2,0
400,12,0
400,18,5
400,27,5
401,12,2
401,16,1
401,18,1
402,10,2
402,12,1
402,29,1
403,4,1
403,8,1
403,18,1
403,27,1
403,32,2
404,2,0
404,18,0
404,31,0
405,18,2
405,31,2
405,32,0
406,4,1
406,12,0
406,18,0
406,30,1
407,4,0
407,18,0
407,29,0
408,1,0
408,4,0
408,18,0
408,29,0
408,32,0
409,4,1
409,12,0
409,18,1
409,32,0
410,4,1
410,12,1
410,18,0
410,27,1
410,35,1
411,1,1
411,12,1
411,18,1
412,18,0
412,21,2
412,31,2
412,32,1
413,12,2
413,18,0
413,37,0
414,4,0
414,18,0
414,30,0
415,4,0
415,18,0
415,31,0
416,1,0
416,18,0
416,30,0
416,34,6
417,1,0
417,4,7
417,12,1
417,18,7
417,32,2
418,16,0
418,18,1
418,32,1
418,35,1
419,4,1
419,18,1
419,23,5
420,1,0
420,4,0
420,10,6
420,18,0
420,29,0
421,2,0
421,32,0
422,4,1
422,18,1
422,32,1
423,4,0
423,12,1
423,18,1
423,31,2
424,4,1
424,12,0
424,18,1
424,32,0
425,4,0
425,12,0
425,16,0
425,18,0
425,32,0
426,2,0
426,18,0
426,27,0
427,12,5
427,18,0
428,4,0
428,15,2
428,18,0
428,27,0
428,31,0
429,2,0
429,8,0
429,18,0
430,18,0
430,27,5
430,31,2
430,32,0
431,12,0
431,18,0
431,27,1
431,32,0
432,16,0
432,18,0
432,30,0
433,18,0
433,31,0
434,1,3
434,4,3
434,18,3
435,4,0
435,12,0
435,18,0
435,32,2
436,2,2
436,12,0
436,18,1
437,18,4
437,27,4
437,29,4
437,32,2
438,4,0
438,18,0
438,29,0
438,30,0
439,12,0
439,15,2
439,18,2
439,31,2
440,1,0
440,4,0
440,5,0
440,18,0
440,36,0
441,1,0
441,4,0
441,18,0
441,30,0
441,32,0
442,1,4
442,18,4
442,30,1
443,12,0
443,18,0
443,31,2
443,32,0
443,36,0
444,12,0
444,16,0
444,18,0
444,31,0
445,4,0
445,18,0
445,21,0
445,31,0
446,4,0
446,12,0
446,18,0
446,32,0
447,8,0
447,18,0
447,27,0
447,30,0
448,4,0
448,18,0
448,32,2
448,35,0
449,12,0
449,18,4
449,21,2
450,12,1
450,18,1
450,32,1
451,5,1
451,15,1
451,18,1
451,29,1
451,32,1
452,4,5
452,12,5
452,18,0
452,32,5
453,12,5
453,18,0
453,30,0
453,32,5
454,4,4
454,12,5
454,18,0
454,32,4
455,2,0
455,4,0
455,15,0
455,18,0
456,4,0
456,14,1
456,18,0
457,4,5
457,12,0
457,14,7
457,18,0
457,37,2
458,15,0
458,18,1
458,32,1
458,36,0
459,18,1
459,32,1
460,12,1
460,18,0
460,27,0
461,1,5
461,4,5
461,12,2
461,18,2
462,15,0
462,18,0
462,27,0
462,29,0
462,30,0
463,12,0
463,15,0
463,18,0
463,31,2
464,12,2
464,18,0
464,30,0
465,2,2
465,14,1
465,18,0
466,4,0
466,18,0
466,29,0
467,12,0
467,15,0
467,18,0
467,32,0
468,4,1
468,8,0
468,18,1
469,4,1
469,10,6
469,16,0
469,18,1
469,32,1
470,0,4
470,4,1
470,18,1
470,32,1
471,4,1
471,16,0
471,18,0
471,29,1
471,32,1
472,4,0
472,5,0
472,18,0
473,4,0
473,15,0
473,18,0
473,30,0
473,31,0
474,4,4
474,18,0
475,18,0
475,30,0
475,32,0
476,18,0
476,31,2
476,32,5
476,37,2
477,15,3
477,18,0
477,32,2
478,15,2
478,18,0
478,31,0
478,32,1
479,15,1
479,18,1
479,30,1
480,4,0
480,15,0
480,18,0
480,32,0
481,12,0
481,15,2
481,18,0
482,4,1
482,18,1
482,31,4
483,15,2
483,18,0
483,30,6
484,12,5
484,18,0
484,31,5
484,37,5
485,4,1
485,16,1
486,1,0
486,18,0
486,32,0
487,2,0
487,10,2
487,12,0
487,18,0
488,12,1
488,18,0
488,31,0
488,32,2
489,2,0
489,4,1
489,18,0
489,31,2
490,4,0
490,16,0
490,18,0
490,30,0
491,4,0
491,18,0
491,32,2
492,10,6
492,12,1
492,18,0
493,1,1
493,18,0
494,12,5
494,16,2
494,18,2
494,31,5
494,32,2
495,2,5
495,16,0
495,18,0
495,30,0
495,32,0
496,8,0
496,15,2
496,18,0
496,32,0
497,2,0
497,18,0
497,29,0
497,35,0
498,4,1
498,15,0
498,18,1
498,32,1
499,4,1
499,18,1
499,27,1
499,32,1
500,1,0
500,15,0
500,18,0
500,27,0
501,14,2
501,18,1
501,32,2
502,4,5
502,18,0
502,31,0
503,4,1
503,5,1
503,18,0
504,1,1
504,15,0
504,18,1
505,12,1
505,18,1
505,30,2
506,2,0
506,12,1
506,18,0
506,32,2
507,18,0
507,31,0
507,32,5
507,37,0
508,16,0
508,18,0
508,27,0
508,30,0
509,4,1
509,16,1
509,18,0
510,4,0
510,12,0
510,18,0
510,30,0
511,4,5
511,18,5
511,30,5
512,4,1
512,12,0
512,27,1
512,30,1
513,15,2
513,18,0
513,29,0
514,12,0
514,18,1
514,29,1
514,30,1
515,15,1
515,18,1
515,32,0
516,4,0
516,15,0
516,16,0
516,18,0
516,31,2
517,4,0
517,18,0
517,27,0
517,30,0
517,32,0
518,4,0
518,12,0
518,18,0
518,32,0
518,35,0
519,1,0
519,4,0
519,18,0
519,27,0
520,4,0
520,18,0
520,30,0
521,15,0
521,16,0
521,18,0
521,30,0
521,32,0
522,1,0
522,4,0
522,18,0
522,31,0
522,32,0
523,1,0
523,18,0
523,30,0
523,31,0
524,12,1
524,18,1
524,30,0
525,12,1
525,15,0
525,18,0
526,1,5
526,4,5
526,18,0
526,31,5
527,1,5
527,18,0
527,21,5
528,1,1
528,18,0
528,32,1
529,4,1
529,14,1
529,18,1
530,12,0
530,18,0
530,32,0
530,35,1
531,2,0
531,4,0
531,16,0
531,18,0
532,4,0
532,10,6
532,18,0
533,10,6
533,18,0
533,31,2
533,32,0
534,12,0
534,18,0
534,37,0
535,18,0
535,29,0
535,31,2
535,32,0
536,15,0
536,18,0
536,23,5
537,18,1
537,32,2
538,15,2
538,18,1
538,32,0
539,15,2
539,16,0
539,18,0
539,30,2
540,4,4
540,12,4
540,18,1
540,32,4
541,15,1
541,18,4
541,31,4
541,32,4
542,4,1
542,18,1
542,31,2
542,32,2
543,7,5
543,12,1
543,18,0
543,31,0
543,32,2
544,1,0
544,10,6
544,12,0
544,18,0
545,12,0
545,18,0
545,21,5
546,4,1
546,18,1
546,32,1
547,18,1
547,32,1
547,37,0
548,1,1
548,18,1
548,32,2
549,12,0
549,18,0
549,30,0
550,2,0
550,18,0
550,32,0
551,10,4
551,18,4
551,32,0
552,18,0
552,30,2
552,32,0
553,18,0
553,21,1
553,31,0
554,16,3
554,18,5
555,14,5
555,15,1
555,18,1
555,30,1
556,12,1
556,18,1
556,31,2
556,32,1
557,4,1
557,18,1
557,31,0
558,2,0
558,18,0
558,32,2
559,4,1
559,12,1
559,18,1
559,31,1
560,4,0
560,8,0
560,18,0
560,31,0
561,12,0
561,18,0
561,32,0
561,36,0
562,18,0
562,23,2
562,27,0
562,30,0
562,32,1
563,12,1
563,18,1
563,32,1
564,1,7
564,12,7
564,18,5
564,32,7
565,4,7
565,12,7
565,18,0
565,32,7
566,1,0
566,12,0
566,18,1
566,27,0
567,0,2
567,18,0
567,31,0
568,4,0
568,12,0
568,18,0
568,30,0
568,31,0
569,4,0
569,15,0
569,18,0
569,27,0
569,32,0
570,8,0
570,18,0
570,31,2
571,8,5
571,15,2
571,18,0
571,32,0
572,12,0
572,18,0
572,27,0
572,31,0
573,4,0
573,15,0
573,18,0
573,32,0
574,8,0
574,18,0
574,31,1
574,32,0
575,4,0
575,12,0
575,18,0
575,37,0
576,2,2
576,4,1
576,12,4
576,18,1
577,4,1
577,12,4
577,18,1
577,31,0
578,4,1
578,18,1
578,31,4
579,4,5
579,12,1
579,18,5
580,0,2
580,18,1
580,31,2
581,12,0
581,15,0
581,18,0
582,4,1
582,12,0
582,18,1
582,32,0
583,4,1
583,18,1
583,21,1
584,4,5
584,12,7
584,18,0
585,4,5
585,12,7
585,18,0
585,32,7
586,4,1
586,12,2
586,18,0
586,31,2
587,2,4
587,4,4
587,12,2
587,18,0
587,30,4
588,4,2
588,15,0
588,18,2
589,4,2
589,15,0
589,18,0
590,12,1
590,15,2
590,18,4
590,32,2
591,4,1
591,14,6
591,18,0
592,12,6
592,14,2
592,18,0
593,4,4
593,14,2
593,18,0
594,12,1
594,18,0
594,31,0
595,4,0
595,12,0
595,18,0
596,4,4
596,18,0
597,18,0
597,30,0
597,31,2
598,15,0
598,18,0
598,21,2
598,31,2
599,18,7
599,21,1
599,27,7
599,31,2
600,12,5
600,18,0
600,31,1
601,12,5
601,18,5
601,32,5
602,12,1
602,18,0
602,31,0
602,32,1
603,4,1
603,18,0
603,21,1
604,8,3
604,12,1
604,18,1
605,12,1
605,18,0
605,31,2
606,12,1
606,18,1
607,6,5
607,28,1
608,9,1
608,12,0
608,28,1
609,0,5
609,22,2
610,9,0
610,28,0
611,36,6
612,0,2
612,6,0
612,22,2
613,9,1
613,28,1
614,7,1
614,28,1
615,3,5
615,28,0
616,0,5
616,11,2
616,12,2
616,34,0
617,7,0
617,22,1
617,28,2
618,9,0
619,12,2
619,28,0
620,7,0
620,12,0
620,28,0
621,22,2
621,28,0
622,3,1
622,6,1
623,17,5
623,24,2
623,28,0
624,7,0
624,9,0
624,24,2
625,0,4
625,7,4
626,9,0
627,12,1
627,28,1
628,7,0
628,24,0
628,28,0
629,24,1
629,28,1
630,9,1
630,12,2
630,19,2
630,25,6
631,0,5
631,6,4
631,24,1
632,7,0
633,17,5
633,24,2
633,28,0
634,6,0
634,20,0
634,24,2
635,9,2
635,27,2
635,28,1
636,0,2
636,19,0
636,24,0
637,0,3
637,7,0
638,0,1
638,13,5
639,0,5
639,3,5
639,13,5
639,22,1
640,0,0
640,9,0
640,12,0
640,28,0
641,3,5
641,6,2
641,28,0
642,0,7
642,6,6
642,34,6
643,17,1
643,28,1
644,6,2
644,20,1
644,22,5
645,0,0
645,24,2
646,28,0
647,0,1
647,3,1
647,7,5
648,7,0
648,12,0
648,34,3
649,17,0
649,22,2
649,36,0
650,0,1
650,9,4
650,24,4
650,26,4
651,9,0
651,28,0
652,1,0
652,34,4
653,9,1
653,12,1
653,24,1
654,12,0
654,13,3
655,22,2
655,24,1
655,36,1
656,17,2
656,19,2
656,22,1
657,6,5
657,17,0
657,28,0
657,33,0
658,0,0
658,12,2
659,1,0
659,25,0
659,28,0
660,6,5
660,7,0
660,28,0
661,19,0
661,26,5
661,28,2
662,34,0
663,0,5
663,22,6
663,28,1
664,28,1
665,9,1
665,12,1
665,27,0
666,9,1
666,34,0
667,1,1
667,7,1
667,9,1
667,12,1
668,0,2
668,12,2
668,24,0
669,12,1
670,19,2
671,6,5
671,17,2
671,24,2
672,24,1
673,9,0
673,12,0
673,22,3
673,33,0
674,9,1
674,13,2
674,19,1
675,17,0
675,28,0
675,34,3
676,3,5
676,13,6
676,22,2
677,7,0
677,9,0
677,12,0
678,7,2
678,22,1
678,28,7
679,0,2
679,28,0
679,33,0
680,0,4
680,9,4
681,0,2
681,6,6
681,34,0
682,11,2
682,12,0
683,0,2
683,1,0
683,9,0
684,9,1
685,12,1
685,24,1
685,26,2
686,0,0
686,12,1
687,7,1
687,28,1
688,3,4
688,17,4
688,24,4
688,36,4
689,12,2
689,24,7
690,19,6
691,7,1
691,9,1
692,7,0
692,27,0
692,36,2
693,9,7
693,26,7
693,28,7
694,1,7
694,13,0
694,24,4
695,0,5
695,7,1
695,19,1
695,33,1
696,12,7
696,17,7
697,6,6
697,11,2
698,12,1
698,28,1
699,3,5
699,20,1
699,28,1
700,0,0
700,24,1
701,3,5
701,24,6
702,0,7
702,6,4
702,7,4
702,28,4
703,0,5
703,13,0
703,22,1
703,26,1
703,34,3
704,12,1
704,19,2
705,12,1
705,20,1
705,28,1
705,34,1
706,17,1
706,22,1
707,7,2
707,17,1
707,24,1
707,28,2
708,28,1
709,25,1
710,13,1
710,19,2
711,7,5
711,28,1
712,7,1
712,13,2
713,7,5
713,19,0
713,28,0
714,22,1
714,33,2
715,12,1
715,13,1
715,28,1
716,9,1
716,24,2
716,28,1
717,7,0
718,7,0
718,12,0
719,17,1
719,28,1
720,9,7
720,28,7
721,28,6
722,20,0
722,22,1
722,33,0
723,0,1
723,9,1
723,26,7
724,24,4
725,0,1
725,12,2
725,24,1
726,7,1
726,27,1
727,3,1
727,22,1
728,7,1
728,28,1
729,0,2
729,12,2
729,13,4
729,22,0
730,9,1
730,17,1
731,0,0
731,24,0
732,0,4
732,9,0
732,24,0
733,9,6
733,24,6
734,7,4
734,28,4
735,7,5
735,11,6
736,6,1
736,24,4
737,7,4
737,13,4
738,22,5
738,26,6
738,28,0
739,3,1
739,7,2
739,28,1
740,24,1
741,1,0
741,11,2
742,3,5
742,28,2
742,33,2
743,0,1
743,33,0
743,34,1
744,28,0
744,33,2
744,34,5
745,12,2
745,17,5
745,19,0
746,1,0
746,33,0
747,7,0
747,24,0
748,19,0
749,0,0
749,7,0
749,28,2
749,34,3
750,3,5
750,12,0
750,28,0
751,17,5
751,19,2
751,22,2
752,0,0
752,12,0
752,22,1
753,0,1
753,28,0
754,19,0
754,24,0
755,11,2
755,24,0
756,0,2
756,1,0
757,0,5
757,9,1
758,3,1
758,12,1
758,24,1
759,0,5
759,22,2
760,0,5
760,7,1
760,24,1
761,0,2
761,12,2
761,22,5
762,9,1
762,24,1
762,28,1
763,11,1
763,20,0
763,28,0
763,33,0
764,0,5
764,22,0
764,24,0
765,7,0
765,28,0
766,9,0
766,12,0
766,17,0
767,7,1
767,9,2
767,12,2
768,12,2
768,20,1
768,28,1
769,9,0
769,12,2
769,24,0
770,0,2
770,12,0
770,22,2
771,7,2
771,20,2
772,0,0
772,33,5
773,1,5
773,22,1
773,25,5
774,0,1
774,6,5
774,22,1
775,22,1
775,24,0
775,28,0
775,33,0
775,34,0
776,0,2
776,9,0
777,1,0
778,0,0
778,9,1
778,17,1
779,0,2
779,20,0
779,24,0
780,12,0
780,26,6
780,28,0
780,34,3
781,0,4
781,34,7
782,0,1
782,17,1
782,28,1
783,9,5
783,19,2
783,24,1
784,12,7
785,3,4
785,9,4
785,17,4
785,24,4
786,13,7
786,24,0
787,24,0
787,28,0
788,7,2
788,12,2
788,28,6
789,0,0
789,7,0
790,12,0
790,13,6
790,34,3
791,11,2
791,25,1
792,17,0
792,19,0
792,22,7
793,13,1
794,0,2
794,24,0
794,28,0
795,34,1
796,24,1
796,28,1
796,36,1
797,0,5
797,28,1
798,0,2
798,7,0
798,12,0
798,33,0
799,0,5
800,20,4
801,12,7
801,22,2
801,28,0
802,3,7
802,28,7
803,7,5
803,13,6
803,28,2
804,11,6
804,20,2
805,28,5
805,34,5
806,1,7
807,7,0
807,28,0
808,9,0
808,28,0
809,0,0
809,28,0
810,0,5
810,22,6
810,33,0
811,0,7
811,6,1
811,9,4
811,28,4
812,7,2
812,28,5
813,12,1
813,28,1
814,7,5
814,19,0
814,24,1
814,28,1
815,12,2
815,24,1
815,28,1
816,7,1
816,17,1
817,6,5
817,9,0
817,12,0
818,0,1
818,9,0
819,0,5
820,3,5
820,6,2
820,17,5
821,0,1
821,12,1
821,17,1
822,6,2
822,9,0
822,24,0
823,17,0
823,28,0
824,7,4
824,9,1
825,0,0
825,12,0
825,24,0
825,28,2
826,0,0
826,11,2
826,28,0
827,13,6
827,20,0
827,33,0
828,9,1
828,28,1
829,0,0
829,7,0
829,28,0
830,24,1
831,7,5
831,12,5
832,7,0
832,24,0
833,0,7
833,20,5
833,22,7
834,1,1
834,17,1
834,28,1
835,20,0
835,24,0
835,34,7
836,13,1
836,22,2
836,28,2
837,24,0
838,7,1
839,7,1
839,24,1
839,28,6
840,1,0
840,9,0
840,17,6
840,20,0
841,0,0
841,9,4
841,17,4
841,34,6
842,0,2
842,12,2
842,28,2
843,9,1
843,36,1
844,0,1
844,7,2
844,24,6
844,28,6
845,0,2
845,7,2
845,24,2
846,0,6
846,7,1
846,9,1
846,17,1
847,0,6
847,17,1
848,22,1
848,24,2
849,7,0
849,12,0
849,22,2
850,12,1
850,24,1
850,27,5
851,0,1
851,7,0
852,12,0
852,24,0
852,34,0
853,0,2
853,12,7
853,20,5
853,33,5
854,0,2
854,12,0
854,13,2
854,28,0
855,7,0
855,28,0
856,7,3
856,19,2
856,28,5
857,1,1
857,12,2
857,28,0
858,7,1
858,12,1
858,13,6
858,28,1
859,0,0
859,1,0
859,12,0
860,0,2
860,7,5
860,34,2
861,17,0
861,25,0
862,0,2
862,6,2
862,34,6
863,0,1
863,7,5
864,0,2
864,9,0
864,28,0
865,7,5
865,28,0
865,33,2
866,3,1
866,9,5
866,13,6
866,22,5
867,7,0
867,12,0
867,28,0
868,22,0
868,28,0
869,0,0
869,13,6
869,20,0
870,13,0
870,24,0
870,33,0
871,0,0
872,17,5
872,27,0
872,28,2
873,0,6
873,1,0
874,0,6
874,28,0
875,17,5
875,24,0
875,28,0
876,1,0
876,12,4
876,34,6
877,19,0
877,22,3
878,0,3
878,7,5
878,28,0
879,9,0
880,12,1
880,17,1
880,20,1
880,33,1
881,7,0
881,12,0
881,17,5
882,0,2
882,9,3
882,19,3
883,13,5
883,24,0
884,33,1
885,7,0
885,12,0
885,28,0
886,0,0
886,3,5
886,12,0
886,28,0
887,0,2
887,3,5
887,34,5
888,12,0
888,24,2
888,28,0
889,0,4
889,13,3
889,22,2
889,28,1
890,9,0
890,25,0
890,28,0
890,36,2
891,12,5
891,17,0
891,25,0
892,1,0
892,20,0
892,24,0
893,0,7
893,28,1
894,0,0
894,9,0
895,1,0
895,17,0
895,27,0
896,7,4
896,24,0
896,28,0
897,12,1
897,24,1
898,0,3
898,24,1
898,34,5
899,0,1
899,24,1
900,0,1
900,13,5
901,3,5
901,7,0
901,12,0
902,20,1
903,0,4
903,17,4
903,22,4
904,7,5
904,24,2
904,28,0
905,0,5
905,24,0
905,28,2
906,0,5
906,33,5
907,20,1
907,24,2
907,28,1
908,7,1
909,17,0
909,28,0
910,7,0
910,22,0
910,28,0
911,0,0
911,17,5
911,28,0
912,7,0
912,9,0
912,24,0
912,27,0
913,12,0
914,3,5
914,6,5
915,9,5
915,12,1
915,17,5
915,19,2
916,0,2
916,6,2
917,0,2
917,33,5
918,0,2
918,13,0
919,7,0
919,33,0
920,3,5
920,22,0
921,0,1
921,6,1
921,20,1
921,22,1
921,24,1
922,7,1
922,12,1
922,17,1
923,7,0
923,17,5
923,25,0
924,0,4
924,9,4
924,28,4
925,17,4
926,17,6
927,7,1
927,20,1
928,12,0
928,22,0
928,33,0
929,28,1
929,33,5
930,0,0
930,25,0
931,12,0
931,26,1
932,7,4
932,28,4
933,7,2
933,12,3
933,17,3
934,7,0
934,28,0
935,7,0
935,12,0
936,0,0
936,6,2
936,11,2
937,12,0
937,17,0
938,0,1
938,13,1
939,0,0
939,9,0
940,12,1
940,17,1
940,19,2
941,36,0
942,7,1
942,22,0
943,0,2
943,7,5
943,26,2
943,28,1
944,7,0
944,28,0
945,0,0
945,3,5
946,1,0
946,34,6
947,1,0
947,20,0
948,9,1
948,33,1
949,28,1
950,17,0
950,28,0
951,7,2
951,12,0
952,9,0
952,24,0
952,28,2
953,0,2
953,20,0
953,28,0
954,12,0
954,22,2
955,7,1
955,12,1
956,28,1
957,0,6
957,3,5
957,19,0
958,24,0
958,25,2
958,36,0
959,0,2
959,7,2
959,17,2
959,34,6
960,0,1
960,9,2
960,12,0
960,28,0
961,7,0
961,9,0
962,24,0
962,27,0
963,9,1
963,17,1
964,11,1
964,24,1
965,17,5
965,26,6
965,28,0
966,0,0
966,6,5
966,12,0
967,20,0
967,22,2
968,7,1
968,20,1
968,33,1
969,9,1
969,19,2
970,0,1
970,7,1
970,19,2
970,28,1
971,1,0
971,3,5
972,3,5
972,12,0
972,28,0
973,7,0
973,33,0
974,9,0
974,12,0
974,28,0
975,0,5
976,7,0
976,28,0
977,9,0
977,24,2
977,28,0
978,7,1
978,24,1
978,34,0
979,1,0
979,28,0
980,26,1
980,28,2
980,33,0
981,0,5
981,9,5
981,12,1
982,0,4
982,3,4
983,19,0
983,27,0
984,12,0
984,22,7
985,0,5
985,12,0
985,25,0
986,17,5
986,24,0
986,28,0
987,3,5
987,13,2
987,17,5
987,22,2
988,9,0
988,12,0
988,28,0
989,0,2
989,7,0
989,22,2
990,7,0
990,22,6
991,7,1
991,17,1
991,24,1
992,28,0
992,36,2
993,9,0
993,17,5
993,28,0
994,13,5
994,26,5
994,28,0
995,0,0
995,17,0
995,28,0
996,36,1
997,0,1
997,9,1
997,33,1
998,3,5
998,7,0
998,28,2
999,0,7
999,17,3
999,28,1
1000,12,0
1000,17,0
1000,24,0
1001,0,4
1001,24,1
1002,7,0
1002,12,2
1003,7,0
1003,9,0
1003,28,0
1004,0,5
1004,22,1
1005,9,0
1005,24,0
1005,28,0
1006,0,5
1006,6,2
1006,22,2
1007,12,1
1007,24,1
1008,13,0
1008,20,1
1008,26,1
1008,33,2
1009,17,1
1009,20,1
1009,22,2
1009,28,1
1010,7,0
1010,12,0
1010,28,0
1011,3,1
1012,1,0
1012,7,0
1012,9,0
1012,12,0
1013,0,2
1013,24,0
1014,0,0
1015,0,1
1015,28,5
1016,13,5
1016,24,2
1017,17,0
1018,9,0
1018,12,2
1019,12,0
1019,26,5
1019,28,0
1020,7,0
1020,24,0
1021,9,1
1021,24,1
1022,0,2
1022,7,0
1022,28,0
1023,17,5
1023,20,0
1024,0,6
1024,28,2
1024,33,0
1025,7,0
1025,9,0
1026,3,6
1026,20,0
1026,22,2
1026,33,0
1027,17,1
1027,24,1
1028,0,0
1028,34,3
1029,9,2
1029,28,2
1030,1,0
1030,7,0
1030,28,0
1031,3,1
1031,24,1
1032,6,5
1032,24,0
1032,33,0
1033,7,0
1034,24,0
1034,33,0
1035,28,0
1035,36,0
1036,20,1
1037,0,2
1037,17,0
1038,7,0
1038,11,2
1038,17,0
1038,20,0
1039,0,7
1039,12,1
1039,28,1
1040,9,1
1040,12,1
1040,17,1
1041,11,2
1041,17,0
1041,22,2
1042,17,0
1042,36,0
1043,17,0
1043,28,0
1044,7,7
1044,12,7
1045,9,0
1045,17,0
1046,3,5
1046,7,0
1046,22,2
1046,28,0
1047,6,1
1047,28,2
1048,6,2
1048,12,0
1048,24,0
1049,3,5
1049,20,1
1049,22,1
1050,27,0
1050,28,0
1051,24,1
1051,28,1
1052,1,1
1052,3,1
1053,0,1
1053,22,2
1053,24,1
1054,0,5
1054,9,0
1054,28,0
1055,3,5
1055,6,2
1055,9,0
1055,28,0
1056,0,2
1057,7,0
1057,24,0
1057,28,0
1058,0,1
1058,6,6
1058,12,0
1059,0,0
1059,3,5
1059,22,0
1060,7,1
1060,9,1
1060,17,1
1060,28,1
1061,7,0
1061,12,0
1061,13,5
1061,28,0
1062,0,7
1062,22,2
1062,28,1
1063,13,5
1063,33,1
1064,0,2
1064,9,0
1064,22,6
1065,3,5
1065,7,2
1065,19,0
1066,9,0
1066,20,0
1067,9,1
1067,13,2
1068,24,0
1068,28,0
1069,0,5
1069,12,0
1069,24,1
1069,34,2
1070,0,0
1070,3,5
1070,33,0
1071,12,0
1071,19,0
1072,0,6
1072,6,6
1072,7,2
1072,28,2
1073,0,1
1073,1,1
1074,1,7
1074,6,5
1075,0,1
1075,22,0
1075,28,0
1076,0,3
1076,24,7
1077,0,1
1077,33,0
1078,7,5
1078,12,0
1078,25,0
1079,0,0
1079,12,0
1079,20,0
1080,9,0
1080,12,0
1081,0,2
1081,22,6
1081,33,2
1082,7,5
1082,22,5
1082,28,5
1083,27,0
1083,28,0
1083,36,0
1084,1,0
1084,9,0
1084,20,0
1085,1,0
1085,3,5
1085,19,0
1086,17,5
1086,24,1
1087,0,7
1087,33,0
1087,34,4
1088,0,5
1088,25,1
1088,28,1
1089,7,2
1089,12,2
1089,27,6
1089,28,6
1090,15,1
1090,18,0
1090,23,1
1090,29,1
1091,9,4
1091,28,4
1091,36,4
1092,15,4
1092,18,4
1092,31,5
1093,4,5
1093,18,1
1093,32,2
1094,12,4
1094,18,0
1095,2,1
1095,4,7
1095,18,0
1095,27,1
1095,29,1
1096,12,1
1096,18,1
1096,30,1
1097,7,7
1097,12,7
1098,10,6
1098,18,1
1098,30,1
1099,18,1
1099,29,1
1099,31,0
1100,0,6
1100,7,0
1100,28,0
1101,10,6
1101,16,0
1101,18,0
1102,12,1
1102,18,1
1102,31,0
1103,12,0
1103,24,0
1104,15,0
1104,29,0
1105,1,1
1105,4,1
1105,18,0
1105,32,1
1106,17,5
1107,4,0
1107,27,0
1107,29,0
1107,35,0
1108,7,0
1108,28,0
1109,0,1
1109,7,1
1109,13,2
1110,17,0
1110,28,0
1110,36,0
1111,18,0
1111,30,0
1111,31,2
1112,4,0
1112,12,0
1112,15,0
1112,18,0
1113,1,0
1113,19,0
1113,24,0
1114,1,0
1114,18,0
1114,27,0
1114,31,2
1115,12,1
1115,15,1
1115,16,2
1115,18,0
1116,4,0
1116,5,0
1116,18,0
1117,4,1
1117,18,1
1117,21,1
1117,31,1
1118,7,1
1118,12,1
1119,18,0
1120,12,2
1120,15,1
1120,18,1
1120,27,1
1120,31,0
1121,4,0
1121,8,0
1121,12,0
1121,18,0
1121,35,0
1122,16,0
1122,18,0
1122,30,0
1122,31,2
1123,4,5
1123,18,0
1123,31,0
1124,34,1
1125,4,1
1125,12,0
1125,18,1
1125,32,0
1126,1,5
1126,18,1
1126,29,5
1126,31,5
1127,12,2
1127,19,0
1127,24,2
1127,28,0
1128,4,0
1128,18,0
1128,31,5
1129,13,5
1129,24,1
1130,1,4
1130,4,4
1130,32,4
1131,12,1
1131,18,0
1131,32,1
1132,7,0
1132,9,0
1132,12,0
1132,28,0
1133,4,6
1133,18,4
1133,31,2
1133,32,0
1134,4,1
1134,8,0
1134,18,1
1134,31,0
1135,4,1
1135,14,0
1135,18,0
1136,12,5
1136,14,0
1136,18,0
1136,23,2
1137,5,0
1137,18,1
1138,18,0
1138,27,0
1139,7,4
1139,28,4
1140,1,0
1140,4,0
1140,18,0
1140,27,0
1140,32,0
1141,4,0
1141,12,0
1141,18,0
1142,1,2
1142,17,2
1142,24,5
1143,4,5
1143,12,0
1143,14,2
1143,18,5
1144,0,2
1144,9,0
1144,12,1
1144,28,2
1145,4,0
1145,12,5
1145,18,0
1145,37,2
1146,4,0
1146,14,1
1146,18,0
1147,1,2
1147,13,1
1147,17,2
1147,24,5
1148,6,1
1148,7,0
1148,33,2
1149,1,0
1149,18,0
1150,24,6
1150,27,5
1150,28,6
1151,0,0
1151,12,0
1151,22,2
1152,18,0
1152,30,3
1152,32,0
1153,7,0
1153,28,0
1154,18,1
1154,21,4
1154,31,5
1155,4,2
1155,12,1
1155,18,0
1156,1,5
1156,11,5
1157,18,0
1157,31,2
1158,0,3
1158,11,5
1159,4,5
1159,16,5
1159,18,5
1159,19,5
1160,18,2
1160,31,2
1160,32,2
1161,12,2
1161,17,6
1161,28,1
1162,1,6
1162,12,6
1162,18,0
1163,4,6
1163,18,1
1163,31,2
1163,32,6
1164,12,1
1164,18,0
1164,21,5
1164,31,0
1165,12,1
1165,28,0
1166,0,1
1166,24,0
1166,28,0
1167,1,0
1167,24,0
1168,12,5
1168,15,2
1168,18,2
1168,31,5
1169,0,5
1169,12,1
1169,24,1
1169,25,1
1169,28,1
1170,12,0
1170,17,0
1171,18,0
1171,21,0
1172,9,0
1172,28,0
1173,22,5
1173,24,5
1174,4,1
1174,18,1
1175,9,0
1175,28,0
1176,4,0
1176,16,0
1176,18,4
1177,0,6
1177,24,0
1177,28,0
1178,4,1
1178,18,1
1178,29,1
1178,31,1
1179,12,6
1179,18,2
1180,5,2
1180,27,0
1180,29,0
1181,12,1
1181,18,1
1181,31,2
1182,0,5
1182,22,1
1183,12,1
1183,16,0
1183,18,0
1183,27,1
1184,12,0
1184,18,0
1184,36,0
1185,24,2
1185,25,2
1185,27,5
1186,4,0
1186,18,0
1186,31,5
1187,4,0
1187,18,0
1187,30,0
1187,32,2
1188,12,5
1188,18,1
1188,31,1
1189,0,2
1189,3,5
1189,6,5
1190,4,1
1190,15,1
1190,18,1
1190,36,1
1191,18,0
1191,21,0
1191,31,5
1191,37,1
1192,18,0
1192,27,0
1192,31,0
1193,2,0
1193,5,0
1193,18,0
1193,29,0
1194,2,1
1194,18,1
1194,32,1
1195,0,2
1195,4,4
1195,12,6
1195,18,2
1195,32,2
1196,0,0
1196,24,0
1197,24,2
1197,28,2
1198,1,7
1198,16,0
1198,18,0
1198,32,0
1199,4,0
1199,12,0
1199,18,0
1199,32,0
1200,12,1
1200,24,1
1201,2,0
1201,4,7
1201,23,7
1201,32,7
1202,12,0
1202,22,2
1202,24,0
1203,12,6
1203,18,2
1203,31,1
1204,16,0
1204,18,0
1204,30,0
1204,32,0
1205,7,0
1205,9,0
1205,24,0
1206,1,1
1206,4,1
1206,12,1
1206,18,1
1207,24,0
1207,34,0
1208,4,1
1208,18,1
1208,21,1
1208,32,1
1209,4,1
1209,18,1
1209,30,1
1209,32,2
1209,36,1
1210,0,1
1210,12,0
1210,20,0
1210,24,0
1210,28,0
1211,18,1
1211,31,0
1212,22,2
1212,24,0
1212,33,0
1213,16,4
1213,18,6
1213,27,6
1213,32,6
1214,4,0
1214,18,0
1214,31,2
1214,37,0
1215,0,1
1215,24,1
1216,2,0
1216,4,0
1216,18,0
1216,29,0
1217,1,0
1217,11,2
1217,13,2
1217,24,2
1218,12,0
1218,18,1
1218,27,1
1218,31,0
1219,7,4
1219,9,5
1219,28,1
1220,2,0
1220,4,0
1220,16,0
1220,18,0
1221,1,0
1221,3,5
1221,24,2
1222,17,1
1222,25,1
1222,28,1
1223,1,1
1223,4,1
1223,18,0
1223,32,0
1224,0,5
1224,22,2
1224,33,0
1225,4,1
1225,18,1
1225,31,2
1226,4,0
1226,18,0
1226,32,0
1227,3,1
1227,28,1
1228,12,1
1228,15,1
1228,18,0
1229,22,4
1230,12,0
1230,18,2
1231,2,6
1231,15,1
1231,18,0
1231,31,2
1232,6,5
1232,9,0
1233,13,2
1233,20,2
1233,22,2
1233,24,2
1234,4,0
1234,18,0
1234,32,0
1235,12,0
1235,18,0
1236,4,0
1236,15,2
1236,18,0
1236,27,0
1236,32,0
1237,15,2
1237,18,0
1237,31,0
1237,32,4
1238,4,0
1238,12,0
1238,15,0
1238,18,0
1238,27,0
1239,12,1
1239,24,1
1240,0,4
1240,12,1
1240,22,1
1241,18,0
1241,21,0
1242,9,0
1242,12,0
1242,33,0
1243,18,0
1243,23,0
1243,31,0
1244,15,1
1244,18,0
1244,30,1
1245,4,2
1245,16,0
1245,18,0
1245,27,0
1246,4,1
1246,18,1
1247,18,0
1247,31,2
1248,1,4
1248,12,7
1248,33,5
1248,34,2
1249,1,1
1249,18,0
1249,31,0
1250,1,4
1250,19,4
1251,2,0
1251,12,6
1251,18,2
1251,31,2
1252,4,1
1252,15,1
1252,18,1
1252,31,2
1253,4,7
1253,12,1
1253,18,2
1253,32,1
1254,12,0
1254,16,0
1254,30,5
1255,12,7
1255,18,7
1255,30,0
1255,32,7
1256,12,0
1256,18,1
1256,32,0
1257,18,4
1257,31,0
1258,1,6
1258,18,1
1258,32,6
1259,7,3
1259,12,0
1260,4,0
1260,12,0
1260,16,0
1260,18,0
1261,12,2
1261,18,0
1261,23,1
1262,1,1
1262,12,2
1262,18,1
1262,21,1
1262,31,2
1263,3,5
1264,14,2
1264,18,0
1264,21,1
1264,31,0
1265,4,1
1265,15,1
1265,16,0
1265,18,0
1265,32,1
1266,12,6
1266,27,0
1266,32,6
1266,34,4
1267,18,0
1267,21,0
1267,31,2
1268,18,0
1268,31,2
1269,18,1
1269,21,1
1270,7,0
1270,27,4
1270,36,0
1271,2,0
1271,4,0
1271,18,0
1271,30,1
1272,12,0
1272,28,0
1273,4,1
1273,18,1
1273,32,1
1274,4,1
1274,18,0
1274,21,1
1275,2,0
1275,12,1
1275,18,0
1275,29,0
1275,32,2
1276,13,6
1276,22,2
1276,24,0
1277,1,5
1277,18,0
1277,30,5
1277,31,2
1278,2,0
1278,4,1
1278,30,1
1279,7,4
1279,12,4
1280,4,5
1280,18,5
1280,30,0
1281,3,5
1281,7,0
1281,19,2
1282,4,1
1282,18,2
1283,0,2
1283,26,5
1284,18,0
1284,31,0
1284,32,4
1285,7,0
1285,12,0
1285,24,0
1286,10,6
1286,18,0
1287,12,0
1287,18,0
1288,3,7
1288,12,7
1288,33,7
1289,7,0
1289,9,0
1290,12,1
1290,13,5
1290,34,6
1291,4,1
1291,18,0
1291,31,2
1292,12,5
1292,18,0
1293,12,0
1293,18,2
1293,31,2
1294,1,0
1294,7,0
1294,28,0
1295,1,1
1295,12,1
1295,18,1
1296,14,1
1296,18,0
1297,1,0
1297,9,0
1297,12,0
1298,2,0
1298,10,4
1298,12,6
1298,18,2
1298,29,6
1299,4,0
1299,18,0
1299,32,2
1300,4,5
1300,8,5
1300,12,0
1300,18,0
1301,0,0
1301,11,2
1301,28,0
1302,4,0
1302,18,0
1303,9,0
1303,17,0
1303,28,0
1304,18,0
1304,21,0
1304,30,1
1305,7,2
1305,28,2
1305,36,2
1306,0,1
1306,17,1
1306,28,1
1307,2,5
1307,12,5
1307,18,0
1307,32,2
1308,9,2
1308,25,2
1309,4,5
1309,12,0
1309,18,5
1309,31,0
1310,17,1
1311,0,0
1311,22,2
1311,26,2
1312,18,0
1312,21,2
1312,31,0
1313,5,0
1313,12,5
1313,16,1
1313,18,1
1313,27,1
1314,0,2
1314,33,0
1315,4,1
1315,12,2
1315,18,1
1316,18,0
1316,31,2
1316,32,2
1317,24,1
1317,34,3
1318,18,0
1318,27,0
1318,29,0
1318,30,0
1319,2,0
1319,4,0
1319,18,0
1320,18,0
1320,31,2
1320,37,0
1321,15,0
1321,18,0
1321,31,0
1321,32,2
1322,12,0
1322,28,0
1323,0,2
1324,1,0
1324,29,0
1324,30,0
1324,36,0
1325,12,4
1325,18,4
1326,7,2
1326,12,2
1326,28,2
1327,12,1
1328,12,4
1328,15,2
1328,18,4
1328,31,4
1328,32,7
1329,3,5
1329,12,0
1329,24,2
1330,4,0
1330,18,4
1331,7,2
1331,9,2
1331,24,2
1332,4,5
1332,12,7
1332,18,7
1332,31,5
1333,12,0
1333,18,0
1333,31,0
1333,32,0
1334,4,0
1334,18,0
1334,27,0
1335,18,0
1335,21,1
1335,31,2
1336,6,5
1337,4,7
1337,18,7
1337,31,2
1338,1,0
1338,24,2
1338,33,0
1339,4,1
1339,12,1
1339,18,1
1339,31,1
1340,12,1
1340,28,1
1341,15,0
1341,18,1
1341,21,1
1342,12,0
1342,15,2
1342,16,0
1342,18,2
1343,4,0
1343,12,0
1343,18,0
1344,12,0
1344,18,0
1344,30,5
1344,32,0
1345,1,1
1345,22,1
1346,7,0
1346,17,5
1346,28,0
1347,0,2
1347,20,0
1348,8,1
1348,12,2
1348,18,0
1348,30,0
1348,32,2
1349,0,2
1349,20,1
1349,26,7
1350,18,4
1350,31,0
1350,32,0
1351,18,0
1351,23,0
1351,27,0
1351,29,0
1351,32,2
1352,7,0
1352,9,0
1352,12,0
1353,12,0
1353,28,0
1353,36,0
1354,4,0
1354,14,5
1354,18,0
1355,1,0
1355,2,0
1355,18,0
1355,31,2
1356,0,1
1356,6,1
1357,4,1
1357,12,1
1357,18,0
1358,18,1
1358,32,2
1359,4,1
1359,18,0
1359,23,0
1359,32,2
1360,0,1
1360,22,6
1360,34,0
1361,4,0
1361,15,0
1361,18,0
1361,30,0
1362,7,5
1363,1,0
1363,22,1
1363,24,0
1363,25,0
1364,12,6
1364,32,2
1365,4,6
1365,18,0
1365,32,2
1366,4,5
1366,12,1
1366,18,5
1366,31,5
1367,4,0
1367,16,0
1367,18,0
1367,23,2
1367,36,0
1368,0,0
1368,12,2
1368,13,1
1369,0,5
1369,24,2
1370,12,1
1370,15,2
1370,18,0
1371,25,2
1371,28,1
1372,15,0
1372,18,0
1372,21,2
1373,12,0
1373,15,2
1373,18,0
1373,31,2
1374,4,0
1374,18,4
1374,29,4
1375,0,5
1375,7,2
1375,28,0
1376,4,0
1376,12,0
1376,18,0
1377,17,1
1377,24,1
1378,18,0
1378,31,0
1378,32,0
1379,12,0
1379,13,7
1379,34,3
1380,4,1
1380,12,1
1380,14,6
1380,18,1
1380,31,2
1381,7,0
1381,11,2
1382,12,1
1382,15,0
1382,18,0
1382,30,0
1383,12,1
1383,18,0
1383,27,0
1383,31,2
1384,18,0
1384,29,5
1384,30,5
1384,32,3
1385,0,1
1385,9,5
1385,22,5
1386,1,7
1386,4,7
1386,15,7
1386,18,7
1386,23,7
1387,4,1
1387,12,1
1387,18,1
1388,7,1
1388,12,1
1389,5,2
1389,16,6
1389,30,2
1389,32,2
1390,18,0
1390,21,0
1390,31,0
1390,32,0
1391,4,0
1391,10,6
1391,18,0
1392,12,0
1392,18,0
1392,31,0
1393,18,0
1393,21,2
1393,31,2
1394,0,3
1394,17,6
1394,28,2
1395,16,1
1395,18,1
1395,27,1
1395,30,1
1396,1,5
1396,4,5
1396,12,5
1396,18,0
1396,32,5
1397,6,5
1397,12,0
1398,12,2
1398,18,0
1398,32,2
1399,0,5
1399,13,2
1399,20,0
1399,28,2
1400,0,5
1400,3,5
1400,6,0
1401,12,3
1401,18,0
1401,37,0
1402,20,1
1402,34,4
1403,0,1
1403,7,2
1403,28,5
1404,8,0
1404,18,0
1404,31,0
1405,4,0
1405,12,2
1405,18,0
1405,31,2
1406,0,0
1406,34,3
1407,4,1
1407,12,5
1407,18,2
1407,31,2
1408,12,2
1408,16,1
1408,18,1
1409,0,3
1409,1,0
1409,7,0
1409,22,3
1410,4,0
1410,12,2
1410,18,0
1410,37,5
1411,17,0
1411,28,0
1411,36,0
1412,12,1
1412,28,1
1413,4,2
1413,18,2
1414,0,4
1414,36,0
1415,9,0
1415,28,0
1416,2,0
1416,4,1
1416,18,1
1416,32,2
1417,14,2
1417,18,2
1417,31,5
1418,12,1
1418,15,2
1418,18,2
1418,30,2
1419,15,1
1419,18,5
1420,7,1
1420,9,2
1421,5,0
1421,18,0
1421,37,2
1422,1,0
1422,5,0
1422,18,0
1422,30,5
1422,36,2
1423,12,5
1423,14,5
1423,18,5
1424,9,0
1424,24,0
1425,7,5
1426,4,1
1426,14,2
1426,18,0
1427,12,2
1427,24,1
1428,0,2
1428,12,2
1428,22,1
1428,28,2
1429,1,0
1429,12,0
1429,18,4
1429,32,0
1430,4,5
1430,10,5
1430,16,5
1431,3,5
1431,12,5
1431,22,1
1431,36,2
1432,1,5
1432,5,5
1432,16,5
1432,18,5
1433,12,0
1433,18,2
1434,18,0
1434,31,5
1435,24,6
1435,33,2
1436,12,1
1436,18,0
1436,27,1
1437,19,2
1437,28,1
1438,4,0
1438,18,0
1438,21,0
1438,31,2
1439,4,0
1439,18,0
1440,12,1
1440,17,1
1440,28,2
1441,4,1
1441,12,0
1441,15,1
1441,18,0
1441,32,2
1442,4,1
1442,18,1
1442,21,1
1442,27,1
1443,18,0
1443,27,0
1443,29,4
1443,30,0
1443,32,4
1444,9,1
1444,12,1
1444,24,1
1445,0,0
1445,7,0
1445,28,0
1446,4,1
1446,14,1
1446,18,0
1447,4,0
1447,12,2
1447,16,0
1447,18,0
1447,29,0
1448,12,0
1448,15,0
1448,18,0
1448,30,0
1448,35,0
1449,2,0
1449,8,2
1449,15,0
1449,18,1
1450,18,0
1450,31,5
1450,32,0
1451,4,0
1451,12,4
1451,18,4
1451,31,2
1452,4,1
1452,12,0
1452,18,0
1452,29,1
1452,31,2
1453,12,2
1453,18,0
1453,27,0
1453,31,2
1453,37,0
1454,4,1
1454,12,0
1454,15,1
1454,18,0
1455,9,0
1455,17,0
1455,28,0
1455,36,0
1456,14,1
1456,18,0
1456,21,1
1457,0,2
1457,26,2
1458,12,0
1458,18,1
1458,21,1
1459,1,1
1459,18,1
1460,2,2
1460,4,0
1460,16,0
1460,18,0
1461,15,6
1461,18,4
1461,31,0
1462,2,5
1462,15,0
1462,16,0
1462,18,0
1462,27,0
1463,9,2
1463,12,1
1463,28,1
1464,15,0
1464,18,4
1465,4,1
1465,18,0
1465,21,1
1466,0,6
1466,3,5
1466,20,0
1466,24,0
1466,34,5
1467,4,3
1467,18,5
1467,29,5
1467,30,3
1468,13,0
1468,20,5
1469,7,1
1469,9,1
1470,4,0
1470,18,0
1470,31,2
1470,32,0
1471,7,5
1471,17,5
1471,28,0
1472,1,1
1472,4,1
1472,18,0
1472,29,1
1472,35,1
1473,4,1
1473,18,2
1473,31,1
1473,32,1
1474,9,0
1474,17,0
1474,24,0
1475,12,0
1475,18,0
1475,21,2
1476,0,5
1476,24,1
1477,18,4
1477,27,4
1477,30,4
1477,32,0
1478,4,1
1478,18,1
1478,32,0
1479,0,4
1479,28,1
1480,12,1
1480,18,1
1481,12,2
1481,18,0
1481,31,1
1482,28,5
1482,34,1
1483,7,5
1483,17,2
1484,4,1
1484,15,1
1484,18,1
1485,3,5
1485,22,1
1486,4,1
1486,18,1
1486,37,2
1487,0,0
1487,22,1
1488,26,7
1489,18,0
1489,27,0
1489,31,4
1490,0,2
1490,20,0
1490,27,5
1491,12,0
1491,24,0
1492,0,5
1492,1,0
1493,12,6
1493,18,2
1493,31,0
1494,7,5
1494,15,0
1494,18,0
1494,32,0
1495,20,2
1495,22,2
1496,14,0
1496,18,0
1497,22,2
1498,12,1
1498,18,0
1498,21,7
1499,4,2
1499,18,0
1499,27,0
1499,32,2
1500,12,2
1500,18,5
1501,12,0
1501,18,0
1501,27,0
1501,30,2
1501,32,0
1502,2,0
1502,18,5
1502,32,0
1503,12,1
1503,18,0
1504,12,0
1504,15,6
1504,18,0
1505,4,1
1505,18,0
1505,31,5
1506,20,2
1506,22,2
1507,2,5
1507,4,1
1507,18,0
1507,30,1
1508,4,0
1508,12,0
1508,18,0
1508,21,0
1509,19,5
1509,20,5
1509,24,5
1510,1,0
1510,18,0
1511,12,0
1511,18,0
1511,32,0
1512,18,1
1512,27,0
1512,31,0
1513,9,5
1514,1,4
1514,27,1
1514,32,1
1515,9,0
1515,12,0
1516,12,0
1516,15,1
1516,18,0
1516,31,0
1517,4,0
1517,15,5
1517,18,0
1517,31,4
1518,7,0
1518,9,0
1519,24,0
1519,28,0
1520,12,0
1520,18,0
1520,32,0
1521,12,7
1521,18,0
1521,31,4
1521,32,7
1522,1,0
1522,17,5
1522,28,0
1523,4,1
1523,12,0
1523,18,1
1523,30,1
1524,1,2
1524,9,2
1525,4,1
1525,12,1
1525,18,0
1526,24,4
1527,4,1
1527,18,1
1528,26,5
1529,0,5
1529,24,1
1529,33,1
1530,4,1
1530,15,2
1530,18,0
1530,29,1
1531,28,0
1531,36,0
1532,18,0
1532,21,7
1532,31,5
1533,0,1
1533,12,5
1533,28,5
1534,2,0
1534,12,0
1534,18,0
1535,18,0
1535,31,2
1536,9,5
1536,28,5
1537,0,1
1537,3,5
1538,0,2
1538,3,5
1538,24,0
1539,4,1
1539,12,1
1539,18,1
1540,12,4
1540,22,2
1541,18,0
1541,31,2
1541,32,0
1541,35,1
1542,4,1
1542,18,1
1542,31,5
1543,18,0
1544,1,5
1544,4,5
1544,12,5
1544,18,5
1545,4,1
1545,12,0
1545,18,0
1546,0,0
1546,6,5
1547,0,0
1547,3,5
1547,6,5
1547,12,0
1548,14,0
1548,15,0
1548,18,1
1549,4,0
1549,18,0
1549,31,0
1549,37,0
1550,7,5
1550,12,2
1550,17,5
1550,19,0
1551,4,4
1551,15,0
1551,18,4
1551,30,0
1552,13,5
1552,25,5
1553,1,6
1553,33,7
1554,12,0
1554,17,0
1555,12,7
1555,18,0
1555,27,1
1556,3,1
1556,9,1
1557,4,1
1557,18,1
1557,31,2
1558,0,0
1558,26,2
1558,28,0
1559,12,0
1559,28,0
1560,18,0
1560,32,2
1561,9,0
1561,12,0
1561,17,5
1561,28,0
1562,18,2
1562,31,5
1562,32,5
1563,12,1
1563,18,0
1564,0,0
1564,19,0
1564,28,0
1565,4,1
1565,12,1
1565,18,1
1566,7,0
1566,17,0
1566,28,0
1567,9,0
1567,28,0
1568,12,5
1568,18,0
1568,31,2
1568,32,5
1569,4,1
1569,18,1
1570,33,0
1571,1,0
1571,18,0
1571,23,2
1571,30,0
1572,18,0
1572,21,1
1572,27,0
1572,31,0
1573,22,5
1573,28,1
1574,7,4
1574,12,0
1575,9,0
1576,15,2
1576,18,0
1577,12,0
1577,18,0
1578,8,0
1578,12,0
1578,18,0
1578,27,0
1578,32,0
1579,7,5
1579,34,7
1580,12,2
1580,13,2
1580,20,1
1581,4,1
1581,18,0
1581,31,0
1582,4,7
1582,18,7
1582,31,2
1583,12,1
1583,13,2
1583,20,1
1583,22,1
1584,7,2
1584,12,3
1584,28,2
1585,18,1
1585,31,1
1585,32,1
1586,4,0
1586,5,0
1586,16,3
1586,18,0
1586,32,0
1587,19,0
1587,28,5
1588,2,0
1588,15,1
1588,18,0
1588,32,5
1589,12,2
1589,15,0
1589,18,0
1590,4,1
1590,8,1
1590,18,0
1590,32,0
1591,7,2
1591,28,1
1592,24,1
1593,18,0
1593,31,2
1593,32,0
1594,18,4
1594,31,2
1595,0,6
1595,22,6
1596,4,2
1596,18,0
1596,27,0
1597,0,2
1597,28,1
1598,1,1
1598,4,1
1598,18,0
1598,30,1
1598,32,1
1599,12,2
1599,18,0
1599,21,2
1600,0,7
1600,3,0
1600,12,0
1600,34,6
1601,9,1
1601,17,1
1602,4,1
1602,10,2
1602,15,1
1602,18,1
1603,4,0
1603,12,0
1603,18,0
1604,3,5
1604,9,0
1604,24,0
1605,3,5
1605,17,5
1605,36,0
1606,4,1
1606,18,1
1606,31,0
1607,12,1
1607,28,1
1608,1,1
1608,18,5
1608,32,5
1609,4,2
1609,15,0
1609,18,2
1610,22,2
1611,15,2
1611,18,2
1611,21,2
1612,4,0
1612,30,0
1612,32,2
1613,12,1
1613,33,1
1614,12,4
1614,15,2
1614,18,0
1614,31,0
1615,17,1
1615,28,1
1615,36,1
1616,1,0
1616,4,0
1616,18,0
1616,29,0
1617,7,0
1617,22,2
1617,28,0
1618,12,0
1619,2,0
1619,4,6
1619,18,2
1619,36,6
1620,1,1
1620,28,1
1621,0,0
1621,13,2
1621,24,0
1622,15,0
1622,18,0
1623,24,2
1623,28,0
1623,36,2
1624,0,5
1624,24,2
1624,28,0
1625,9,4
1625,19,0
1626,5,0
1626,18,0
1626,29,0
1626,30,0
1626,32,0
1627,4,0
1627,18,0
1627,31,0
1628,4,1
1628,8,1
1628,12,1
1628,18,1
1629,3,1
1629,20,1
1630,12,0
1630,22,1
1630,33,0
1631,0,2
1631,6,6
1631,20,6
1631,33,6
1632,18,0
1632,32,2
1633,12,6
1633,22,6
1634,0,4
1634,13,2
1634,27,0
1635,8,0
1635,15,1
1635,18,0
1635,32,0
1636,6,5
1636,13,2
1636,33,5
1637,0,5
1637,12,1
1638,7,2
1638,28,6
1639,4,0
1639,12,0
1639,18,0
1639,31,0
1640,2,2
1640,4,1
1640,18,0
1640,32,0
1641,0,2
1641,22,2
1642,12,0
1643,28,1
1644,2,0
1644,4,7
1644,18,0
1645,4,6
1645,18,2
1646,12,2
1646,28,1
1647,4,1
1647,18,0
1648,12,1
1648,33,1
1649,36,1
1650,15,0
1650,18,1
1650,30,1
1651,0,1
1652,7,2
1653,2,0
1653,4,1
1653,12,1
1653,18,0
1653,35,1
1654,24,0
1654,28,0
1654,34,0
1655,0,2
1655,12,7
1656,1,1
1656,2,0
1656,4,1
1656,12,0
1657,12,0
1657,22,2
1657,26,6
1658,0,6
1659,6,6
1659,12,6
1659,17,6
1660,0,0
1660,24,0
1660,26,2
1661,9,0
1661,12,0
1662,1,1
1662,4,1
1662,18,1
1662,29,1
1662,30,1
1663,3,5
1663,34,2
1664,8,0
1664,16,0
1664,18,0
1665,9,1
1665,17,5
1665,28,1
1666,4,1
1666,12,0
1666,16,1
1666,18,1
1667,28,1
1668,0,0
1668,33,6
1669,3,5
1669,17,0
1670,18,0
1670,31,4
1671,7,1
1671,9,1
1671,28,1
1672,1,1
1672,4,1
1672,12,0
1672,18,1
1672,30,1
1673,18,0
1673,21,0
1673,37,0
1674,1,0
1674,4,0
1674,12,0
1674,15,2
1674,18,0
1675,1,6
1675,4,6
1675,15,6
1675,18,0
1676,7,1
1676,12,1
1676,25,1
1676,28,1
1677,22,5
1678,4,1
1678,14,4
1678,18,1
1679,2,0
1679,18,0
1679,30,0
1679,32,2
1680,12,1
1680,28,1
1681,9,2
1681,36,4
1682,18,1
1682,32,2
1683,0,6
1683,24,6
1684,6,2
1684,22,0
1685,15,0
1685,18,0
1685,31,2
1685,37,0
1686,7,1
1686,17,1
1687,4,5
1687,5,1
1687,18,5
1687,30,1
1688,9,0
1688,24,2
1689,7,0
1689,9,0
1689,12,0
1690,1,5
1690,12,1
1690,18,1
1691,7,2
1691,28,6
1692,0,1
1692,28,0
1693,8,0
1693,12,2
1693,14,2
1693,18,0
1694,1,6
1694,7,2
1694,17,6
1695,2,0
1695,4,1
1695,15,2
1695,18,0
1696,3,5
1696,12,0
1696,28,0
1696,34,3
1697,12,1
1697,18,1
1698,3,1
1698,17,1
1699,4,7
1699,12,0
1699,18,0
1700,12,0
1700,17,5
1700,28,0
1701,7,3
1701,22,1
1702,4,1
1702,18,1
1702,32,1
1703,3,5
1703,28,0
1704,18,0
1704,21,0
1705,7,0
1705,24,0
1705,28,0
1706,24,1
1706,27,1
1706,28,1
1707,0,6
1707,24,0
1707,26,2
1707,28,0
1708,9,1
1708,12,1
1709,2,0
1709,4,6
1709,12,0
1709,18,0
1710,4,1
1710,12,1
1710,15,0
1710,18,0
1711,1,5
1711,16,5
1711,18,5
1711,30,0
1711,35,0
1712,0,0
1712,12,6
1712,24,6
1713,0,1
1713,3,7
1713,12,7
1713,22,1
1714,18,0
1714,27,0
1714,31,1
1715,15,1
1715,18,1
1715,31,5
1716,2,1
1716,4,1
1716,18,0
1716,32,1
1717,0,4
1717,7,0
1718,19,0
1718,28,0
1719,15,0
1719,18,5
1719,21,5
1719,31,5
1720,17,1
1721,12,2
1721,18,1
1722,13,4
1722,17,4
1722,28,1
1723,4,3
1723,18,0
1723,27,3
1723,32,2
1724,0,1
1724,1,1
1724,3,1
1725,14,1
1725,18,0
1726,0,2
1726,22,0
1726,28,0
1727,18,0
1727,27,0
1727,31,5
1728,4,1
1728,16,0
1728,18,0
1728,27,0
1728,32,2
1729,4,1
1729,12,1
1729,30,1
1729,32,1
1730,7,1
1730,27,1
1731,0,5
1731,9,1
1732,13,1
1733,18,0
1733,21,2
1733,32,2
1734,24,0
1734,28,0
1735,12,5
1735,18,1
1736,18,0
1736,30,1
1737,1,0
1737,19,2
1738,1,6
1738,6,6
1739,12,0
1739,18,2
1739,21,2
1740,4,4
1740,5,4
1740,12,4
1740,18,4
1741,0,5
1741,3,2
1741,33,2
1741,34,6
1742,6,1
1742,12,4
1742,33,4
1742,34,1
1743,1,0
1743,9,0
1744,17,1
1744,24,1
1744,28,1
1745,4,6
1745,18,0
1745,31,5
1746,18,1
1746,19,0
1746,29,0
1747,7,1
1748,4,1
1748,12,1
1748,18,0
1749,14,2
1749,18,1
1749,21,1
1749,31,5
1750,7,1
1750,28,1
1751,3,5
1751,24,0
1752,7,5
1752,28,0
1752,33,0
1753,12,1
1753,18,2
1753,21,2
1753,32,2
1754,24,2
1754,28,0
1755,9,1
1756,7,0
1756,12,2
1756,20,2
1757,10,6
1757,18,0
1757,29,0
1757,32,0
1757,35,0
1758,7,0
1758,9,0
1759,19,2
1759,20,1
1759,28,1
1760,27,1
1760,28,1
1761,5,0
1761,8,0
1761,18,1
1761,31,2
1761,32,2
1762,0,6
1762,7,0
1762,12,0
1763,7,2
1763,12,1
1763,20,0
1763,33,2
1764,12,1
1764,18,1
1764,21,1
1765,6,5
1766,15,2
1766,18,0
1766,27,6
1766,31,5
1766,32,0
1767,12,0
1767,18,0
1767,31,0
1768,7,2
1768,11,3
1768,12,3
1768,24,3
1769,0,5
1770,4,1
1770,16,1
1770,18,1
1770,32,0
1771,18,0
1771,27,0
1771,31,0
1771,35,0
1772,20,0
1772,28,2
1773,0,2
1773,28,0
1773,34,4
1774,28,0
1774,34,3
1775,18,0
1775,31,2
1775,37,0
1776,28,1
1777,20,1
1777,24,1
1778,4,0
1778,18,0
1778,31,5
1778,32,0
1779,0,2
1779,24,0
1780,0,5
1780,7,4
1780,25,1
1781,23,5
1781,32,1
1782,12,0
1782,24,0
1782,36,0
1783,2,0
1783,18,0
1783,30,0
1784,0,5
1784,24,1
1784,34,5
1784,36,2
1785,12,4
1785,15,0
1785,18,4
1785,32,4