text_id,gold_label,MV_label,MVconf0,MVconf1,MVconf2,MVconf3,MVconf4,MVconf5,MVconf6,MVconf7
0,0,0,0.6,0.0,0.2,0.0,0.0,0.2,0.0,0.0
1,1,1,0.0,0.666666666667,0.333333333333,0.0,0.0,0.0,0.0,0.0
2,0,1,0.5,0.5,0.0,0.0,0.0,0.0,0.0,0.0
3,0,1,0.333333333333,0.666666666667,0.0,0.0,0.0,0.0,0.0,0.0
4,0,0,1.0,0.0,0.0,0.0,0.0,0.0,0.0,0.0
5,0,0,1.0,0.0,0.0,0.0,0.0,0.0,0.0,0.0
6,0,0,0.666666666667,0.0,0.0,0.0,0.0,0.0,0.333333333333,0.0
7,0,0,1.0,0.0,0.0,0.0,0.0,0.0,0.0,0.0
8,0,0,0.75,0.0,0.25,0.0,0.0,0.0,0.0,0.0
9,0,2,0.5,0.0,0.5,0.0,0.0,0.0,0.0,0.0
10,0,0,0.666666666667,0.0,0.333333333333,0.0,0.0,0.0,0.0,0.0
11,0,0,0.75,0.0,0.25,0.0,0.0,0.0,0.0,0.0
12,0,5,0.333333333333,0.0,0.333333333333,0.0,0.0,0.333333333333,0.0,0.0
13,0,5,0.5,0.0,0.0,0.0,0.0,0.5,0.0,0.0
14,1,0,0.666666666667,0.0,0.333333333333,0.0,0.0,0.0,0.0,0.0
15,5,0,1.0,0.0,0.0,0.0,0.0,0.0,0.0,0.0
16,7,0,0.5,0.0,0.0,0.0,0.0,0.0,0.0,0.5
17,0,0,0.666666666667,0.0,0.333333333333,0.0,0.0,0.0,0.0,0.0
18,0,0,1.0,0.0,0.0,0.0,0.0,0.0,0.0,0.0
19,0,0,1.0,0.0,0.0,0.0,0.0,0.0,0.0,0.0
20,7,0,0.5,0.0,0.0,0.0,0.0,0.0,0.0,0.5
21,0,2,0.0,0.5,0.5,0.0,0.0,0.0,0.0,0.0
22,0,0,1.0,0.0,0.0,0.0,0.0,0.0,0.0,0.0
23,0,0,0.666666666667,0.0,0.333333333333,0.0,0.0,0.0,0.0,0.0
24,1,0,1.0,0.0,0.0,0.0,0.0,0.0,0.0,0.0
25,0,0,0.5,0.0,0.25,0.0,0.0,0.25,0.0,0.0
26,0,0,0.666666666667,0.0,0.333333333333,0.0,0.0,0.0,0.0,0.0
27,0,0,1.0,0.0,0.0,0.0,0.0,0.0,0.0,0.0
28,0,0,0.75,0.0,0.25,0.0,0.0,0.0,0.0,0.0
29,0,0,0.5,0.25,0.25,0.0,0.0,0.0,0.0,0.0
30,0,2,0.0,0.0,1.0,0.0,0.0,0.0,0.0,0.0
31,0,2,0.25,0.0,0.75,0.0,0.0,0.0,0.0,0.0
32,0,2,0.0,0.0,0.5,0.0,0.0,0.0,0.0,0.5
33,0,7,0.25,0.0,0.0,0.0,0.0,0.0,0.0,0.75
34,1,0,1.0,0.0,0.0,0.0,0.0,0.0,0.0,0.0
35,0,0,1.0,0.0,0.0,0.0,0.0,0.0,0.0,0.0
36,0,0,1.0,0.0,0.0,0.0,0.0,0.0,0.0,0.0
37,1,0,1.0,0.0,0.0,0.0,0.0,0.0,0.0,0.0
38,0,0,1.0,0.0,0.0,0.0,0.0,0.0,0.0,0.0
39,0,0,0.5,0.0,0.5,0.0,0.0,0.0,0.0,0.0
40,3,3,0.0,0.0,0.0,0.25,0.0,0.25,0.25,0.25
41,1,4,0.25,0.0,0.0,0.0,0.25,0.0,0.25,0.25
42,0,1,0.5,0.5,0.0,0.0,0.0,0.0,0.0,0.0
43,4,1,0.333333333333,0.333333333333,0.0,0.0,0.333333333333,0.0,0.0,0.0
44,1,1,0.0,1.0,0.0,0.0,0.0,0.0,0.0,0.0
45,0,0,0.333333333333,0.333333333333,0.0,0.0,0.0,0.333333333333,0.0,0.0
46,1,0,0.5,0.0,0.5,0.0,0.0,0.0,0.0,0.0
47,1,1,0.4,0.4,0.2,0.0,0.0,0.0,0.0,0.0
48,3,2,0.333333333333,0.333333333333,0.333333333333,0.0,0.0,0.0,0.0,0.0
49,0,1,0.0,0.666666666667,0.333333333333,0.0,0.0,0.0,0.0,0.0
50,0,0,1.0,0.0,0.0,0.0,0.0,0.0,0.0,0.0
51,0,0,1.0,0.0,0.0,0.0,0.0,0.0,0.0,0.0
52,0,0,1.0,0.0,0.0,0.0,0.0,0.0,0.0,0.0
53,0,0,1.0,0.0,0.0,0.0,0.0,0.0,0.0,0.0
54,4,0,0.5,0.0,0.25,0.0,0.25,0.0,0.0,0.0
55,0,0,0.666666666667,0.0,0.333333333333,0.0,0.0,0.0,0.0,0.0
56,0,0,1.0,0.0,0.0,0.0,0.0,0.0,0.0,0.0
57,0,2,0.25,0.25,0.5,0.0,0.0,0.0,0.0,0.0
58,0,0,1.0,0.0,0.0,0.0,0.0,0.0,0.0,0.0
59,0,0,1.0,0.0,0.0,0.0,0.0,0.0,0.0,0.0
60,1,0,1.0,0.0,0.0,0.0,0.0,0.0,0.0,0.0
61,1,2,0.5,0.0,0.5,0.0,0.0,0.0,0.0,0.0
62,0,0,0.666666666667,0.0,0.333333333333,0.0,0.0,0.0,0.0,0.0
63,1,0,0.666666666667,0.333333333333,0.0,0.0,0.0,0.0,0.0,0.0
64,0,0,1.0,0.0,0.0,0.0,0.0,0.0,0.0,0.0
65,0,0,0.75,0.0,0.25,0.0,0.0,0.0,0.0,0.0
66,0,0,1.0,0.0,0.0,0.0,0.0,0.0,0.0,0.0
67,0,0,0.5,0.0,0.5,0.0,0.0,0.0,0.0,0.0
68,0,0,0.666666666667,0.333333333333,0.0,0.0,0.0,0.0,0.0,0.0
69,0,0,0.5,0.0,0.5,0.0,0.0,0.0,0.0,0.0
70,0,0,1.0,0.0,0.0,0.0,0.0,0.0,0.0,0.0
71,0,0,0.75,0.0,0.25,0.0,0.0,0.0,0.0,0.0
72,1,0,0.666666666667,0.333333333333,0.0,0.0,0.0,0.0,0.0,0.0
73,1,1,0.0,1.0,0.0,0.0,0.0,0.0,0.0,0.0
74,0,1,0.333333333333,0.333333333333,0.0,0.0,0.0,0.333333333333,0.0,0.0
75,4,5,0.0,0.0,0.0,0.0,0.5,0.5,0.0,0.0
76,4,0,1.0,0.0,0.0,0.0,0.0,0.0,0.0,0.0
77,0,0,0.5,0.0,0.5,0.0,0.0,0.0,0.0,0.0
78,1,0,1.0,0.0,0.0,0.0,0.0,0.0,0.0,0.0
79,0,0,0.5,0.0,0.5,0.0,0.0,0.0,0.0,0.0
80,0,3,0.0,0.0,0.0,0.5,0.0,0.5,0.0,0.0
81,0,0,0.5,0.0,0.5,0.0,0.0,0.0,0.0,0.0
82,4,5,0.5,0.0,0.0,0.0,0.0,0.5,0.0,0.0
83,0,0,1.0,0.0,0.0,0.0,0.0,0.0,0.0,0.0
84,0,0,0.5,0.0,0.25,0.0,0.25,0.0,0.0,0.0
85,6,0,1.0,0.0,0.0,0.0,0.0,0.0,0.0,0.0
86,6,4,0.0,0.0,0.333333333333,0.0,0.666666666667,0.0,0.0,0.0
87,4,4,0.0,0.0,0.5,0.0,0.5,0.0,0.0,0.0
88,4,1,0.0,0.666666666667,0.333333333333,0.0,0.0,0.0,0.0,0.0
89,4,4,0.0,0.5,0.0,0.0,0.5,0.0,0.0,0.0
90,4,0,0.666666666667,0.0,0.0,0.0,0.333333333333,0.0,0.0,0.0
91,2,0,0.666666666667,0.0,0.333333333333,0.0,0.0,0.0,0.0,0.0
92,4,2,0.0,0.333333333333,0.333333333333,0.0,0.333333333333,0.0,0.0,0.0
93,2,6,0.333333333333,0.333333333333,0.0,0.0,0.0,0.0,0.333333333333,0.0
94,1,0,0.666666666667,0.333333333333,0.0,0.0,0.0,0.0,0.0,0.0
95,5,2,0.333333333333,0.0,0.666666666667,0.0,0.0,0.0,0.0,0.0
96,4,4,0.333333333333,0.0,0.333333333333,0.0,0.333333333333,0.0,0.0,0.0
97,0,0,1.0,0.0,0.0,0.0,0.0,0.0,0.0,0.0
98,7,0,0.666666666667,0.0,0.0,0.0,0.0,0.0,0.333333333333,0.0
99,0,0,0.666666666667,0.0,0.333333333333,0.0,0.0,0.0,0.0,0.0
100,1,0,1.0,0.0,0.0,0.0,0.0,0.0,0.0,0.0
101,1,0,0.666666666667,0.333333333333,0.0,0.0,0.0,0.0,0.0,0.0
102,1,4,0.0,0.333333333333,0.0,0.0,0.666666666667,0.0,0.0,0.0
103,0,4,0.333333333333,0.0,0.333333333333,0.0,0.333333333333,0.0,0.0,0.0
104,6,0,0.5,0.0,0.5,0.0,0.0,0.0,0.0,0.0
105,1,0,0.666666666667,0.333333333333,0.0,0.0,0.0,0.0,0.0,0.0
106,1,2,0.333333333333,0.333333333333,0.333333333333,0.0,0.0,0.0,0.0,0.0
107,5,5,0.25,0.0,0.25,0.0,0.0,0.5,0.0,0.0
108,5,1,0.0,0.5,0.0,0.0,0.5,0.0,0.0,0.0
109,0,5,0.333333333333,0.0,0.333333333333,0.0,0.0,0.333333333333,0.0,0.0
110,4,4,0.5,0.0,0.0,0.0,0.5,0.0,0.0,0.0
111,4,4,0.0,0.5,0.0,0.0,0.5,0.0,0.0,0.0
112,4,4,0.0,0.0,0.0,0.0,1.0,0.0,0.0,0.0
113,5,2,0.0,0.0,0.5,0.0,0.0,0.5,0.0,0.0
114,0,0,0.5,0.25,0.0,0.0,0.0,0.25,0.0,0.0
115,1,1,0.0,1.0,0.0,0.0,0.0,0.0,0.0,0.0
116,1,2,0.333333333333,0.0,0.666666666667,0.0,0.0,0.0,0.0,0.0
117,1,0,0.666666666667,0.333333333333,0.0,0.0,0.0,0.0,0.0,0.0
118,1,2,0.25,0.25,0.5,0.0,0.0,0.0,0.0,0.0
119,1,1,0.333333333333,0.666666666667,0.0,0.0,0.0,0.0,0.0,0.0
120,1,1,0.333333333333,0.666666666667,0.0,0.0,0.0,0.0,0.0,0.0
121,1,1,0.0,0.75,0.25,0.0,0.0,0.0,0.0,0.0
122,0,0,0.5,0.0,0.25,0.0,0.0,0.25,0.0,0.0
123,1,1,0.0,1.0,0.0,0.0,0.0,0.0,0.0,0.0
124,0,0,1.0,0.0,0.0,0.0,0.0,0.0,0.0,0.0
125,1,1,0.0,0.5,0.25,0.0,0.0,0.25,0.0,0.0
126,0,0,1.0,0.0,0.0,0.0,0.0,0.0,0.0,0.0
127,1,1,0.0,1.0,0.0,0.0,0.0,0.0,0.0,0.0
128,0,0,1.0,0.0,0.0,0.0,0.0,0.0,0.0,0.0
129,1,0,0.75,0.25,0.0,0.0,0.0,0.0,0.0,0.0
130,0,0,0.666666666667,0.0,0.333333333333,0.0,0.0,0.0,0.0,0.0
131,1,1,0.2,0.8,0.0,0.0,0.0,0.0,0.0,0.0
132,0,0,1.0,0.0,0.0,0.0,0.0,0.0,0.0,0.0
133,0,0,1.0,0.0,0.0,0.0,0.0,0.0,0.0,0.0
134,0,0,1.0,0.0,0.0,0.0,0.0,0.0,0.0,0.0
135,0,0,1.0,0.0,0.0,0.0,0.0,0.0,0.0,0.0
136,1,1,0.25,0.75,0.0,0.0,0.0,0.0,0.0,0.0
137,0,0,0.8,0.0,0.2,0.0,0.0,0.0,0.0,0.0
138,0,0,0.666666666667,0.0,0.0,0.0,0.0,0.333333333333,0.0,0.0
139,0,0,0.666666666667,0.333333333333,0.0,0.0,0.0,0.0,0.0,0.0
140,0,0,1.0,0.0,0.0,0.0,0.0,0.0,0.0,0.0
141,0,0,1.0,0.0,0.0,0.0,0.0,0.0,0.0,0.0
142,1,1,0.333333333333,0.666666666667,0.0,0.0,0.0,0.0,0.0,0.0
143,0,0,0.8,0.0,0.2,0.0,0.0,0.0,0.0,0.0
144,1,0,0.5,0.5,0.0,0.0,0.0,0.0,0.0,0.0
145,0,1,0.5,0.5,0.0,0.0,0.0,0.0,0.0,0.0
146,0,1,0.25,0.75,0.0,0.0,0.0,0.0,0.0,0.0
147,1,1,0.0,0.6,0.4,0.0,0.0,0.0,0.0,0.0
148,1,0,0.333333333333,0.333333333333,0.333333333333,0.0,0.0,0.0,0.0,0.0
149,1,0,0.5,0.5,0.0,0.0,0.0,0.0,0.0,0.0
150,0,4,0.0,0.0,0.0,0.0,1.0,0.0,0.0,0.0
151,0,4,0.25,0.0,0.0,0.0,0.75,0.0,0.0,0.0
152,0,4,0.25,0.0,0.25,0.0,0.5,0.0,0.0,0.0
153,0,0,0.5,0.0,0.25,0.0,0.25,0.0,0.0,0.0
154,0,0,1.0,0.0,0.0,0.0,0.0,0.0,0.0,0.0
155,1,1,0.333333333333,0.666666666667,0.0,0.0,0.0,0.0,0.0,0.0
156,0,1,0.333333333333,0.666666666667,0.0,0.0,0.0,0.0,0.0,0.0
157,1,1,0.0,1.0,0.0,0.0,0.0,0.0,0.0,0.0
158,1,0,0.5,0.5,0.0,0.0,0.0,0.0,0.0,0.0
159,0,0,0.6,0.0,0.4,0.0,0.0,0.0,0.0,0.0
160,0,0,1.0,0.0,0.0,0.0,0.0,0.0,0.0,0.0
161,0,0,0.666666666667,0.0,0.333333333333,0.0,0.0,0.0,0.0,0.0
162,4,4,0.333333333333,0.0,0.0,0.0,0.666666666667,0.0,0.0,0.0
163,0,0,1.0,0.0,0.0,0.0,0.0,0.0,0.0,0.0
164,0,0,0.5,0.0,0.0,0.0,0.5,0.0,0.0,0.0
165,1,4,0.0,0.25,0.0,0.0,0.75,0.0,0.0,0.0
166,1,0,0.6,0.2,0.0,0.0,0.0,0.2,0.0,0.0
167,1,0,0.8,0.2,0.0,0.0,0.0,0.0,0.0,0.0
168,4,4,0.2,0.0,0.0,0.0,0.8,0.0,0.0,0.0
169,1,5,0.0,0.5,0.0,0.0,0.0,0.5,0.0,0.0
170,1,2,0.333333333333,0.0,0.666666666667,0.0,0.0,0.0,0.0,0.0
171,0,0,0.5,0.0,0.25,0.0,0.0,0.0,0.25,0.0
172,0,6,0.4,0.0,0.0,0.0,0.0,0.0,0.6,0.0
173,0,0,1.0,0.0,0.0,0.0,0.0,0.0,0.0,0.0
174,0,4,0.4,0.0,0.0,0.0,0.4,0.0,0.2,0.0
175,0,4,0.0,0.0,0.333333333333,0.0,0.666666666667,0.0,0.0,0.0
176,0,0,0.75,0.0,0.25,0.0,0.0,0.0,0.0,0.0
177,0,2,0.4,0.0,0.4,0.0,0.0,0.0,0.2,0.0
178,7,0,0.333333333333,0.0,0.333333333333,0.0,0.0,0.0,0.333333333333,0.0
179,0,0,0.75,0.0,0.0,0.0,0.0,0.0,0.25,0.0
180,0,0,0.6,0.0,0.4,0.0,0.0,0.0,0.0,0.0
181,0,0,1.0,0.0,0.0,0.0,0.0,0.0,0.0,0.0
182,0,0,0.75,0.0,0.25,0.0,0.0,0.0,0.0,0.0
183,0,2,0.5,0.0,0.5,0.0,0.0,0.0,0.0,0.0
184,0,4,0.4,0.0,0.0,0.0,0.6,0.0,0.0,0.0
185,1,2,0.333333333333,0.0,0.333333333333,0.0,0.333333333333,0.0,0.0,0.0
186,0,2,0.25,0.0,0.5,0.0,0.0,0.25,0.0,0.0
187,0,0,0.666666666667,0.0,0.333333333333,0.0,0.0,0.0,0.0,0.0
188,0,1,0.333333333333,0.666666666667,0.0,0.0,0.0,0.0,0.0,0.0
189,0,0,0.5,0.25,0.0,0.0,0.0,0.25,0.0,0.0
190,0,5,0.333333333333,0.0,0.0,0.0,0.0,0.666666666667,0.0,0.0
191,0,5,0.4,0.0,0.0,0.0,0.0,0.6,0.0,0.0
192,0,4,0.25,0.0,0.25,0.0,0.5,0.0,0.0,0.0
193,4,4,0.0,0.0,0.0,0.0,0.666666666667,0.333333333333,0.0,0.0
194,1,1,0.5,0.5,0.0,0.0,0.0,0.0,0.0,0.0
195,0,0,1.0,0.0,0.0,0.0,0.0,0.0,0.0,0.0
196,1,1,0.25,0.5,0.25,0.0,0.0,0.0,0.0,0.0
197,0,0,0.5,0.0,0.0,0.0,0.0,0.25,0.25,0.0
198,1,0,0.4,0.2,0.4,0.0,0.0,0.0,0.0,0.0
199,1,0,0.75,0.0,0.25,0.0,0.0,0.0,0.0,0.0
200,0,0,0.5,0.5,0.0,0.0,0.0,0.0,0.0,0.0
201,1,1,0.0,0.8,0.0,0.0,0.0,0.2,0.0,0.0
202,0,5,0.333333333333,0.333333333333,0.0,0.0,0.0,0.333333333333,0.0,0.0
203,0,1,0.4,0.6,0.0,0.0,0.0,0.0,0.0,0.0
204,0,1,0.25,0.75,0.0,0.0,0.0,0.0,0.0,0.0
205,1,1,0.0,0.75,0.0,0.25,0.0,0.0,0.0,0.0
206,1,0,0.666666666667,0.0,0.333333333333,0.0,0.0,0.0,0.0,0.0
207,0,0,0.75,0.0,0.25,0.0,0.0,0.0,0.0,0.0
208,7,6,0.0,0.0,0.2,0.0,0.0,0.2,0.4,0.2
209,1,6,0.0,0.2,0.4,0.0,0.0,0.0,0.4,0.0
210,0,0,0.666666666667,0.0,0.333333333333,0.0,0.0,0.0,0.0,0.0
211,1,1,0.25,0.75,0.0,0.0,0.0,0.0,0.0,0.0
212,0,1,0.333333333333,0.666666666667,0.0,0.0,0.0,0.0,0.0,0.0
213,0,0,0.666666666667,0.333333333333,0.0,0.0,0.0,0.0,0.0,0.0
214,0,5,0.5,0.0,0.0,0.0,0.0,0.5,0.0,0.0
215,0,5,0.25,0.0,0.0,0.0,0.0,0.5,0.0,0.25
216,0,0,0.5,0.0,0.0,0.0,0.0,0.5,0.0,0.0
217,0,5,0.25,0.0,0.0,0.0,0.0,0.75,0.0,0.0
218,0,0,1.0,0.0,0.0,0.0,0.0,0.0,0.0,0.0
219,0,0,0.75,0.0,0.0,0.0,0.0,0.25,0.0,0.0
220,0,0,0.75,0.0,0.0,0.0,0.25,0.0,0.0,0.0
221,0,2,0.0,0.0,0.5,0.0,0.5,0.0,0.0,0.0
222,0,0,0.5,0.0,0.0,0.0,0.25,0.0,0.25,0.0
223,0,0,0.75,0.0,0.0,0.0,0.25,0.0,0.0,0.0
224,0,4,0.0,0.0,0.4,0.0,0.6,0.0,0.0,0.0
225,1,1,0.0,0.8,0.0,0.0,0.2,0.0,0.0,0.0
226,4,5,0.0,0.0,0.0,0.2,0.0,0.6,0.0,0.2
227,1,5,0.25,0.25,0.0,0.0,0.0,0.5,0.0,0.0
228,0,0,1.0,0.0,0.0,0.0,0.0,0.0,0.0,0.0
229,1,1,0.333333333333,0.666666666667,0.0,0.0,0.0,0.0,0.0,0.0
230,1,1,0.333333333333,0.666666666667,0.0,0.0,0.0,0.0,0.0,0.0
231,0,1,0.4,0.6,0.0,0.0,0.0,0.0,0.0,0.0
232,5,1,0.0,0.5,0.0,0.0,0.0,0.5,0.0,0.0
233,0,0,0.666666666667,0.333333333333,0.0,0.0,0.0,0.0,0.0,0.0
234,1,1,0.0,1.0,0.0,0.0,0.0,0.0,0.0,0.0
235,1,1,0.0,0.6,0.4,0.0,0.0,0.0,0.0,0.0
236,0,0,0.5,0.5,0.0,0.0,0.0,0.0,0.0,0.0
237,0,0,0.5,0.25,0.25,0.0,0.0,0.0,0.0,0.0
238,1,2,0.25,0.25,0.5,0.0,0.0,0.0,0.0,0.0
239,1,1,0.0,0.5,0.25,0.0,0.0,0.25,0.0,0.0
240,0,0,0.5,0.5,0.0,0.0,0.0,0.0,0.0,0.0
241,1,1,0.0,1.0,0.0,0.0,0.0,0.0,0.0,0.0
242,1,1,0.0,1.0,0.0,0.0,0.0,0.0,0.0,0.0
243,0,1,0.333333333333,0.666666666667,0.0,0.0,0.0,0.0,0.0,0.0
244,1,1,0.0,0.75,0.25,0.0,0.0,0.0,0.0,0.0
245,0,0,1.0,0.0,0.0,0.0,0.0,0.0,0.0,0.0
246,1,1,0.2,0.6,0.2,0.0,0.0,0.0,0.0,0.0
247,1,1,0.333333333333,0.666666666667,0.0,0.0,0.0,0.0,0.0,0.0
248,0,0,0.75,0.0,0.0,0.0,0.0,0.25,0.0,0.0
249,1,1,0.25,0.75,0.0,0.0,0.0,0.0,0.0,0.0
250,0,0,0.5,0.25,0.0,0.0,0.0,0.25,0.0,0.0
251,1,1,0.0,1.0,0.0,0.0,0.0,0.0,0.0,0.0
252,1,1,0.0,1.0,0.0,0.0,0.0,0.0,0.0,0.0
253,1,1,0.25,0.75,0.0,0.0,0.0,0.0,0.0,0.0
254,1,1,0.0,0.75,0.25,0.0,0.0,0.0,0.0,0.0
255,0,0,0.6,0.4,0.0,0.0,0.0,0.0,0.0,0.0
256,0,0,1.0,0.0,0.0,0.0,0.0,0.0,0.0,0.0
257,0,0,1.0,0.0,0.0,0.0,0.0,0.0,0.0,0.0
258,0,1,0.5,0.5,0.0,0.0,0.0,0.0,0.0,0.0
259,0,0,1.0,0.0,0.0,0.0,0.0,0.0,0.0,0.0
260,0,0,1.0,0.0,0.0,0.0,0.0,0.0,0.0,0.0
261,0,0,1.0,0.0,0.0,0.0,0.0,0.0,0.0,0.0
262,1,1,0.0,0.75,0.0,0.0,0.0,0.25,0.0,0.0
263,4,2,0.333333333333,0.0,0.333333333333,0.0,0.333333333333,0.0,0.0,0.0
264,1,1,0.25,0.75,0.0,0.0,0.0,0.0,0.0,0.0
265,0,0,1.0,0.0,0.0,0.0,0.0,0.0,0.0,0.0
266,0,0,1.0,0.0,0.0,0.0,0.0,0.0,0.0,0.0
267,0,0,1.0,0.0,0.0,0.0,0.0,0.0,0.0,0.0
268,1,0,0.5,0.5,0.0,0.0,0.0,0.0,0.0,0.0
269,0,0,1.0,0.0,0.0,0.0,0.0,0.0,0.0,0.0
270,4,0,0.5,0.0,0.0,0.0,0.5,0.0,0.0,0.0
271,1,1,0.4,0.4,0.2,0.0,0.0,0.0,0.0,0.0
272,0,1,0.0,1.0,0.0,0.0,0.0,0.0,0.0,0.0
273,1,1,0.0,0.8,0.2,0.0,0.0,0.0,0.0,0.0
274,1,0,1.0,0.0,0.0,0.0,0.0,0.0,0.0,0.0
275,0,0,0.5,0.0,0.5,0.0,0.0,0.0,0.0,0.0
276,0,0,0.75,0.0,0.25,0.0,0.0,0.0,0.0,0.0
277,1,1,0.5,0.5,0.0,0.0,0.0,0.0,0.0,0.0
278,1,1,0.25,0.75,0.0,0.0,0.0,0.0,0.0,0.0
279,1,1,0.25,0.5,0.25,0.0,0.0,0.0,0.0,0.0
280,0,0,1.0,0.0,0.0,0.0,0.0,0.0,0.0,0.0
281,1,1,0.4,0.6,0.0,0.0,0.0,0.0,0.0,0.0
282,7,0,0.666666666667,0.0,0.0,0.0,0.0,0.0,0.0,0.333333333333
283,0,0,1.0,0.0,0.0,0.0,0.0,0.0,0.0,0.0
284,0,0,0.5,0.5,0.0,0.0,0.0,0.0,0.0,0.0
285,0,0,0.666666666667,0.333333333333,0.0,0.0,0.0,0.0,0.0,0.0
286,0,0,1.0,0.0,0.0,0.0,0.0,0.0,0.0,0.0
287,0,0,1.0,0.0,0.0,0.0,0.0,0.0,0.0,0.0
288,4,1,0.0,0.75,0.0,0.0,0.25,0.0,0.0,0.0
289,1,1,0.0,1.0,0.0,0.0,0.0,0.0,0.0,0.0
290,0,0,0.5,0.0,0.5,0.0,0.0,0.0,0.0,0.0
291,0,0,0.666666666667,0.0,0.333333333333,0.0,0.0,0.0,0.0,0.0
292,5,5,0.0,0.0,0.25,0.0,0.0,0.75,0.0,0.0
293,0,2,0.333333333333,0.0,0.666666666667,0.0,0.0,0.0,0.0,0.0
294,2,1,0.0,0.5,0.5,0.0,0.0,0.0,0.0,0.0
295,1,1,0.0,0.666666666667,0.0,0.0,0.333333333333,0.0,0.0,0.0
296,4,4,0.0,0.0,0.333333333333,0.0,0.666666666667,0.0,0.0,0.0
297,0,0,0.75,0.0,0.0,0.0,0.0,0.25,0.0,0.0
298,0,0,0.666666666667,0.333333333333,0.0,0.0,0.0,0.0,0.0,0.0
299,5,0,0.666666666667,0.333333333333,0.0,0.0,0.0,0.0,0.0,0.0
300,5,0,0.6,0.0,0.0,0.0,0.0,0.4,0.0,0.0
301,4,0,0.666666666667,0.0,0.0,0.0,0.333333333333,0.0,0.0,0.0
302,1,1,0.5,0.5,0.0,0.0,0.0,0.0,0.0,0.0
303,1,1,0.333333333333,0.666666666667,0.0,0.0,0.0,0.0,0.0,0.0
304,1,0,1.0,0.0,0.0,0.0,0.0,0.0,0.0,0.0
305,4,0,0.666666666667,0.0,0.0,0.0,0.333333333333,0.0,0.0,0.0
306,4,0,0.666666666667,0.0,0.0,0.0,0.333333333333,0.0,0.0,0.0
307,1,0,0.75,0.25,0.0,0.0,0.0,0.0,0.0,0.0
308,1,2,0.25,0.25,0.5,0.0,0.0,0.0,0.0,0.0
309,0,0,0.75,0.0,0.25,0.0,0.0,0.0,0.0,0.0
310,7,1,0.0,0.75,0.25,0.0,0.0,0.0,0.0,0.0
311,0,1,0.0,1.0,0.0,0.0,0.0,0.0,0.0,0.0
312,0,0,1.0,0.0,0.0,0.0,0.0,0.0,0.0,0.0
313,1,0,1.0,0.0,0.0,0.0,0.0,0.0,0.0,0.0
314,1,1,0.333333333333,0.666666666667,0.0,0.0,0.0,0.0,0.0,0.0
315,0,1,0.0,1.0,0.0,0.0,0.0,0.0,0.0,0.0
316,0,1,0.333333333333,0.666666666667,0.0,0.0,0.0,0.0,0.0,0.0
317,0,1,0.25,0.75,0.0,0.0,0.0,0.0,0.0,0.0
318,5,5,0.0,0.0,0.25,0.0,0.0,0.75,0.0,0.0
319,0,0,0.75,0.0,0.0,0.0,0.0,0.25,0.0,0.0
320,0,0,1.0,0.0,0.0,0.0,0.0,0.0,0.0,0.0
321,1,1,0.0,1.0,0.0,0.0,0.0,0.0,0.0,0.0
322,0,0,0.75,0.0,0.25,0.0,0.0,0.0,0.0,0.0
323,0,0,1.0,0.0,0.0,0.0,0.0,0.0,0.0,0.0
324,0,4,0.2,0.0,0.0,0.0,0.8,0.0,0.0,0.0
325,0,4,0.0,0.0,0.0,0.0,1.0,0.0,0.0,0.0
326,0,0,1.0,0.0,0.0,0.0,0.0,0.0,0.0,0.0
327,0,0,1.0,0.0,0.0,0.0,0.0,0.0,0.0,0.0
328,0,0,1.0,0.0,0.0,0.0,0.0,0.0,0.0,0.0
329,0,0,1.0,0.0,0.0,0.0,0.0,0.0,0.0,0.0
330,0,2,0.25,0.25,0.5,0.0,0.0,0.0,0.0,0.0
331,0,1,0.0,0.75,0.25,0.0,0.0,0.0,0.0,0.0
332,1,1,0.25,0.5,0.25,0.0,0.0,0.0,0.0,0.0
333,5,5,0.0,0.0,0.0,0.0,0.0,1.0,0.0,0.0
334,0,1,0.0,1.0,0.0,0.0,0.0,0.0,0.0,0.0
335,1,1,0.0,0.666666666667,0.0,0.0,0.333333333333,0.0,0.0,0.0
336,1,4,0.0,0.0,0.0,0.0,1.0,0.0,0.0,0.0
337,0,2,0.0,0.0,0.5,0.0,0.5,0.0,0.0,0.0
338,1,1,0.25,0.75,0.0,0.0,0.0,0.0,0.0,0.0
339,0,0,0.333333333333,0.333333333333,0.333333333333,0.0,0.0,0.0,0.0,0.0
340,0,0,0.5,0.5,0.0,0.0,0.0,0.0,0.0,0.0
341,7,1,0.25,0.5,0.0,0.0,0.0,0.0,0.0,0.25
342,0,0,1.0,0.0,0.0,0.0,0.0,0.0,0.0,0.0
343,0,0,1.0,0.0,0.0,0.0,0.0,0.0,0.0,0.0
344,0,0,1.0,0.0,0.0,0.0,0.0,0.0,0.0,0.0
345,0,0,1.0,0.0,0.0,0.0,0.0,0.0,0.0,0.0
346,0,0,1.0,0.0,0.0,0.0,0.0,0.0,0.0,0.0
347,0,0,0.666666666667,0.333333333333,0.0,0.0,0.0,0.0,0.0,0.0
348,1,0,0.666666666667,0.333333333333,0.0,0.0,0.0,0.0,0.0,0.0
349,1,2,0.0,0.0,0.5,0.0,0.0,0.5,0.0,0.0
350,6,0,0.5,0.0,0.5,0.0,0.0,0.0,0.0,0.0
351,0,0,1.0,0.0,0.0,0.0,0.0,0.0,0.0,0.0
352,0,0,0.666666666667,0.0,0.333333333333,0.0,0.0,0.0,0.0,0.0
353,0,2,0.5,0.0,0.5,0.0,0.0,0.0,0.0,0.0
354,2,0,0.5,0.0,0.5,0.0,0.0,0.0,0.0,0.0
355,0,0,1.0,0.0,0.0,0.0,0.0,0.0,0.0,0.0
356,0,1,0.5,0.5,0.0,0.0,0.0,0.0,0.0,0.0
357,1,2,0.333333333333,0.333333333333,0.333333333333,0.0,0.0,0.0,0.0,0.0
358,0,0,1.0,0.0,0.0,0.0,0.0,0.0,0.0,0.0
359,1,1,0.0,1.0,0.0,0.0,0.0,0.0,0.0,0.0
360,1,0,1.0,0.0,0.0,0.0,0.0,0.0,0.0,0.0
361,0,0,1.0,0.0,0.0,0.0,0.0,0.0,0.0,0.0
362,0,0,1.0,0.0,0.0,0.0,0.0,0.0,0.0,0.0
363,0,0,1.0,0.0,0.0,0.0,0.0,0.0,0.0,0.0
364,0,0,1.0,0.0,0.0,0.0,0.0,0.0,0.0,0.0
365,1,2,0.25,0.25,0.25,0.0,0.0,0.25,0.0,0.0
366,0,0,0.666666666667,0.0,0.333333333333,0.0,0.0,0.0,0.0,0.0
367,1,0,0.75,0.25,0.0,0.0,0.0,0.0,0.0,0.0
368,0,0,0.75,0.0,0.25,0.0,0.0,0.0,0.0,0.0
369,6,0,0.5,0.0,0.25,0.0,0.0,0.0,0.25,0.0
370,0,0,0.5,0.0,0.5,0.0,0.0,0.0,0.0,0.0
371,0,2,0.5,0.0,0.5,0.0,0.0,0.0,0.0,0.0
372,0,0,1.0,0.0,0.0,0.0,0.0,0.0,0.0,0.0
373,0,0,1.0,0.0,0.0,0.0,0.0,0.0,0.0,0.0
374,0,0,0.666666666667,0.0,0.333333333333,0.0,0.0,0.0,0.0,0.0
375,0,0,1.0,0.0,0.0,0.0,0.0,0.0,0.0,0.0
376,1,1,0.25,0.5,0.0,0.0,0.0,0.0,0.25,0.0
377,0,0,1.0,0.0,0.0,0.0,0.0,0.0,0.0,0.0
378,1,1,0.25,0.5,0.0,0.0,0.0,0.25,0.0,0.0
379,0,0,1.0,0.0,0.0,0.0,0.0,0.0,0.0,0.0
380,0,0,1.0,0.0,0.0,0.0,0.0,0.0,0.0,0.0
381,0,0,1.0,0.0,0.0,0.0,0.0,0.0,0.0,0.0
382,0,0,1.0,0.0,0.0,0.0,0.0,0.0,0.0,0.0
383,0,0,0.8,0.0,0.0,0.0,0.0,0.0,0.2,0.0
384,0,0,1.0,0.0,0.0,0.0,0.0,0.0,0.0,0.0
385,0,0,1.0,0.0,0.0,0.0,0.0,0.0,0.0,0.0
386,0,4,0.0,0.0,0.0,0.0,1.0,0.0,0.0,0.0
387,0,0,1.0,0.0,0.0,0.0,0.0,0.0,0.0,0.0
388,0,0,0.5,0.5,0.0,0.0,0.0,0.0,0.0,0.0
389,0,0,0.5,0.25,0.25,0.0,0.0,0.0,0.0,0.0
390,0,0,1.0,0.0,0.0,0.0,0.0,0.0,0.0,0.0
391,0,0,0.75,0.0,0.25,0.0,0.0,0.0,0.0,0.0
392,5,1,0.25,0.75,0.0,0.0,0.0,0.0,0.0,0.0
393,0,1,0.25,0.5,0.25,0.0,0.0,0.0,0.0,0.0
394,0,6,0.5,0.0,0.0,0.0,0.0,0.0,0.5,0.0
395,5,5,0.0,0.0,0.0,0.0,0.0,0.5,0.25,0.25
396,1,1,0.0,1.0,0.0,0.0,0.0,0.0,0.0,0.0
397,0,0,0.5,0.25,0.25,0.0,0.0,0.0,0.0,0.0
398,0,1,0.25,0.75,0.0,0.0,0.0,0.0,0.0,0.0
399,1,1,0.2,0.8,0.0,0.0,0.0,0.0,0.0,0.0
400,5,0,0.5,0.0,0.0,0.0,0.0,0.5,0.0,0.0
401,1,1,0.0,0.666666666667,0.333333333333,0.0,0.0,0.0,0.0,0.0
402,1,1,0.0,0.666666666667,0.333333333333,0.0,0.0,0.0,0.0,0.0
403,1,1,0.0,0.8,0.2,0.0,0.0,0.0,0.0,0.0
404,0,0,1.0,0.0,0.0,0.0,0.0,0.0,0.0,0.0
405,5,2,0.333333333333,0.0,0.666666666667,0.0,0.0,0.0,0.0,0.0
406,1,1,0.5,0.5,0.0,0.0,0.0,0.0,0.0,0.0
407,0,0,1.0,0.0,0.0,0.0,0.0,0.0,0.0,0.0
408,0,0,1.0,0.0,0.0,0.0,0.0,0.0,0.0,0.0
409,1,0,0.5,0.5,0.0,0.0,0.0,0.0,0.0,0.0
410,0,1,0.2,0.8,0.0,0.0,0.0,0.0,0.0,0.0
411,1,1,0.0,1.0,0.0,0.0,0.0,0.0,0.0,0.0
412,0,2,0.25,0.25,0.5,0.0,0.0,0.0,0.0,0.0
413,0,0,0.666666666667,0.0,0.333333333333,0.0,0.0,0.0,0.0,0.0
414,0,0,1.0,0.0,0.0,0.0,0.0,0.0,0.0,0.0
415,0,0,1.0,0.0,0.0,0.0,0.0,0.0,0.0,0.0
416,0,0,0.75,0.0,0.0,0.0,0.0,0.0,0.25,0.0
417,0,7,0.2,0.2,0.2,0.0,0.0,0.0,0.0,0.4
418,0,1,0.25,0.75,0.0,0.0,0.0,0.0,0.0,0.0
419,0,1,0.0,0.666666666667,0.0,0.0,0.0,0.333333333333,0.0,0.0
420,0,0,0.8,0.0,0.0,0.0,0.0,0.0,0.2,0.0
421,0,0,1.0,0.0,0.0,0.0,0.0,0.0,0.0,0.0
422,1,1,0.0,1.0,0.0,0.0,0.0,0.0,0.0,0.0
423,0,1,0.25,0.5,0.25,0.0,0.0,0.0,0.0,0.0
424,1,1,0.5,0.5,0.0,0.0,0.0,0.0,0.0,0.0
425,0,0,1.0,0.0,0.0,0.0,0.0,0.0,0.0,0.0
426,0,0,1.0,0.0,0.0,0.0,0.0,0.0,0.0,0.0
427,0,0,0.5,0.0,0.0,0.0,0.0,0.5,0.0,0.0
428,0,0,0.8,0.0,0.2,0.0,0.0,0.0,0.0,0.0
429,0,0,1.0,0.0,0.0,0.0,0.0,0.0,0.0,0.0
430,1,0,0.5,0.0,0.25,0.0,0.0,0.25,0.0,0.0
431,1,0,0.75,0.25,0.0,0.0,0.0,0.0,0.0,0.0
432,0,0,1.0,0.0,0.0,0.0,0.0,0.0,0.0,0.0
433,0,0,1.0,0.0,0.0,0.0,0.0,0.0,0.0,0.0
434,3,3,0.0,0.0,0.0,1.0,0.0,0.0,0.0,0.0
435,0,0,0.75,0.0,0.25,0.0,0.0,0.0,0.0,0.0
436,1,0,0.333333333333,0.333333333333,0.333333333333,0.0,0.0,0.0,0.0,0.0
437,4,4,0.0,0.0,0.25,0.0,0.75,0.0,0.0,0.0
438,0,0,1.0,0.0,0.0,0.0,0.0,0.0,0.0,0.0
439,0,2,0.25,0.0,0.75,0.0,0.0,0.0,0.0,0.0
440,0,0,1.0,0.0,0.0,0.0,0.0,0.0,0.0,0.0
441,0,0,1.0,0.0,0.0,0.0,0.0,0.0,0.0,0.0
442,1,4,0.0,0.333333333333,0.0,0.0,0.666666666667,0.0,0.0,0.0
443,0,0,0.8,0.0,0.2,0.0,0.0,0.0,0.0,0.0
444,0,0,1.0,0.0,0.0,0.0,0.0,0.0,0.0,0.0
445,0,0,1.0,0.0,0.0,0.0,0.0,0.0,0.0,0.0
446,0,0,1.0,0.0,0.0,0.0,0.0,0.0,0.0,0.0
447,0,0,1.0,0.0,0.0,0.0,0.0,0.0,0.0,0.0
448,0,0,0.75,0.0,0.25,0.0,0.0,0.0,0.0,0.0
449,4,2,0.333333333333,0.0,0.333333333333,0.0,0.333333333333,0.0,0.0,0.0
450,0,1,0.0,1.0,0.0,0.0,0.0,0.0,0.0,0.0
451,1,1,0.0,1.0,0.0,0.0,0.0,0.0,0.0,0.0
452,0,5,0.25,0.0,0.0,0.0,0.0,0.75,0.0,0.0
453,0,0,0.5,0.0,0.0,0.0,0.0,0.5,0.0,0.0
454,4,4,0.25,0.0,0.0,0.0,0.5,0.25,0.0,0.0
455,0,0,1.0,0.0,0.0,0.0,0.0,0.0,0.0,0.0
456,0,0,0.666666666667,0.333333333333,0.0,0.0,0.0,0.0,0.0,0.0
457,5,0,0.4,0.0,0.2,0.0,0.0,0.2,0.0,0.2
458,0,1,0.5,0.5,0.0,0.0,0.0,0.0,0.0,0.0
459,1,1,0.0,1.0,0.0,0.0,0.0,0.0,0.0,0.0
460,0,0,0.666666666667,0.333333333333,0.0,0.0,0.0,0.0,0.0,0.0
461,5,2,0.0,0.0,0.5,0.0,0.0,0.5,0.0,0.0
462,0,0,1.0,0.0,0.0,0.0,0.0,0.0,0.0,0.0
463,0,0,0.75,0.0,0.25,0.0,0.0,0.0,0.0,0.0
464,0,0,0.666666666667,0.0,0.333333333333,0.0,0.0,0.0,0.0,0.0
465,0,1,0.333333333333,0.333333333333,0.333333333333,0.0,0.0,0.0,0.0,0.0
466,0,0,1.0,0.0,0.0,0.0,0.0,0.0,0.0,0.0
467,0,0,1.0,0.0,0.0,0.0,0.0,0.0,0.0,0.0
468,0,1,0.333333333333,0.666666666667,0.0,0.0,0.0,0.0,0.0,0.0
469,0,1,0.2,0.6,0.0,0.0,0.0,0.0,0.2,0.0
470,0,1,0.0,0.75,0.0,0.0,0.25,0.0,0.0,0.0
471,0,1,0.4,0.6,0.0,0.0,0.0,0.0,0.0,0.0
472,0,0,1.0,0.0,0.0,0.0,0.0,0.0,0.0,0.0
473,0,0,1.0,0.0,0.0,0.0,0.0,0.0,0.0,0.0
474,4,0,0.5,0.0,0.0,0.0,0.5,0.0,0.0,0.0
475,0,0,1.0,0.0,0.0,0.0,0.0,0.0,0.0,0.0
476,0,2,0.25,0.0,0.5,0.0,0.0,0.25,0.0,0.0
477,3,3,0.333333333333,0.0,0.333333333333,0.333333333333,0.0,0.0,0.0,0.0
478,1,0,0.5,0.25,0.25,0.0,0.0,0.0,0.0,0.0
479,1,1,0.0,1.0,0.0,0.0,0.0,0.0,0.0,0.0
480,0,0,1.0,0.0,0.0,0.0,0.0,0.0,0.0,0.0
481,0,0,0.666666666667,0.0,0.333333333333,0.0,0.0,0.0,0.0,0.0
482,1,1,0.0,0.666666666667,0.0,0.0,0.333333333333,0.0,0.0,0.0
483,6,6,0.333333333333,0.0,0.333333333333,0.0,0.0,0.0,0.333333333333,0.0
484,0,5,0.25,0.0,0.0,0.0,0.0,0.75,0.0,0.0
485,1,1,0.0,1.0,0.0,0.0,0.0,0.0,0.0,0.0
486,0,0,1.0,0.0,0.0,0.0,0.0,0.0,0.0,0.0
487,0,0,0.75,0.0,0.25,0.0,0.0,0.0,0.0,0.0
488,0,0,0.5,0.25,0.25,0.0,0.0,0.0,0.0,0.0
489,0,0,0.5,0.25,0.25,0.0,0.0,0.0,0.0,0.0
490,0,0,1.0,0.0,0.0,0.0,0.0,0.0,0.0,0.0
491,0,0,0.666666666667,0.0,0.333333333333,0.0,0.0,0.0,0.0,0.0
492,0,0,0.333333333333,0.333333333333,0.0,0.0,0.0,0.0,0.333333333333,0.0
493,0,0,0.5,0.5,0.0,0.0,0.0,0.0,0.0,0.0
494,2,2,0.0,0.0,0.6,0.0,0.0,0.4,0.0,0.0
495,0,0,0.8,0.0,0.0,0.0,0.0,0.2,0.0,0.0
496,0,0,0.75,0.0,0.25,0.0,0.0,0.0,0.0,0.0
497,0,0,1.0,0.0,0.0,0.0,0.0,0.0,0.0,0.0
498,0,1,0.25,0.75,0.0,0.0,0.0,0.0,0.0,0.0
499,0,1,0.0,1.0,0.0,0.0,0.0,0.0,0.0,0.0
500,0,0,1.0,0.0,0.0,0.0,0.0,0.0,0.0,0.0
501,1,2,0.0,0.333333333333,0.666666666667,0.0,0.0,0.0,0.0,0.0
502,5,0,0.666666666667,0.0,0.0,0.0,0.0,0.333333333333,0.0,0.0
503,1,1,0.333333333333,0.666666666667,0.0,0.0,0.0,0.0,0.0,0.0
504,0,1,0.333333333333,0.666666666667,0.0,0.0,0.0,0.0,0.0,0.0
505,0,1,0.0,0.666666666667,0.333333333333,0.0,0.0,0.0,0.0,0.0
506,0,0,0.5,0.25,0.25,0.0,0.0,0.0,0.0,0.0
507,0,0,0.75,0.0,0.0,0.0,0.0,0.25,0.0,0.0
508,0,0,1.0,0.0,0.0,0.0,0.0,0.0,0.0,0.0
509,1,1,0.333333333333,0.666666666667,0.0,0.0,0.0,0.0,0.0,0.0
510,0,0,1.0,0.0,0.0,0.0,0.0,0.0,0.0,0.0
511,5,5,0.0,0.0,0.0,0.0,0.0,1.0,0.0,0.0
512,1,1,0.25,0.75,0.0,0.0,0.0,0.0,0.0,0.0
513,0,0,0.666666666667,0.0,0.333333333333,0.0,0.0,0.0,0.0,0.0
514,1,1,0.25,0.75,0.0,0.0,0.0,0.0,0.0,0.0
515,1,1,0.333333333333,0.666666666667,0.0,0.0,0.0,0.0,0.0,0.0
516,0,0,0.8,0.0,0.2,0.0,0.0,0.0,0.0,0.0
517,0,0,1.0,0.0,0.0,0.0,0.0,0.0,0.0,0.0
518,0,0,1.0,0.0,0.0,0.0,0.0,0.0,0.0,0.0
519,0,0,1.0,0.0,0.0,0.0,0.0,0.0,0.0,0.0
520,0,0,1.0,0.0,0.0,0.0,0.0,0.0,0.0,0.0
521,0,0,1.0,0.0,0.0,0.0,0.0,0.0,0.0,0.0
522,0,0,1.0,0.0,0.0,0.0,0.0,0.0,0.0,0.0
523,0,0,1.0,0.0,0.0,0.0,0.0,0.0,0.0,0.0
524,0,1,0.333333333333,0.666666666667,0.0,0.0,0.0,0.0,0.0,0.0
525,0,0,0.666666666667,0.333333333333,0.0,0.0,0.0,0.0,0.0,0.0
526,0,5,0.25,0.0,0.0,0.0,0.0,0.75,0.0,0.0
527,0,5,0.333333333333,0.0,0.0,0.0,0.0,0.666666666667,0.0,0.0
528,0,1,0.333333333333,0.666666666667,0.0,0.0,0.0,0.0,0.0,0.0
529,0,1,0.0,1.0,0.0,0.0,0.0,0.0,0.0,0.0
530,1,0,0.75,0.25,0.0,0.0,0.0,0.0,0.0,0.0
531,0,0,1.0,0.0,0.0,0.0,0.0,0.0,0.0,0.0
532,0,0,0.666666666667,0.0,0.0,0.0,0.0,0.0,0.333333333333,0.0
533,0,0,0.5,0.0,0.25,0.0,0.0,0.0,0.25,0.0
534,0,0,1.0,0.0,0.0,0.0,0.0,0.0,0.0,0.0
535,0,0,0.75,0.0,0.25,0.0,0.0,0.0,0.0,0.0
536,0,0,0.666666666667,0.0,0.0,0.0,0.0,0.333333333333,0.0,0.0
537,0,2,0.0,0.5,0.5,0.0,0.0,0.0,0.0,0.0
538,0,0,0.333333333333,0.333333333333,0.333333333333,0.0,0.0,0.0,0.0,0.0
539,0,2,0.5,0.0,0.5,0.0,0.0,0.0,0.0,0.0
540,1,4,0.0,0.25,0.0,0.0,0.75,0.0,0.0,0.0
541,1,4,0.0,0.25,0.0,0.0,0.75,0.0,0.0,0.0
542,1,1,0.0,0.5,0.5,0.0,0.0,0.0,0.0,0.0
543,0,0,0.4,0.2,0.2,0.0,0.0,0.2,0.0,0.0
544,0,0,0.75,0.0,0.0,0.0,0.0,0.0,0.25,0.0
545,5,0,0.666666666667,0.0,0.0,0.0,0.0,0.333333333333,0.0,0.0
546,1,1,0.0,1.0,0.0,0.0,0.0,0.0,0.0,0.0
547,0,1,0.333333333333,0.666666666667,0.0,0.0,0.0,0.0,0.0,0.0
548,1,1,0.0,0.666666666667,0.333333333333,0.0,0.0,0.0,0.0,0.0
549,0,0,1.0,0.0,0.0,0.0,0.0,0.0,0.0,0.0
550,0,0,1.0,0.0,0.0,0.0,0.0,0.0,0.0,0.0
551,4,4,0.333333333333,0.0,0.0,0.0,0.666666666667,0.0,0.0,0.0
552,0,0,0.666666666667,0.0,0.333333333333,0.0,0.0,0.0,0.0,0.0
553,1,0,0.666666666667,0.333333333333,0.0,0.0,0.0,0.0,0.0,0.0
554,3,5,0.0,0.0,0.0,0.5,0.0,0.5,0.0,0.0
555,1,1,0.0,0.75,0.0,0.0,0.0,0.25,0.0,0.0
556,1,1,0.0,0.75,0.25,0.0,0.0,0.0,0.0,0.0
557,3,1,0.333333333333,0.666666666667,0.0,0.0,0.0,0.0,0.0,0.0
558,0,0,0.666666666667,0.0,0.333333333333,0.0,0.0,0.0,0.0,0.0
559,1,1,0.0,1.0,0.0,0.0,0.0,0.0,0.0,0.0
560,0,0,1.0,0.0,0.0,0.0,0.0,0.0,0.0,0.0
561,0,0,1.0,0.0,0.0,0.0,0.0,0.0,0.0,0.0
562,0,0,0.6,0.2,0.2,0.0,0.0,0.0,0.0,0.0
563,0,1,0.0,1.0,0.0,0.0,0.0,0.0,0.0,0.0
564,0,7,0.0,0.0,0.0,0.0,0.0,0.25,0.0,0.75
565,0,7,0.25,0.0,0.0,0.0,0.0,0.0,0.0,0.75
566,1,0,0.75,0.25,0.0,0.0,0.0,0.0,0.0,0.0
567,0,0,0.666666666667,0.0,0.333333333333,0.0,0.0,0.0,0.0,0.0
568,0,0,1.0,0.0,0.0,0.0,0.0,0.0,0.0,0.0
569,0,0,1.0,0.0,0.0,0.0,0.0,0.0,0.0,0.0
570,0,0,0.666666666667,0.0,0.333333333333,0.0,0.0,0.0,0.0,0.0
571,5,0,0.5,0.0,0.25,0.0,0.0,0.25,0.0,0.0
572,0,0,1.0,0.0,0.0,0.0,0.0,0.0,0.0,0.0
573,0,0,1.0,0.0,0.0,0.0,0.0,0.0,0.0,0.0
574,1,0,0.75,0.25,0.0,0.0,0.0,0.0,0.0,0.0
575,1,0,1.0,0.0,0.0,0.0,0.0,0.0,0.0,0.0
576,1,1,0.0,0.5,0.25,0.0,0.25,0.0,0.0,0.0
577,1,1,0.25,0.5,0.0,0.0,0.25,0.0,0.0,0.0
578,1,1,0.0,0.666666666667,0.0,0.0,0.333333333333,0.0,0.0,0.0
579,5,5,0.0,0.333333333333,0.0,0.0,0.0,0.666666666667,0.0,0.0
580,1,2,0.0,0.333333333333,0.666666666667,0.0,0.0,0.0,0.0,0.0
581,0,0,1.0,0.0,0.0,0.0,0.0,0.0,0.0,0.0
582,1,0,0.5,0.5,0.0,0.0,0.0,0.0,0.0,0.0
583,1,1,0.0,1.0,0.0,0.0,0.0,0.0,0.0,0.0
584,5,7,0.333333333333,0.0,0.0,0.0,0.0,0.333333333333,0.0,0.333333333333
585,0,7,0.25,0.0,0.0,0.0,0.0,0.25,0.0,0.5
586,1,2,0.25,0.25,0.5,0.0,0.0,0.0,0.0,0.0
587,4,4,0.2,0.0,0.2,0.0,0.6,0.0,0.0,0.0
588,0,2,0.333333333333,0.0,0.666666666667,0.0,0.0,0.0,0.0,0.0
589,0,0,0.666666666667,0.0,0.333333333333,0.0,0.0,0.0,0.0,0.0
590,4,2,0.0,0.25,0.5,0.0,0.25,0.0,0.0,0.0
591,1,0,0.333333333333,0.333333333333,0.0,0.0,0.0,0.0,0.333333333333,0.0
592,1,0,0.333333333333,0.0,0.333333333333,0.0,0.0,0.0,0.333333333333,0.0
593,0,0,0.333333333333,0.0,0.333333333333,0.0,0.333333333333,0.0,0.0,0.0
594,0,0,0.666666666667,0.333333333333,0.0,0.0,0.0,0.0,0.0,0.0
595,0,0,1.0,0.0,0.0,0.0,0.0,0.0,0.0,0.0
596,4,4,0.5,0.0,0.0,0.0,0.5,0.0,0.0,0.0
597,0,0,0.666666666667,0.0,0.333333333333,0.0,0.0,0.0,0.0,0.0
598,0,0,0.5,0.0,0.5,0.0,0.0,0.0,0.0,0.0
599,0,7,0.0,0.25,0.25,0.0,0.0,0.0,0.0,0.5
600,0,1,0.333333333333,0.333333333333,0.0,0.0,0.0,0.333333333333,0.0,0.0
601,7,5,0.0,0.0,0.0,0.0,0.0,1.0,0.0,0.0
602,0,1,0.5,0.5,0.0,0.0,0.0,0.0,0.0,0.0
603,1,1,0.333333333333,0.666666666667,0.0,0.0,0.0,0.0,0.0,0.0
604,3,1,0.0,0.666666666667,0.0,0.333333333333,0.0,0.0,0.0,0.0
605,0,1,0.333333333333,0.333333333333,0.333333333333,0.0,0.0,0.0,0.0,0.0
606,0,1,0.0,1.0,0.0,0.0,0.0,0.0,0.0,0.0
607,1,5,0.0,0.5,0.0,0.0,0.0,0.5,0.0,0.0
608,1,1,0.333333333333,0.666666666667,0.0,0.0,0.0,0.0,0.0,0.0
609,5,2,0.0,0.0,0.5,0.0,0.0,0.5,0.0,0.0
610,0,0,1.0,0.0,0.0,0.0,0.0,0.0,0.0,0.0
611,6,6,0.0,0.0,0.0,0.0,0.0,0.0,1.0,0.0
612,2,2,0.333333333333,0.0,0.666666666667,0.0,0.0,0.0,0.0,0.0
613,1,1,0.0,1.0,0.0,0.0,0.0,0.0,0.0,0.0
614,1,1,0.0,1.0,0.0,0.0,0.0,0.0,0.0,0.0
615,0,0,0.5,0.0,0.0,0.0,0.0,0.5,0.0,0.0
616,0,2,0.25,0.0,0.5,0.0,0.0,0.25,0.0,0.0
617,0,0,0.333333333333,0.333333333333,0.333333333333,0.0,0.0,0.0,0.0,0.0
618,0,0,1.0,0.0,0.0,0.0,0.0,0.0,0.0,0.0
619,0,0,0.5,0.0,0.5,0.0,0.0,0.0,0.0,0.0
620,0,0,1.0,0.0,0.0,0.0,0.0,0.0,0.0,0.0
621,0,0,0.5,0.0,0.5,0.0,0.0,0.0,0.0,0.0
622,1,1,0.0,1.0,0.0,0.0,0.0,0.0,0.0,0.0
623,0,0,0.333333333333,0.0,0.333333333333,0.0,0.0,0.333333333333,0.0,0.0
624,0,0,0.666666666667,0.0,0.333333333333,0.0,0.0,0.0,0.0,0.0
625,4,4,0.0,0.0,0.0,0.0,1.0,0.0,0.0,0.0
626,0,0,1.0,0.0,0.0,0.0,0.0,0.0,0.0,0.0
627,1,1,0.0,1.0,0.0,0.0,0.0,0.0,0.0,0.0
628,0,0,1.0,0.0,0.0,0.0,0.0,0.0,0.0,0.0
629,1,1,0.0,1.0,0.0,0.0,0.0,0.0,0.0,0.0
630,1,2,0.0,0.25,0.5,0.0,0.0,0.0,0.25,0.0
631,1,1,0.0,0.333333333333,0.0,0.0,0.333333333333,0.333333333333,0.0,0.0
632,0,0,1.0,0.0,0.0,0.0,0.0,0.0,0.0,0.0
633,0,0,0.333333333333,0.0,0.333333333333,0.0,0.0,0.333333333333,0.0,0.0
634,0,0,0.666666666667,0.0,0.333333333333,0.0,0.0,0.0,0.0,0.0
635,1,2,0.0,0.333333333333,0.666666666667,0.0,0.0,0.0,0.0,0.0
636,0,0,0.666666666667,0.0,0.333333333333,0.0,0.0,0.0,0.0,0.0
637,0,0,0.5,0.0,0.0,0.5,0.0,0.0,0.0,0.0
638,1,1,0.0,0.5,0.0,0.0,0.0,0.5,0.0,0.0
639,1,5,0.0,0.25,0.0,0.0,0.0,0.75,0.0,0.0
640,0,0,1.0,0.0,0.0,0.0,0.0,0.0,0.0,0.0
641,0,0,0.333333333333,0.0,0.333333333333,0.0,0.0,0.333333333333,0.0,0.0
642,0,6,0.0,0.0,0.0,0.0,0.0,0.0,0.666666666667,0.333333333333
643,1,1,0.0,1.0,0.0,0.0,0.0,0.0,0.0,0.0
644,1,5,0.0,0.333333333333,0.333333333333,0.0,0.0,0.333333333333,0.0,0.0
645,0,0,0.5,0.0,0.5,0.0,0.0,0.0,0.0,0.0
646,0,0,1.0,0.0,0.0,0.0,0.0,0.0,0.0,0.0
647,1,1,0.0,0.666666666667,0.0,0.0,0.0,0.333333333333,0.0,0.0
648,0,0,0.666666666667,0.0,0.0,0.333333333333,0.0,0.0,0.0,0.0
649,0,0,0.666666666667,0.0,0.333333333333,0.0,0.0,0.0,0.0,0.0
650,4,4,0.0,0.25,0.0,0.0,0.75,0.0,0.0,0.0
651,0,0,1.0,0.0,0.0,0.0,0.0,0.0,0.0,0.0
652,0,4,0.5,0.0,0.0,0.0,0.5,0.0,0.0,0.0
653,1,1,0.0,1.0,0.0,0.0,0.0,0.0,0.0,0.0
654,0,3,0.5,0.0,0.0,0.5,0.0,0.0,0.0,0.0
655,1,1,0.0,0.666666666667,0.333333333333,0.0,0.0,0.0,0.0,0.0
656,0,2,0.0,0.333333333333,0.666666666667,0.0,0.0,0.0,0.0,0.0
657,0,0,0.75,0.0,0.0,0.0,0.0,0.25,0.0,0.0
658,1,0,0.5,0.0,0.5,0.0,0.0,0.0,0.0,0.0
659,0,0,1.0,0.0,0.0,0.0,0.0,0.0,0.0,0.0
660,0,0,0.666666666667,0.0,0.0,0.0,0.0,0.333333333333,0.0,0.0
661,2,2,0.333333333333,0.0,0.333333333333,0.0,0.0,0.333333333333,0.0,0.0
662,0,0,1.0,0.0,0.0,0.0,0.0,0.0,0.0,0.0
663,1,5,0.0,0.333333333333,0.0,0.0,0.0,0.333333333333,0.333333333333,0.0
664,1,1,0.0,1.0,0.0,0.0,0.0,0.0,0.0,0.0
665,1,1,0.333333333333,0.666666666667,0.0,0.0,0.0,0.0,0.0,0.0
666,1,0,0.5,0.5,0.0,0.0,0.0,0.0,0.0,0.0
667,1,1,0.0,1.0,0.0,0.0,0.0,0.0,0.0,0.0
668,0,2,0.333333333333,0.0,0.666666666667,0.0,0.0,0.0,0.0,0.0
669,1,1,0.0,1.0,0.0,0.0,0.0,0.0,0.0,0.0
670,1,2,0.0,0.0,1.0,0.0,0.0,0.0,0.0,0.0
671,2,2,0.0,0.0,0.666666666667,0.0,0.0,0.333333333333,0.0,0.0
672,1,1,0.0,1.0,0.0,0.0,0.0,0.0,0.0,0.0
673,0,0,0.75,0.0,0.0,0.25,0.0,0.0,0.0,0.0
674,1,1,0.0,0.666666666667,0.333333333333,0.0,0.0,0.0,0.0,0.0
675,0,0,0.666666666667,0.0,0.0,0.333333333333,0.0,0.0,0.0,0.0
676,1,6,0.0,0.0,0.333333333333,0.0,0.0,0.333333333333,0.333333333333,0.0
677,0,0,1.0,0.0,0.0,0.0,0.0,0.0,0.0,0.0
678,7,2,0.0,0.333333333333,0.333333333333,0.0,0.0,0.0,0.0,0.333333333333
679,0,0,0.666666666667,0.0,0.333333333333,0.0,0.0,0.0,0.0,0.0
680,4,4,0.0,0.0,0.0,0.0,1.0,0.0,0.0,0.0
681,0,2,0.333333333333,0.0,0.333333333333,0.0,0.0,0.0,0.333333333333,0.0
682,0,0,0.5,0.0,0.5,0.0,0.0,0.0,0.0,0.0
683,0,0,0.666666666667,0.0,0.333333333333,0.0,0.0,0.0,0.0,0.0
684,1,1,0.0,1.0,0.0,0.0,0.0,0.0,0.0,0.0
685,1,1,0.0,0.666666666667,0.333333333333,0.0,0.0,0.0,0.0,0.0
686,0,1,0.5,0.5,0.0,0.0,0.0,0.0,0.0,0.0
687,1,1,0.0,1.0,0.0,0.0,0.0,0.0,0.0,0.0
688,0,4,0.0,0.0,0.0,0.0,1.0,0.0,0.0,0.0
689,1,7,0.0,0.0,0.5,0.0,0.0,0.0,0.0,0.5
690,6,6,0.0,0.0,0.0,0.0,0.0,0.0,1.0,0.0
691,1,1,0.0,1.0,0.0,0.0,0.0,0.0,0.0,0.0
692,0,0,0.666666666667,0.0,0.333333333333,0.0,0.0,0.0,0.0,0.0
693,7,7,0.0,0.0,0.0,0.0,0.0,0.0,0.0,1.0
694,7,4,0.333333333333,0.0,0.0,0.0,0.333333333333,0.0,0.0,0.333333333333
695,1,1,0.0,0.75,0.0,0.0,0.0,0.25,0.0,0.0
696,7,7,0.0,0.0,0.0,0.0,0.0,0.0,0.0,1.0
697,6,6,0.0,0.0,0.5,0.0,0.0,0.0,0.5,0.0
698,1,1,0.0,1.0,0.0,0.0,0.0,0.0,0.0,0.0
699,1,1,0.0,0.666666666667,0.0,0.0,0.0,0.333333333333,0.0,0.0
700,1,0,0.5,0.5,0.0,0.0,0.0,0.0,0.0,0.0
701,6,5,0.0,0.0,0.0,0.0,0.0,0.5,0.5,0.0
702,4,4,0.0,0.0,0.0,0.0,0.75,0.0,0.0,0.25
703,1,1,0.2,0.4,0.0,0.2,0.0,0.2,0.0,0.0
704,1,2,0.0,0.5,0.5,0.0,0.0,0.0,0.0,0.0
705,1,1,0.0,1.0,0.0,0.0,0.0,0.0,0.0,0.0
706,1,1,0.0,1.0,0.0,0.0,0.0,0.0,0.0,0.0
707,1,2,0.0,0.5,0.5,0.0,0.0,0.0,0.0,0.0
708,1,1,0.0,1.0,0.0,0.0,0.0,0.0,0.0,0.0
709,1,1,0.0,1.0,0.0,0.0,0.0,0.0,0.0,0.0
710,1,1,0.0,0.5,0.5,0.0,0.0,0.0,0.0,0.0
711,1,5,0.0,0.5,0.0,0.0,0.0,0.5,0.0,0.0
712,1,1,0.0,0.5,0.5,0.0,0.0,0.0,0.0,0.0
713,0,0,0.666666666667,0.0,0.0,0.0,0.0,0.333333333333,0.0,0.0
714,1,2,0.0,0.5,0.5,0.0,0.0,0.0,0.0,0.0
715,1,1,0.0,1.0,0.0,0.0,0.0,0.0,0.0,0.0
716,1,1,0.0,0.666666666667,0.333333333333,0.0,0.0,0.0,0.0,0.0
717,0,0,1.0,0.0,0.0,0.0,0.0,0.0,0.0,0.0
718,0,0,1.0,0.0,0.0,0.0,0.0,0.0,0.0,0.0
719,1,1,0.0,1.0,0.0,0.0,0.0,0.0,0.0,0.0
720,7,7,0.0,0.0,0.0,0.0,0.0,0.0,0.0,1.0
721,6,6,0.0,0.0,0.0,0.0,0.0,0.0,1.0,0.0
722,0,0,0.666666666667,0.333333333333,0.0,0.0,0.0,0.0,0.0,0.0
723,1,1,0.0,0.666666666667,0.0,0.0,0.0,0.0,0.0,0.333333333333
724,4,4,0.0,0.0,0.0,0.0,1.0,0.0,0.0,0.0
725,1,1,0.0,0.666666666667,0.333333333333,0.0,0.0,0.0,0.0,0.0
726,1,1,0.0,1.0,0.0,0.0,0.0,0.0,0.0,0.0
727,1,1,0.0,1.0,0.0,0.0,0.0,0.0,0.0,0.0
728,0,1,0.0,1.0,0.0,0.0,0.0,0.0,0.0,0.0
729,1,2,0.25,0.0,0.5,0.0,0.25,0.0,0.0,0.0
730,1,1,0.0,1.0,0.0,0.0,0.0,0.0,0.0,0.0
731,0,0,1.0,0.0,0.0,0.0,0.0,0.0,0.0,0.0
732,0,0,0.666666666667,0.0,0.0,0.0,0.333333333333,0.0,0.0,0.0
733,6,6,0.0,0.0,0.0,0.0,0.0,0.0,1.0,0.0
734,4,4,0.0,0.0,0.0,0.0,1.0,0.0,0.0,0.0
735,0,5,0.0,0.0,0.0,0.0,0.0,0.5,0.5,0.0
736,4,4,0.0,0.5,0.0,0.0,0.5,0.0,0.0,0.0
737,4,4,0.0,0.0,0.0,0.0,1.0,0.0,0.0,0.0
738,0,6,0.333333333333,0.0,0.0,0.0,0.0,0.333333333333,0.333333333333,0.0
739,1,1,0.0,0.666666666667,0.333333333333,0.0,0.0,0.0,0.0,0.0
740,1,1,0.0,1.0,0.0,0.0,0.0,0.0,0.0,0.0
741,0,0,0.5,0.0,0.5,0.0,0.0,0.0,0.0,0.0
742,2,2,0.0,0.0,0.666666666667,0.0,0.0,0.333333333333,0.0,0.0
743,0,1,0.333333333333,0.666666666667,0.0,0.0,0.0,0.0,0.0,0.0
744,0,2,0.333333333333,0.0,0.333333333333,0.0,0.0,0.333333333333,0.0,0.0
745,0,0,0.333333333333,0.0,0.333333333333,0.0,0.0,0.333333333333,0.0,0.0
746,0,0,1.0,0.0,0.0,0.0,0.0,0.0,0.0,0.0
747,0,0,1.0,0.0,0.0,0.0,0.0,0.0,0.0,0.0
748,0,0,1.0,0.0,0.0,0.0,0.0,0.0,0.0,0.0
749,0,0,0.5,0.0,0.25,0.25,0.0,0.0,0.0,0.0
750,0,0,0.666666666667,0.0,0.0,0.0,0.0,0.333333333333,0.0,0.0
751,1,2,0.0,0.0,0.666666666667,0.0,0.0,0.333333333333,0.0,0.0
752,0,0,0.666666666667,0.333333333333,0.0,0.0,0.0,0.0,0.0,0.0
753,0,1,0.5,0.5,0.0,0.0,0.0,0.0,0.0,0.0
754,0,0,1.0,0.0,0.0,0.0,0.0,0.0,0.0,0.0
755,0,2,0.5,0.0,0.5,0.0,0.0,0.0,0.0,0.0
756,0,2,0.5,0.0,0.5,0.0,0.0,0.0,0.0,0.0
757,1,5,0.0,0.5,0.0,0.0,0.0,0.5,0.0,0.0
758,1,1,0.0,1.0,0.0,0.0,0.0,0.0,0.0,0.0
759,0,2,0.0,0.0,0.5,0.0,0.0,0.5,0.0,0.0
760,1,1,0.0,0.666666666667,0.0,0.0,0.0,0.333333333333,0.0,0.0
761,1,2,0.0,0.0,0.666666666667,0.0,0.0,0.333333333333,0.0,0.0
762,1,1,0.0,1.0,0.0,0.0,0.0,0.0,0.0,0.0
763,0,0,0.75,0.25,0.0,0.0,0.0,0.0,0.0,0.0
764,0,0,0.666666666667,0.0,0.0,0.0,0.0,0.333333333333,0.0,0.0
765,0,0,1.0,0.0,0.0,0.0,0.0,0.0,0.0,0.0
766,0,0,1.0,0.0,0.0,0.0,0.0,0.0,0.0,0.0
767,1,2,0.0,0.333333333333,0.666666666667,0.0,0.0,0.0,0.0,0.0
768,1,1,0.0,0.666666666667,0.333333333333,0.0,0.0,0.0,0.0,0.0
769,0,0,0.666666666667,0.0,0.333333333333,0.0,0.0,0.0,0.0,0.0
770,0,2,0.333333333333,0.0,0.666666666667,0.0,0.0,0.0,0.0,0.0
771,2,2,0.0,0.0,1.0,0.0,0.0,0.0,0.0,0.0
772,1,5,0.5,0.0,0.0,0.0,0.0,0.5,0.0,0.0
773,5,5,0.0,0.333333333333,0.0,0.0,0.0,0.666666666667,0.0,0.0
774,0,1,0.0,0.666666666667,0.0,0.0,0.0,0.333333333333,0.0,0.0
775,0,0,0.8,0.2,0.0,0.0,0.0,0.0,0.0,0.0
776,0,0,0.5,0.0,0.5,0.0,0.0,0.0,0.0,0.0
777,0,0,1.0,0.0,0.0,0.0,0.0,0.0,0.0,0.0
778,1,1,0.333333333333,0.666666666667,0.0,0.0,0.0,0.0,0.0,0.0
779,0,0,0.666666666667,0.0,0.333333333333,0.0,0.0,0.0,0.0,0.0
780,0,0,0.5,0.0,0.0,0.25,0.0,0.0,0.25,0.0
781,4,4,0.0,0.0,0.0,0.0,0.5,0.0,0.0,0.5
782,1,1,0.0,1.0,0.0,0.0,0.0,0.0,0.0,0.0
783,1,2,0.0,0.333333333333,0.333333333333,0.0,0.0,0.333333333333,0.0,0.0
784,7,7,0.0,0.0,0.0,0.0,0.0,0.0,0.0,1.0
785,4,4,0.0,0.0,0.0,0.0,1.0,0.0,0.0,0.0
786,0,7,0.5,0.0,0.0,0.0,0.0,0.0,0.0,0.5
787,0,0,1.0,0.0,0.0,0.0,0.0,0.0,0.0,0.0
788,0,2,0.0,0.0,0.666666666667,0.0,0.0,0.0,0.333333333333,0.0
789,0,0,1.0,0.0,0.0,0.0,0.0,0.0,0.0,0.0
790,0,0,0.333333333333,0.0,0.0,0.333333333333,0.0,0.0,0.333333333333,0.0
791,1,1,0.0,0.5,0.5,0.0,0.0,0.0,0.0,0.0
792,0,0,0.666666666667,0.0,0.0,0.0,0.0,0.0,0.0,0.333333333333
793,0,1,0.0,1.0,0.0,0.0,0.0,0.0,0.0,0.0
794,0,0,0.666666666667,0.0,0.333333333333,0.0,0.0,0.0,0.0,0.0
795,4,1,0.0,1.0,0.0,0.0,0.0,0.0,0.0,0.0
796,1,1,0.0,1.0,0.0,0.0,0.0,0.0,0.0,0.0
797,1,5,0.0,0.5,0.0,0.0,0.0,0.5,0.0,0.0
798,0,0,0.75,0.0,0.25,0.0,0.0,0.0,0.0,0.0
799,1,5,0.0,0.0,0.0,0.0,0.0,1.0,0.0,0.0
800,4,4,0.0,0.0,0.0,0.0,1.0,0.0,0.0,0.0
801,0,2,0.333333333333,0.0,0.333333333333,0.0,0.0,0.0,0.0,0.333333333333
802,7,7,0.0,0.0,0.0,0.0,0.0,0.0,0.0,1.0
803,0,5,0.0,0.0,0.333333333333,0.0,0.0,0.333333333333,0.333333333333,0.0
804,2,6,0.0,0.0,0.5,0.0,0.0,0.0,0.5,0.0
805,5,5,0.0,0.0,0.0,0.0,0.0,1.0,0.0,0.0
806,7,7,0.0,0.0,0.0,0.0,0.0,0.0,0.0,1.0
807,0,0,1.0,0.0,0.0,0.0,0.0,0.0,0.0,0.0
808,0,0,1.0,0.0,0.0,0.0,0.0,0.0,0.0,0.0
809,0,0,1.0,0.0,0.0,0.0,0.0,0.0,0.0,0.0
810,0,6,0.333333333333,0.0,0.0,0.0,0.0,0.333333333333,0.333333333333,0.0
811,4,4,0.0,0.25,0.0,0.0,0.5,0.0,0.0,0.25
812,5,2,0.0,0.0,0.5,0.0,0.0,0.5,0.0,0.0
813,1,1,0.0,1.0,0.0,0.0,0.0,0.0,0.0,0.0
814,1,1,0.25,0.5,0.0,0.0,0.0,0.25,0.0,0.0
815,1,1,0.0,0.666666666667,0.333333333333,0.0,0.0,0.0,0.0,0.0
816,1,1,0.0,1.0,0.0,0.0,0.0,0.0,0.0,0.0
817,0,0,0.666666666667,0.0,0.0,0.0,0.0,0.333333333333,0.0,0.0
818,0,1,0.5,0.5,0.0,0.0,0.0,0.0,0.0,0.0
819,1,5,0.0,0.0,0.0,0.0,0.0,1.0,0.0,0.0
820,0,5,0.0,0.0,0.333333333333,0.0,0.0,0.666666666667,0.0,0.0
821,1,1,0.0,1.0,0.0,0.0,0.0,0.0,0.0,0.0
822,0,0,0.666666666667,0.0,0.333333333333,0.0,0.0,0.0,0.0,0.0
823,0,0,1.0,0.0,0.0,0.0,0.0,0.0,0.0,0.0
824,1,4,0.0,0.5,0.0,0.0,0.5,0.0,0.0,0.0
825,0,0,0.75,0.0,0.25,0.0,0.0,0.0,0.0,0.0
826,0,0,0.666666666667,0.0,0.333333333333,0.0,0.0,0.0,0.0,0.0
827,0,0,0.666666666667,0.0,0.0,0.0,0.0,0.0,0.333333333333,0.0
828,1,1,0.0,1.0,0.0,0.0,0.0,0.0,0.0,0.0
829,0,0,1.0,0.0,0.0,0.0,0.0,0.0,0.0,0.0
830,1,1,0.0,1.0,0.0,0.0,0.0,0.0,0.0,0.0
831,6,5,0.0,0.0,0.0,0.0,0.0,1.0,0.0,0.0
832,0,0,1.0,0.0,0.0,0.0,0.0,0.0,0.0,0.0
833,7,7,0.0,0.0,0.0,0.0,0.0,0.333333333333,0.0,0.666666666667
834,1,1,0.0,1.0,0.0,0.0,0.0,0.0,0.0,0.0
835,0,0,0.666666666667,0.0,0.0,0.0,0.0,0.0,0.0,0.333333333333
836,2,2,0.0,0.333333333333,0.666666666667,0.0,0.0,0.0,0.0,0.0
837,0,0,1.0,0.0,0.0,0.0,0.0,0.0,0.0,0.0
838,0,1,0.0,1.0,0.0,0.0,0.0,0.0,0.0,0.0
839,1,1,0.0,0.666666666667,0.0,0.0,0.0,0.0,0.333333333333,0.0
840,0,0,0.75,0.0,0.0,0.0,0.0,0.0,0.25,0.0
841,4,4,0.25,0.0,0.0,0.0,0.5,0.0,0.25,0.0
842,2,2,0.0,0.0,1.0,0.0,0.0,0.0,0.0,0.0
843,1,1,0.0,1.0,0.0,0.0,0.0,0.0,0.0,0.0
844,5,6,0.0,0.25,0.25,0.0,0.0,0.0,0.5,0.0
845,0,2,0.0,0.0,1.0,0.0,0.0,0.0,0.0,0.0
846,1,1,0.0,0.75,0.0,0.0,0.0,0.0,0.25,0.0
847,1,1,0.0,0.5,0.0,0.0,0.0,0.0,0.5,0.0
848,0,2,0.0,0.5,0.5,0.0,0.0,0.0,0.0,0.0
849,0,0,0.666666666667,0.0,0.333333333333,0.0,0.0,0.0,0.0,0.0
850,0,1,0.0,0.666666666667,0.0,0.0,0.0,0.333333333333,0.0,0.0
851,0,1,0.5,0.5,0.0,0.0,0.0,0.0,0.0,0.0
852,0,0,1.0,0.0,0.0,0.0,0.0,0.0,0.0,0.0
853,5,5,0.0,0.0,0.25,0.0,0.0,0.5,0.0,0.25
854,0,2,0.5,0.0,0.5,0.0,0.0,0.0,0.0,0.0
855,0,0,1.0,0.0,0.0,0.0,0.0,0.0,0.0,0.0
856,3,3,0.0,0.0,0.333333333333,0.333333333333,0.0,0.333333333333,0.0,0.0
857,1,2,0.333333333333,0.333333333333,0.333333333333,0.0,0.0,0.0,0.0,0.0
858,1,1,0.0,0.75,0.0,0.0,0.0,0.0,0.25,0.0
859,0,0,1.0,0.0,0.0,0.0,0.0,0.0,0.0,0.0
860,1,2,0.0,0.0,0.666666666667,0.0,0.0,0.333333333333,0.0,0.0
861,0,0,1.0,0.0,0.0,0.0,0.0,0.0,0.0,0.0
862,1,2,0.0,0.0,0.666666666667,0.0,0.0,0.0,0.333333333333,0.0
863,1,5,0.0,0.5,0.0,0.0,0.0,0.5,0.0,0.0
864,0,0,0.666666666667,0.0,0.333333333333,0.0,0.0,0.0,0.0,0.0
865,0,5,0.333333333333,0.0,0.333333333333,0.0,0.0,0.333333333333,0.0,0.0
866,1,5,0.0,0.25,0.0,0.0,0.0,0.5,0.25,0.0
867,0,0,1.0,0.0,0.0,0.0,0.0,0.0,0.0,0.0
868,0,0,1.0,0.0,0.0,0.0,0.0,0.0,0.0,0.0
869,0,0,0.666666666667,0.0,0.0,0.0,0.0,0.0,0.333333333333,0.0
870,0,0,1.0,0.0,0.0,0.0,0.0,0.0,0.0,0.0
871,1,0,1.0,0.0,0.0,0.0,0.0,0.0,0.0,0.0
872,0,0,0.333333333333,0.0,0.333333333333,0.0,0.0,0.333333333333,0.0,0.0
873,0,0,0.5,0.0,0.0,0.0,0.0,0.0,0.5,0.0
874,0,0,0.5,0.0,0.0,0.0,0.0,0.0,0.5,0.0
875,0,0,0.666666666667,0.0,0.0,0.0,0.0,0.333333333333,0.0,0.0
876,0,4,0.333333333333,0.0,0.0,0.0,0.333333333333,0.0,0.333333333333,0.0
877,0,0,0.5,0.0,0.0,0.5,0.0,0.0,0.0,0.0
878,0,0,0.333333333333,0.0,0.0,0.333333333333,0.0,0.333333333333,0.0,0.0
879,0,0,1.0,0.0,0.0,0.0,0.0,0.0,0.0,0.0
880,1,1,0.0,1.0,0.0,0.0,0.0,0.0,0.0,0.0
881,0,0,0.666666666667,0.0,0.0,0.0,0.0,0.333333333333,0.0,0.0
882,3,3,0.0,0.0,0.333333333333,0.666666666667,0.0,0.0,0.0,0.0
883,0,5,0.5,0.0,0.0,0.0,0.0,0.5,0.0,0.0
884,1,1,0.0,1.0,0.0,0.0,0.0,0.0,0.0,0.0
885,0,0,1.0,0.0,0.0,0.0,0.0,0.0,0.0,0.0
886,0,0,0.75,0.0,0.0,0.0,0.0,0.25,0.0,0.0
887,5,5,0.0,0.0,0.333333333333,0.0,0.0,0.666666666667,0.0,0.0
888,0,0,0.666666666667,0.0,0.333333333333,0.0,0.0,0.0,0.0,0.0
889,1,4,0.0,0.25,0.25,0.25,0.25,0.0,0.0,0.0
890,0,0,0.75,0.0,0.25,0.0,0.0,0.0,0.0,0.0
891,0,0,0.666666666667,0.0,0.0,0.0,0.0,0.333333333333,0.0,0.0
892,0,0,1.0,0.0,0.0,0.0,0.0,0.0,0.0,0.0
893,1,1,0.0,0.5,0.0,0.0,0.0,0.0,0.0,0.5
894,0,0,1.0,0.0,0.0,0.0,0.0,0.0,0.0,0.0
895,0,0,1.0,0.0,0.0,0.0,0.0,0.0,0.0,0.0
896,0,0,0.666666666667,0.0,0.0,0.0,0.333333333333,0.0,0.0,0.0
897,1,1,0.0,1.0,0.0,0.0,0.0,0.0,0.0,0.0
898,1,1,0.0,0.333333333333,0.0,0.333333333333,0.0,0.333333333333,0.0,0.0
899,1,1,0.0,1.0,0.0,0.0,0.0,0.0,0.0,0.0
900,5,5,0.0,0.5,0.0,0.0,0.0,0.5,0.0,0.0
901,0,0,0.666666666667,0.0,0.0,0.0,0.0,0.333333333333,0.0,0.0
902,1,1,0.0,1.0,0.0,0.0,0.0,0.0,0.0,0.0
903,0,4,0.0,0.0,0.0,0.0,1.0,0.0,0.0,0.0
904,0,2,0.333333333333,0.0,0.333333333333,0.0,0.0,0.333333333333,0.0,0.0
905,1,0,0.333333333333,0.0,0.333333333333,0.0,0.0,0.333333333333,0.0,0.0
906,5,5,0.0,0.0,0.0,0.0,0.0,1.0,0.0,0.0
907,1,1,0.0,0.666666666667,0.333333333333,0.0,0.0,0.0,0.0,0.0
908,1,1,0.0,1.0,0.0,0.0,0.0,0.0,0.0,0.0
909,0,0,1.0,0.0,0.0,0.0,0.0,0.0,0.0,0.0
910,0,0,1.0,0.0,0.0,0.0,0.0,0.0,0.0,0.0
911,0,0,0.666666666667,0.0,0.0,0.0,0.0,0.333333333333,0.0,0.0
912,0,0,1.0,0.0,0.0,0.0,0.0,0.0,0.0,0.0
913,0,0,1.0,0.0,0.0,0.0,0.0,0.0,0.0,0.0
914,1,5,0.0,0.0,0.0,0.0,0.0,1.0,0.0,0.0
915,1,5,0.0,0.25,0.25,0.0,0.0,0.5,0.0,0.0
916,1,2,0.0,0.0,1.0,0.0,0.0,0.0,0.0,0.0
917,1,5,0.0,0.0,0.5,0.0,0.0,0.5,0.0,0.0
918,0,2,0.5,0.0,0.5,0.0,0.0,0.0,0.0,0.0
919,0,0,1.0,0.0,0.0,0.0,0.0,0.0,0.0,0.0
920,0,5,0.5,0.0,0.0,0.0,0.0,0.5,0.0,0.0
921,1,1,0.0,1.0,0.0,0.0,0.0,0.0,0.0,0.0
922,1,1,0.0,1.0,0.0,0.0,0.0,0.0,0.0,0.0
923,0,0,0.666666666667,0.0,0.0,0.0,0.0,0.333333333333,0.0,0.0
924,4,4,0.0,0.0,0.0,0.0,1.0,0.0,0.0,0.0
925,4,4,0.0,0.0,0.0,0.0,1.0,0.0,0.0,0.0
926,6,6,0.0,0.0,0.0,0.0,0.0,0.0,1.0,0.0
927,1,1,0.0,1.0,0.0,0.0,0.0,0.0,0.0,0.0
928,0,0,1.0,0.0,0.0,0.0,0.0,0.0,0.0,0.0
929,1,5,0.0,0.5,0.0,0.0,0.0,0.5,0.0,0.0
930,0,0,1.0,0.0,0.0,0.0,0.0,0.0,0.0,0.0
931,0,1,0.5,0.5,0.0,0.0,0.0,0.0,0.0,0.0
932,4,4,0.0,0.0,0.0,0.0,1.0,0.0,0.0,0.0
933,3,3,0.0,0.0,0.333333333333,0.666666666667,0.0,0.0,0.0,0.0
934,0,0,1.0,0.0,0.0,0.0,0.0,0.0,0.0,0.0
935,0,0,1.0,0.0,0.0,0.0,0.0,0.0,0.0,0.0
936,0,2,0.333333333333,0.0,0.666666666667,0.0,0.0,0.0,0.0,0.0
937,0,0,1.0,0.0,0.0,0.0,0.0,0.0,0.0,0.0
938,0,1,0.0,1.0,0.0,0.0,0.0,0.0,0.0,0.0
939,1,0,1.0,0.0,0.0,0.0,0.0,0.0,0.0,0.0
940,0,1,0.0,0.666666666667,0.333333333333,0.0,0.0,0.0,0.0,0.0
941,1,0,1.0,0.0,0.0,0.0,0.0,0.0,0.0,0.0
942,1,1,0.5,0.5,0.0,0.0,0.0,0.0,0.0,0.0
943,1,2,0.0,0.25,0.5,0.0,0.0,0.25,0.0,0.0
944,0,0,1.0,0.0,0.0,0.0,0.0,0.0,0.0,0.0
945,0,5,0.5,0.0,0.0,0.0,0.0,0.5,0.0,0.0
946,0,6,0.5,0.0,0.0,0.0,0.0,0.0,0.5,0.0
947,0,0,1.0,0.0,0.0,0.0,0.0,0.0,0.0,0.0
948,1,1,0.0,1.0,0.0,0.0,0.0,0.0,0.0,0.0
949,1,1,0.0,1.0,0.0,0.0,0.0,0.0,0.0,0.0
950,0,0,1.0,0.0,0.0,0.0,0.0,0.0,0.0,0.0
951,0,2,0.5,0.0,0.5,0.0,0.0,0.0,0.0,0.0
952,0,0,0.666666666667,0.0,0.333333333333,0.0,0.0,0.0,0.0,0.0
953,0,0,0.666666666667,0.0,0.333333333333,0.0,0.0,0.0,0.0,0.0
954,0,2,0.5,0.0,0.5,0.0,0.0,0.0,0.0,0.0
955,1,1,0.0,1.0,0.0,0.0,0.0,0.0,0.0,0.0
956,1,1,0.0,1.0,0.0,0.0,0.0,0.0,0.0,0.0
957,0,5,0.333333333333,0.0,0.0,0.0,0.0,0.333333333333,0.333333333333,0.0
958,2,0,0.666666666667,0.0,0.333333333333,0.0,0.0,0.0,0.0,0.0
959,0,2,0.0,0.0,0.75,0.0,0.0,0.0,0.25,0.0
960,0,0,0.5,0.25,0.25,0.0,0.0,0.0,0.0,0.0
961,0,0,1.0,0.0,0.0,0.0,0.0,0.0,0.0,0.0
962,0,0,1.0,0.0,0.0,0.0,0.0,0.0,0.0,0.0
963,1,1,0.0,1.0,0.0,0.0,0.0,0.0,0.0,0.0
964,1,1,0.0,1.0,0.0,0.0,0.0,0.0,0.0,0.0
965,0,5,0.333333333333,0.0,0.0,0.0,0.0,0.333333333333,0.333333333333,0.0
966,0,0,0.666666666667,0.0,0.0,0.0,0.0,0.333333333333,0.0,0.0
967,0,2,0.5,0.0,0.5,0.0,0.0,0.0,0.0,0.0
968,1,1,0.0,1.0,0.0,0.0,0.0,0.0,0.0,0.0
969,1,1,0.0,0.5,0.5,0.0,0.0,0.0,0.0,0.0
970,1,1,0.0,0.75,0.25,0.0,0.0,0.0,0.0,0.0
971,0,0,0.5,0.0,0.0,0.0,0.0,0.5,0.0,0.0
972,0,0,0.666666666667,0.0,0.0,0.0,0.0,0.333333333333,0.0,0.0
973,0,0,1.0,0.0,0.0,0.0,0.0,0.0,0.0,0.0
974,0,0,1.0,0.0,0.0,0.0,0.0,0.0,0.0,0.0
975,1,5,0.0,0.0,0.0,0.0,0.0,1.0,0.0,0.0
976,0,0,1.0,0.0,0.0,0.0,0.0,0.0,0.0,0.0
977,0,0,0.666666666667,0.0,0.333333333333,0.0,0.0,0.0,0.0,0.0
978,1,1,0.333333333333,0.666666666667,0.0,0.0,0.0,0.0,0.0,0.0
979,0,0,1.0,0.0,0.0,0.0,0.0,0.0,0.0,0.0
980,0,1,0.333333333333,0.333333333333,0.333333333333,0.0,0.0,0.0,0.0,0.0
981,1,5,0.0,0.333333333333,0.0,0.0,0.0,0.666666666667,0.0,0.0
982,7,4,0.0,0.0,0.0,0.0,1.0,0.0,0.0,0.0
983,0,0,1.0,0.0,0.0,0.0,0.0,0.0,0.0,0.0
984,0,0,0.5,0.0,0.0,0.0,0.0,0.0,0.0,0.5
985,0,0,0.666666666667,0.0,0.0,0.0,0.0,0.333333333333,0.0,0.0
986,0,0,0.666666666667,0.0,0.0,0.0,0.0,0.333333333333,0.0,0.0
987,0,5,0.0,0.0,0.5,0.0,0.0,0.5,0.0,0.0
988,0,0,1.0,0.0,0.0,0.0,0.0,0.0,0.0,0.0
989,0,2,0.333333333333,0.0,0.666666666667,0.0,0.0,0.0,0.0,0.0
990,0,6,0.5,0.0,0.0,0.0,0.0,0.0,0.5,0.0
991,1,1,0.0,1.0,0.0,0.0,0.0,0.0,0.0,0.0
992,0,2,0.5,0.0,0.5,0.0,0.0,0.0,0.0,0.0
993,0,0,0.666666666667,0.0,0.0,0.0,0.0,0.333333333333,0.0,0.0
994,0,5,0.333333333333,0.0,0.0,0.0,0.0,0.666666666667,0.0,0.0
995,0,0,1.0,0.0,0.0,0.0,0.0,0.0,0.0,0.0
996,1,1,0.0,1.0,0.0,0.0,0.0,0.0,0.0,0.0
997,1,1,0.0,1.0,0.0,0.0,0.0,0.0,0.0,0.0
998,0,2,0.333333333333,0.0,0.333333333333,0.0,0.0,0.333333333333,0.0,0.0
999,1,3,0.0,0.333333333333,0.0,0.333333333333,0.0,0.0,0.0,0.333333333333
1000,0,0,1.0,0.0,0.0,0.0,0.0,0.0,0.0,0.0
1001,1,4,0.0,0.5,0.0,0.0,0.5,0.0,0.0,0.0
1002,0,2,0.5,0.0,0.5,0.0,0.0,0.0,0.0,0.0
1003,0,0,1.0,0.0,0.0,0.0,0.0,0.0,0.0,0.0
1004,1,1,0.0,0.5,0.0,0.0,0.0,0.5,0.0,0.0
1005,0,0,1.0,0.0,0.0,0.0,0.0,0.0,0.0,0.0
1006,2,2,0.0,0.0,0.666666666667,0.0,0.0,0.333333333333,0.0,0.0
1007,1,1,0.0,1.0,0.0,0.0,0.0,0.0,0.0,0.0
1008,1,1,0.25,0.5,0.25,0.0,0.0,0.0,0.0,0.0
1009,0,1,0.0,0.75,0.25,0.0,0.0,0.0,0.0,0.0
1010,0,0,1.0,0.0,0.0,0.0,0.0,0.0,0.0,0.0
1011,1,1,0.0,1.0,0.0,0.0,0.0,0.0,0.0,0.0
1012,0,0,1.0,0.0,0.0,0.0,0.0,0.0,0.0,0.0
1013,0,2,0.5,0.0,0.5,0.0,0.0,0.0,0.0,0.0
1014,0,0,1.0,0.0,0.0,0.0,0.0,0.0,0.0,0.0
1015,7,5,0.0,0.5,0.0,0.0,0.0,0.5,0.0,0.0
1016,0,5,0.0,0.0,0.5,0.0,0.0,0.5,0.0,0.0
1017,0,0,1.0,0.0,0.0,0.0,0.0,0.0,0.0,0.0
1018,0,2,0.5,0.0,0.5,0.0,0.0,0.0,0.0,0.0
1019,0,0,0.666666666667,0.0,0.0,0.0,0.0,0.333333333333,0.0,0.0
1020,0,0,1.0,0.0,0.0,0.0,0.0,0.0,0.0,0.0
1021,1,1,0.0,1.0,0.0,0.0,0.0,0.0,0.0,0.0
1022,0,0,0.666666666667,0.0,0.333333333333,0.0,0.0,0.0,0.0,0.0
1023,0,5,0.5,0.0,0.0,0.0,0.0,0.5,0.0,0.0
1024,0,0,0.333333333333,0.0,0.333333333333,0.0,0.0,0.0,0.333333333333,0.0
1025,0,0,1.0,0.0,0.0,0.0,0.0,0.0,0.0,0.0
1026,0,0,0.5,0.0,0.25,0.0,0.0,0.0,0.25,0.0
1027,1,1,0.0,1.0,0.0,0.0,0.0,0.0,0.0,0.0
1028,0,0,0.5,0.0,0.0,0.5,0.0,0.0,0.0,0.0
1029,0,2,0.0,0.0,1.0,0.0,0.0,0.0,0.0,0.0
1030,0,0,1.0,0.0,0.0,0.0,0.0,0.0,0.0,0.0
1031,1,1,0.0,1.0,0.0,0.0,0.0,0.0,0.0,0.0
1032,0,0,0.666666666667,0.0,0.0,0.0,0.0,0.333333333333,0.0,0.0
1033,0,0,1.0,0.0,0.0,0.0,0.0,0.0,0.0,0.0
1034,0,0,1.0,0.0,0.0,0.0,0.0,0.0,0.0,0.0
1035,0,0,1.0,0.0,0.0,0.0,0.0,0.0,0.0,0.0
1036,1,1,0.0,1.0,0.0,0.0,0.0,0.0,0.0,0.0
1037,0,0,0.5,0.0,0.5,0.0,0.0,0.0,0.0,0.0
1038,1,0,0.75,0.0,0.25,0.0,0.0,0.0,0.0,0.0
1039,1,1,0.0,0.666666666667,0.0,0.0,0.0,0.0,0.0,0.333333333333
1040,0,1,0.0,1.0,0.0,0.0,0.0,0.0,0.0,0.0
1041,0,2,0.333333333333,0.0,0.666666666667,0.0,0.0,0.0,0.0,0.0
1042,0,0,1.0,0.0,0.0,0.0,0.0,0.0,0.0,0.0
1043,4,0,1.0,0.0,0.0,0.0,0.0,0.0,0.0,0.0
1044,7,7,0.0,0.0,0.0,0.0,0.0,0.0,0.0,1.0
1045,0,0,1.0,0.0,0.0,0.0,0.0,0.0,0.0,0.0
1046,0,0,0.5,0.0,0.25,0.0,0.0,0.25,0.0,0.0
1047,1,1,0.0,0.5,0.5,0.0,0.0,0.0,0.0,0.0
1048,0,0,0.666666666667,0.0,0.333333333333,0.0,0.0,0.0,0.0,0.0
1049,1,1,0.0,0.666666666667,0.0,0.0,0.0,0.333333333333,0.0,0.0
1050,0,0,1.0,0.0,0.0,0.0,0.0,0.0,0.0,0.0
1051,1,1,0.0,1.0,0.0,0.0,0.0,0.0,0.0,0.0
1052,1,1,0.0,1.0,0.0,0.0,0.0,0.0,0.0,0.0
1053,1,1,0.0,0.666666666667,0.333333333333,0.0,0.0,0.0,0.0,0.0
1054,0,0,0.666666666667,0.0,0.0,0.0,0.0,0.333333333333,0.0,0.0
1055,0,0,0.5,0.0,0.25,0.0,0.0,0.25,0.0,0.0
1056,0,2,0.0,0.0,1.0,0.0,0.0,0.0,0.0,0.0
1057,0,0,1.0,0.0,0.0,0.0,0.0,0.0,0.0,0.0
1058,0,0,0.333333333333,0.333333333333,0.0,0.0,0.0,0.0,0.333333333333,0.0
1059,0,0,0.666666666667,0.0,0.0,0.0,0.0,0.333333333333,0.0,0.0
1060,1,1,0.0,1.0,0.0,0.0,0.0,0.0,0.0,0.0
1061,0,0,0.75,0.0,0.0,0.0,0.0,0.25,0.0,0.0
1062,1,7,0.0,0.333333333333,0.333333333333,0.0,0.0,0.0,0.0,0.333333333333
1063,1,5,0.0,0.5,0.0,0.0,0.0,0.5,0.0,0.0
1064,0,6,0.333333333333,0.0,0.333333333333,0.0,0.0,0.0,0.333333333333,0.0
1065,0,2,0.333333333333,0.0,0.333333333333,0.0,0.0,0.333333333333,0.0,0.0
1066,0,0,1.0,0.0,0.0,0.0,0.0,0.0,0.0,0.0
1067,1,2,0.0,0.5,0.5,0.0,0.0,0.0,0.0,0.0
1068,0,0,1.0,0.0,0.0,0.0,0.0,0.0,0.0,0.0
1069,0,5,0.25,0.25,0.25,0.0,0.0,0.25,0.0,0.0
1070,0,0,0.666666666667,0.0,0.0,0.0,0.0,0.333333333333,0.0,0.0
1071,0,0,1.0,0.0,0.0,0.0,0.0,0.0,0.0,0.0
1072,0,2,0.0,0.0,0.5,0.0,0.0,0.0,0.5,0.0
1073,1,1,0.0,1.0,0.0,0.0,0.0,0.0,0.0,0.0
1074,5,5,0.0,0.0,0.0,0.0,0.0,0.5,0.0,0.5
1075,0,0,0.666666666667,0.333333333333,0.0,0.0,0.0,0.0,0.0,0.0
1076,7,7,0.0,0.0,0.0,0.5,0.0,0.0,0.0,0.5
1077,0,1,0.5,0.5,0.0,0.0,0.0,0.0,0.0,0.0
1078,0,0,0.666666666667,0.0,0.0,0.0,0.0,0.333333333333,0.0,0.0
1079,0,0,1.0,0.0,0.0,0.0,0.0,0.0,0.0,0.0
1080,0,0,1.0,0.0,0.0,0.0,0.0,0.0,0.0,0.0
1081,0,2,0.0,0.0,0.666666666667,0.0,0.0,0.0,0.333333333333,0.0
1082,5,5,0.0,0.0,0.0,0.0,0.0,1.0,0.0,0.0
1083,0,0,1.0,0.0,0.0,0.0,0.0,0.0,0.0,0.0
1084,0,0,1.0,0.0,0.0,0.0,0.0,0.0,0.0,0.0
1085,0,0,0.666666666667,0.0,0.0,0.0,0.0,0.333333333333,0.0,0.0
1086,1,1,0.0,0.5,0.0,0.0,0.0,0.5,0.0,0.0
1087,0,7,0.333333333333,0.0,0.0,0.0,0.333333333333,0.0,0.0,0.333333333333
1088,1,1,0.0,0.666666666667,0.0,0.0,0.0,0.333333333333,0.0,0.0
1089,2,6,0.0,0.0,0.5,0.0,0.0,0.0,0.5,0.0
1090,1,1,0.25,0.75,0.0,0.0,0.0,0.0,0.0,0.0
1091,4,4,0.0,0.0,0.0,0.0,1.0,0.0,0.0,0.0
1092,4,4,0.0,0.0,0.0,0.0,0.666666666667,0.333333333333,0.0,0.0
1093,5,1,0.0,0.333333333333,0.333333333333,0.0,0.0,0.333333333333,0.0,0.0
1094,0,0,0.5,0.0,0.0,0.0,0.5,0.0,0.0,0.0
1095,7,1,0.2,0.6,0.0,0.0,0.0,0.0,0.0,0.2
1096,1,1,0.0,1.0,0.0,0.0,0.0,0.0,0.0,0.0
1097,7,7,0.0,0.0,0.0,0.0,0.0,0.0,0.0,1.0
1098,1,1,0.0,0.666666666667,0.0,0.0,0.0,0.0,0.333333333333,0.0
1099,1,1,0.333333333333,0.666666666667,0.0,0.0,0.0,0.0,0.0,0.0
1100,0,0,0.666666666667,0.0,0.0,0.0,0.0,0.0,0.333333333333,0.0
1101,0,0,0.666666666667,0.0,0.0,0.0,0.0,0.0,0.333333333333,0.0
1102,5,1,0.333333333333,0.666666666667,0.0,0.0,0.0,0.0,0.0,0.0
1103,0,0,1.0,0.0,0.0,0.0,0.0,0.0,0.0,0.0
1104,0,0,1.0,0.0,0.0,0.0,0.0,0.0,0.0,0.0
1105,1,1,0.25,0.75,0.0,0.0,0.0,0.0,0.0,0.0
1106,0,5,0.0,0.0,0.0,0.0,0.0,1.0,0.0,0.0
1107,0,0,1.0,0.0,0.0,0.0,0.0,0.0,0.0,0.0
1108,0,0,1.0,0.0,0.0,0.0,0.0,0.0,0.0,0.0
1109,1,1,0.0,0.666666666667,0.333333333333,0.0,0.0,0.0,0.0,0.0
1110,0,0,1.0,0.0,0.0,0.0,0.0,0.0,0.0,0.0
1111,0,0,0.666666666667,0.0,0.333333333333,0.0,0.0,0.0,0.0,0.0
1112,0,0,1.0,0.0,0.0,0.0,0.0,0.0,0.0,0.0
1113,0,0,1.0,0.0,0.0,0.0,0.0,0.0,0.0,0.0
1114,0,0,0.75,0.0,0.25,0.0,0.0,0.0,0.0,0.0
1115,0,1,0.25,0.5,0.25,0.0,0.0,0.0,0.0,0.0
1116,0,0,1.0,0.0,0.0,0.0,0.0,0.0,0.0,0.0
1117,1,1,0.0,1.0,0.0,0.0,0.0,0.0,0.0,0.0
1118,1,1,0.0,1.0,0.0,0.0,0.0,0.0,0.0,0.0
1119,1,0,1.0,0.0,0.0,0.0,0.0,0.0,0.0,0.0
1120,0,1,0.2,0.6,0.2,0.0,0.0,0.0,0.0,0.0
1121,1,0,1.0,0.0,0.0,0.0,0.0,0.0,0.0,0.0
1122,0,0,0.75,0.0,0.25,0.0,0.0,0.0,0.0,0.0
1123,0,0,0.666666666667,0.0,0.0,0.0,0.0,0.333333333333,0.0,0.0
1124,1,1,0.0,1.0,0.0,0.0,0.0,0.0,0.0,0.0
1125,1,1,0.5,0.5,0.0,0.0,0.0,0.0,0.0,0.0
1126,1,5,0.0,0.25,0.0,0.0,0.0,0.75,0.0,0.0
1127,0,2,0.5,0.0,0.5,0.0,0.0,0.0,0.0,0.0
1128,0,0,0.666666666667,0.0,0.0,0.0,0.0,0.333333333333,0.0,0.0
1129,1,1,0.0,0.5,0.0,0.0,0.0,0.5,0.0,0.0
1130,4,4,0.0,0.0,0.0,0.0,1.0,0.0,0.0,0.0
1131,0,1,0.333333333333,0.666666666667,0.0,0.0,0.0,0.0,0.0,0.0
1132,0,0,1.0,0.0,0.0,0.0,0.0,0.0,0.0,0.0
1133,4,0,0.25,0.0,0.25,0.0,0.25,0.0,0.25,0.0
1134,0,1,0.5,0.5,0.0,0.0,0.0,0.0,0.0,0.0
1135,1,0,0.666666666667,0.333333333333,0.0,0.0,0.0,0.0,0.0,0.0
1136,0,0,0.5,0.0,0.25,0.0,0.0,0.25,0.0,0.0
1137,0,1,0.5,0.5,0.0,0.0,0.0,0.0,0.0,0.0
1138,0,0,1.0,0.0,0.0,0.0,0.0,0.0,0.0,0.0
1139,4,4,0.0,0.0,0.0,0.0,1.0,0.0,0.0,0.0
1140,0,0,1.0,0.0,0.0,0.0,0.0,0.0,0.0,0.0
1141,0,0,1.0,0.0,0.0,0.0,0.0,0.0,0.0,0.0
1142,2,2,0.0,0.0,0.666666666667,0.0,0.0,0.333333333333,0.0,0.0
1143,0,5,0.25,0.0,0.25,0.0,0.0,0.5,0.0,0.0
1144,2,2,0.25,0.25,0.5,0.0,0.0,0.0,0.0,0.0
1145,0,0,0.5,0.0,0.25,0.0,0.0,0.25,0.0,0.0
1146,0,0,0.666666666667,0.333333333333,0.0,0.0,0.0,0.0,0.0,0.0
1147,2,2,0.0,0.25,0.5,0.0,0.0,0.25,0.0,0.0
1148,0,0,0.333333333333,0.333333333333,0.333333333333,0.0,0.0,0.0,0.0,0.0
1149,5,0,1.0,0.0,0.0,0.0,0.0,0.0,0.0,0.0
1150,2,6,0.0,0.0,0.0,0.0,0.0,0.333333333333,0.666666666667,0.0
1151,0,0,0.666666666667,0.0,0.333333333333,0.0,0.0,0.0,0.0,0.0
1152,3,0,0.666666666667,0.0,0.0,0.333333333333,0.0,0.0,0.0,0.0
1153,0,0,1.0,0.0,0.0,0.0,0.0,0.0,0.0,0.0
1154,1,5,0.0,0.333333333333,0.0,0.0,0.333333333333,0.333333333333,0.0,0.0
1155,2,1,0.333333333333,0.333333333333,0.333333333333,0.0,0.0,0.0,0.0,0.0
1156,5,5,0.0,0.0,0.0,0.0,0.0,1.0,0.0,0.0
1157,0,2,0.5,0.0,0.5,0.0,0.0,0.0,0.0,0.0
1158,3,3,0.0,0.0,0.0,0.5,0.0,0.5,0.0,0.0
1159,5,5,0.0,0.0,0.0,0.0,0.0,1.0,0.0,0.0
1160,2,2,0.0,0.0,1.0,0.0,0.0,0.0,0.0,0.0
1161,6,1,0.0,0.333333333333,0.333333333333,0.0,0.0,0.0,0.333333333333,0.0
1162,2,6,0.333333333333,0.0,0.0,0.0,0.0,0.0,0.666666666667,0.0
1163,1,6,0.0,0.25,0.25,0.0,0.0,0.0,0.5,0.0
1164,5,0,0.5,0.25,0.0,0.0,0.0,0.25,0.0,0.0
1165,0,1,0.5,0.5,0.0,0.0,0.0,0.0,0.0,0.0
1166,0,0,0.666666666667,0.333333333333,0.0,0.0,0.0,0.0,0.0,0.0
1167,0,0,1.0,0.0,0.0,0.0,0.0,0.0,0.0,0.0
1168,2,5,0.0,0.0,0.5,0.0,0.0,0.5,0.0,0.0
1169,1,1,0.0,0.8,0.0,0.0,0.0,0.2,0.0,0.0
1170,0,0,1.0,0.0,0.0,0.0,0.0,0.0,0.0,0.0
1171,1,0,1.0,0.0,0.0,0.0,0.0,0.0,0.0,0.0
1172,0,0,1.0,0.0,0.0,0.0,0.0,0.0,0.0,0.0
1173,5,5,0.0,0.0,0.0,0.0,0.0,1.0,0.0,0.0
1174,1,1,0.0,1.0,0.0,0.0,0.0,0.0,0.0,0.0
1175,0,0,1.0,0.0,0.0,0.0,0.0,0.0,0.0,0.0
1176,0,0,0.666666666667,0.0,0.0,0.0,0.333333333333,0.0,0.0,0.0
1177,0,0,0.666666666667,0.0,0.0,0.0,0.0,0.0,0.333333333333,0.0
1178,0,1,0.0,1.0,0.0,0.0,0.0,0.0,0.0,0.0
1179,1,6,0.0,0.0,0.5,0.0,0.0,0.0,0.5,0.0
1180,2,0,0.666666666667,0.0,0.333333333333,0.0,0.0,0.0,0.0,0.0
1181,1,1,0.0,0.666666666667,0.333333333333,0.0,0.0,0.0,0.0,0.0
1182,1,1,0.0,0.5,0.0,0.0,0.0,0.5,0.0,0.0
1183,0,0,0.5,0.5,0.0,0.0,0.0,0.0,0.0,0.0
1184,0,0,1.0,0.0,0.0,0.0,0.0,0.0,0.0,0.0
1185,2,2,0.0,0.0,0.666666666667,0.0,0.0,0.333333333333,0.0,0.0
1186,0,0,0.666666666667,0.0,0.0,0.0,0.0,0.333333333333,0.0,0.0
1187,0,0,0.75,0.0,0.25,0.0,0.0,0.0,0.0,0.0
1188,1,1,0.0,0.666666666667,0.0,0.0,0.0,0.333333333333,0.0,0.0
1189,0,5,0.0,0.0,0.333333333333,0.0,0.0,0.666666666667,0.0,0.0
1190,1,1,0.0,1.0,0.0,0.0,0.0,0.0,0.0,0.0
1191,0,0,0.5,0.25,0.0,0.0,0.0,0.25,0.0,0.0
1192,0,0,1.0,0.0,0.0,0.0,0.0,0.0,0.0,0.0
1193,0,0,1.0,0.0,0.0,0.0,0.0,0.0,0.0,0.0
1194,1,1,0.0,1.0,0.0,0.0,0.0,0.0,0.0,0.0
1195,4,2,0.0,0.0,0.6,0.0,0.2,0.0,0.2,0.0
1196,0,0,1.0,0.0,0.0,0.0,0.0,0.0,0.0,0.0
1197,1,2,0.0,0.0,1.0,0.0,0.0,0.0,0.0,0.0
1198,0,0,0.75,0.0,0.0,0.0,0.0,0.0,0.0,0.25
1199,0,0,1.0,0.0,0.0,0.0,0.0,0.0,0.0,0.0
1200,1,1,0.0,1.0,0.0,0.0,0.0,0.0,0.0,0.0
1201,0,7,0.25,0.0,0.0,0.0,0.0,0.0,0.0,0.75
1202,0,0,0.666666666667,0.0,0.333333333333,0.0,0.0,0.0,0.0,0.0
1203,0,2,0.0,0.333333333333,0.333333333333,0.0,0.0,0.0,0.333333333333,0.0
1204,0,0,1.0,0.0,0.0,0.0,0.0,0.0,0.0,0.0
1205,0,0,1.0,0.0,0.0,0.0,0.0,0.0,0.0,0.0
1206,5,1,0.0,1.0,0.0,0.0,0.0,0.0,0.0,0.0
1207,0,0,1.0,0.0,0.0,0.0,0.0,0.0,0.0,0.0
1208,0,1,0.0,1.0,0.0,0.0,0.0,0.0,0.0,0.0
1209,1,1,0.0,0.8,0.2,0.0,0.0,0.0,0.0,0.0
1210,0,0,0.8,0.2,0.0,0.0,0.0,0.0,0.0,0.0
1211,1,0,0.5,0.5,0.0,0.0,0.0,0.0,0.0,0.0
1212,0,0,0.666666666667,0.0,0.333333333333,0.0,0.0,0.0,0.0,0.0
1213,4,6,0.0,0.0,0.0,0.0,0.25,0.0,0.75,0.0
1214,0,0,0.75,0.0,0.25,0.0,0.0,0.0,0.0,0.0
1215,1,1,0.0,1.0,0.0,0.0,0.0,0.0,0.0,0.0
1216,0,0,1.0,0.0,0.0,0.0,0.0,0.0,0.0,0.0
1217,0,2,0.25,0.0,0.75,0.0,0.0,0.0,0.0,0.0
1218,1,1,0.5,0.5,0.0,0.0,0.0,0.0,0.0,0.0
1219,4,5,0.0,0.333333333333,0.0,0.0,0.333333333333,0.333333333333,0.0,0.0
1220,0,0,1.0,0.0,0.0,0.0,0.0,0.0,0.0,0.0
1221,0,0,0.333333333333,0.0,0.333333333333,0.0,0.0,0.333333333333,0.0,0.0
1222,1,1,0.0,1.0,0.0,0.0,0.0,0.0,0.0,0.0
1223,1,1,0.5,0.5,0.0,0.0,0.0,0.0,0.0,0.0
1224,0,0,0.333333333333,0.0,0.333333333333,0.0,0.0,0.333333333333,0.0,0.0
1225,1,1,0.0,0.666666666667,0.333333333333,0.0,0.0,0.0,0.0,0.0
1226,0,0,1.0,0.0,0.0,0.0,0.0,0.0,0.0,0.0
1227,1,1,0.0,1.0,0.0,0.0,0.0,0.0,0.0,0.0
1228,0,1,0.333333333333,0.666666666667,0.0,0.0,0.0,0.0,0.0,0.0
1229,0,4,0.0,0.0,0.0,0.0,1.0,0.0,0.0,0.0
1230,2,2,0.5,0.0,0.5,0.0,0.0,0.0,0.0,0.0
1231,1,2,0.25,0.25,0.25,0.0,0.0,0.0,0.25,0.0
1232,0,0,0.5,0.0,0.0,0.0,0.0,0.5,0.0,0.0
1233,5,2,0.0,0.0,1.0,0.0,0.0,0.0,0.0,0.0
1234,1,0,1.0,0.0,0.0,0.0,0.0,0.0,0.0,0.0
1235,0,0,1.0,0.0,0.0,0.0,0.0,0.0,0.0,0.0
1236,0,0,0.8,0.0,0.2,0.0,0.0,0.0,0.0,0.0
1237,1,0,0.5,0.0,0.25,0.0,0.25,0.0,0.0,0.0
1238,0,0,1.0,0.0,0.0,0.0,0.0,0.0,0.0,0.0
1239,1,1,0.0,1.0,0.0,0.0,0.0,0.0,0.0,0.0
1240,0,1,0.0,0.666666666667,0.0,0.0,0.333333333333,0.0,0.0,0.0
1241,0,0,1.0,0.0,0.0,0.0,0.0,0.0,0.0,0.0
1242,0,0,1.0,0.0,0.0,0.0,0.0,0.0,0.0,0.0
1243,0,0,1.0,0.0,0.0,0.0,0.0,0.0,0.0,0.0
1244,1,1,0.333333333333,0.666666666667,0.0,0.0,0.0,0.0,0.0,0.0
1245,0,0,0.75,0.0,0.25,0.0,0.0,0.0,0.0,0.0
1246,0,1,0.0,1.0,0.0,0.0,0.0,0.0,0.0,0.0
1247,0,0,0.5,0.0,0.5,0.0,0.0,0.0,0.0,0.0
1248,4,7,0.0,0.0,0.25,0.0,0.25,0.25,0.0,0.25
1249,0,0,0.666666666667,0.333333333333,0.0,0.0,0.0,0.0,0.0,0.0
1250,4,4,0.0,0.0,0.0,0.0,1.0,0.0,0.0,0.0
1251,1,2,0.25,0.0,0.5,0.0,0.0,0.0,0.25,0.0
1252,1,1,0.0,0.75,0.25,0.0,0.0,0.0,0.0,0.0
1253,7,1,0.0,0.5,0.25,0.0,0.0,0.0,0.0,0.25
1254,5,0,0.666666666667,0.0,0.0,0.0,0.0,0.333333333333,0.0,0.0
1255,0,7,0.25,0.0,0.0,0.0,0.0,0.0,0.0,0.75
1256,1,0,0.666666666667,0.333333333333,0.0,0.0,0.0,0.0,0.0,0.0
1257,0,4,0.5,0.0,0.0,0.0,0.5,0.0,0.0,0.0
1258,1,6,0.0,0.333333333333,0.0,0.0,0.0,0.0,0.666666666667,0.0
1259,0,3,0.5,0.0,0.0,0.5,0.0,0.0,0.0,0.0
1260,0,0,1.0,0.0,0.0,0.0,0.0,0.0,0.0,0.0
1261,1,1,0.333333333333,0.333333333333,0.333333333333,0.0,0.0,0.0,0.0,0.0
1262,1,1,0.0,0.6,0.4,0.0,0.0,0.0,0.0,0.0
1263,0,5,0.0,0.0,0.0,0.0,0.0,1.0,0.0,0.0
1264,0,0,0.5,0.25,0.25,0.0,0.0,0.0,0.0,0.0
1265,0,1,0.4,0.6,0.0,0.0,0.0,0.0,0.0,0.0
1266,0,6,0.25,0.0,0.0,0.0,0.25,0.0,0.5,0.0
1267,0,0,0.666666666667,0.0,0.333333333333,0.0,0.0,0.0,0.0,0.0
1268,1,0,0.5,0.0,0.5,0.0,0.0,0.0,0.0,0.0
1269,7,1,0.0,1.0,0.0,0.0,0.0,0.0,0.0,0.0
1270,0,0,0.666666666667,0.0,0.0,0.0,0.333333333333,0.0,0.0,0.0
1271,0,0,0.75,0.25,0.0,0.0,0.0,0.0,0.0,0.0
1272,0,0,1.0,0.0,0.0,0.0,0.0,0.0,0.0,0.0
1273,1,1,0.0,1.0,0.0,0.0,0.0,0.0,0.0,0.0
1274,1,1,0.333333333333,0.666666666667,0.0,0.0,0.0,0.0,0.0,0.0
1275,0,0,0.6,0.2,0.2,0.0,0.0,0.0,0.0,0.0
1276,0,0,0.333333333333,0.0,0.333333333333,0.0,0.0,0.0,0.333333333333,0.0
1277,5,5,0.25,0.0,0.25,0.0,0.0,0.5,0.0,0.0
1278,1,1,0.333333333333,0.666666666667,0.0,0.0,0.0,0.0,0.0,0.0
1279,0,4,0.0,0.0,0.0,0.0,1.0,0.0,0.0,0.0
1280,0,5,0.333333333333,0.0,0.0,0.0,0.0,0.666666666667,0.0,0.0
1281,0,0,0.333333333333,0.0,0.333333333333,0.0,0.0,0.333333333333,0.0,0.0
1282,1,1,0.0,0.5,0.5,0.0,0.0,0.0,0.0,0.0
1283,1,5,0.0,0.0,0.5,0.0,0.0,0.5,0.0,0.0
1284,0,0,0.666666666667,0.0,0.0,0.0,0.333333333333,0.0,0.0,0.0
1285,0,0,1.0,0.0,0.0,0.0,0.0,0.0,0.0,0.0
1286,0,0,0.5,0.0,0.0,0.0,0.0,0.0,0.5,0.0
1287,0,0,1.0,0.0,0.0,0.0,0.0,0.0,0.0,0.0
1288,7,7,0.0,0.0,0.0,0.0,0.0,0.0,0.0,1.0
1289,0,0,1.0,0.0,0.0,0.0,0.0,0.0,0.0,0.0
1290,1,1,0.0,0.333333333333,0.0,0.0,0.0,0.333333333333,0.333333333333,0.0
1291,1,2,0.333333333333,0.333333333333,0.333333333333,0.0,0.0,0.0,0.0,0.0
1292,0,5,0.5,0.0,0.0,0.0,0.0,0.5,0.0,0.0
1293,5,2,0.333333333333,0.0,0.666666666667,0.0,0.0,0.0,0.0,0.0
1294,0,0,1.0,0.0,0.0,0.0,0.0,0.0,0.0,0.0
1295,1,1,0.0,1.0,0.0,0.0,0.0,0.0,0.0,0.0
1296,0,0,0.5,0.5,0.0,0.0,0.0,0.0,0.0,0.0
1297,0,0,1.0,0.0,0.0,0.0,0.0,0.0,0.0,0.0
1298,4,6,0.2,0.0,0.2,0.0,0.2,0.0,0.4,0.0
1299,0,0,0.666666666667,0.0,0.333333333333,0.0,0.0,0.0,0.0,0.0
1300,5,5,0.5,0.0,0.0,0.0,0.0,0.5,0.0,0.0
1301,0,0,0.666666666667,0.0,0.333333333333,0.0,0.0,0.0,0.0,0.0
1302,0,0,1.0,0.0,0.0,0.0,0.0,0.0,0.0,0.0
1303,0,0,1.0,0.0,0.0,0.0,0.0,0.0,0.0,0.0
1304,1,0,0.666666666667,0.333333333333,0.0,0.0,0.0,0.0,0.0,0.0
1305,2,2,0.0,0.0,1.0,0.0,0.0,0.0,0.0,0.0
1306,1,1,0.0,1.0,0.0,0.0,0.0,0.0,0.0,0.0
1307,0,5,0.25,0.0,0.25,0.0,0.0,0.5,0.0,0.0
1308,2,2,0.0,0.0,1.0,0.0,0.0,0.0,0.0,0.0
1309,5,5,0.5,0.0,0.0,0.0,0.0,0.5,0.0,0.0
1310,1,1,0.0,1.0,0.0,0.0,0.0,0.0,0.0,0.0
1311,2,2,0.333333333333,0.0,0.666666666667,0.0,0.0,0.0,0.0,0.0
1312,2,0,0.666666666667,0.0,0.333333333333,0.0,0.0,0.0,0.0,0.0
1313,1,1,0.2,0.6,0.0,0.0,0.0,0.2,0.0,0.0
1314,0,2,0.5,0.0,0.5,0.0,0.0,0.0,0.0,0.0
1315,1,1,0.0,0.666666666667,0.333333333333,0.0,0.0,0.0,0.0,0.0
1316,6,2,0.333333333333,0.0,0.666666666667,0.0,0.0,0.0,0.0,0.0
1317,1,3,0.0,0.5,0.0,0.5,0.0,0.0,0.0,0.0
1318,0,0,1.0,0.0,0.0,0.0,0.0,0.0,0.0,0.0
1319,0,0,1.0,0.0,0.0,0.0,0.0,0.0,0.0,0.0
1320,0,0,0.666666666667,0.0,0.333333333333,0.0,0.0,0.0,0.0,0.0
1321,0,0,0.75,0.0,0.25,0.0,0.0,0.0,0.0,0.0
1322,0,0,1.0,0.0,0.0,0.0,0.0,0.0,0.0,0.0
1323,7,2,0.0,0.0,1.0,0.0,0.0,0.0,0.0,0.0
1324,0,0,1.0,0.0,0.0,0.0,0.0,0.0,0.0,0.0
1325,1,4,0.0,0.0,0.0,0.0,1.0,0.0,0.0,0.0
1326,2,2,0.0,0.0,1.0,0.0,0.0,0.0,0.0,0.0
1327,1,1,0.0,1.0,0.0,0.0,0.0,0.0,0.0,0.0
1328,1,4,0.0,0.0,0.2,0.0,0.6,0.0,0.0,0.2
1329,0,0,0.333333333333,0.0,0.333333333333,0.0,0.0,0.333333333333,0.0,0.0
1330,0,4,0.5,0.0,0.0,0.0,0.5,0.0,0.0,0.0
1331,6,2,0.0,0.0,1.0,0.0,0.0,0.0,0.0,0.0
1332,1,7,0.0,0.0,0.0,0.0,0.0,0.5,0.0,0.5
1333,0,0,1.0,0.0,0.0,0.0,0.0,0.0,0.0,0.0
1334,0,0,1.0,0.0,0.0,0.0,0.0,0.0,0.0,0.0
1335,1,2,0.333333333333,0.333333333333,0.333333333333,0.0,0.0,0.0,0.0,0.0
1336,1,5,0.0,0.0,0.0,0.0,0.0,1.0,0.0,0.0
1337,6,7,0.0,0.0,0.333333333333,0.0,0.0,0.0,0.0,0.666666666667
1338,0,0,0.666666666667,0.0,0.333333333333,0.0,0.0,0.0,0.0,0.0
1339,0,1,0.0,1.0,0.0,0.0,0.0,0.0,0.0,0.0
1340,1,1,0.0,1.0,0.0,0.0,0.0,0.0,0.0,0.0
1341,0,1,0.333333333333,0.666666666667,0.0,0.0,0.0,0.0,0.0,0.0
1342,0,2,0.5,0.0,0.5,0.0,0.0,0.0,0.0,0.0
1343,0,0,1.0,0.0,0.0,0.0,0.0,0.0,0.0,0.0
1344,0,0,0.75,0.0,0.0,0.0,0.0,0.25,0.0,0.0
1345,1,1,0.0,1.0,0.0,0.0,0.0,0.0,0.0,0.0
1346,0,0,0.666666666667,0.0,0.0,0.0,0.0,0.333333333333,0.0,0.0
1347,0,0,0.5,0.0,0.5,0.0,0.0,0.0,0.0,0.0
1348,0,0,0.4,0.2,0.4,0.0,0.0,0.0,0.0,0.0
1349,1,7,0.0,0.333333333333,0.333333333333,0.0,0.0,0.0,0.0,0.333333333333
1350,4,0,0.666666666667,0.0,0.0,0.0,0.333333333333,0.0,0.0,0.0
1351,0,0,0.8,0.0,0.2,0.0,0.0,0.0,0.0,0.0
1352,0,0,1.0,0.0,0.0,0.0,0.0,0.0,0.0,0.0
1353,0,0,1.0,0.0,0.0,0.0,0.0,0.0,0.0,0.0
1354,0,0,0.666666666667,0.0,0.0,0.0,0.0,0.333333333333,0.0,0.0
1355,0,0,0.75,0.0,0.25,0.0,0.0,0.0,0.0,0.0
1356,1,1,0.0,1.0,0.0,0.0,0.0,0.0,0.0,0.0
1357,0,1,0.333333333333,0.666666666667,0.0,0.0,0.0,0.0,0.0,0.0
1358,1,2,0.0,0.5,0.5,0.0,0.0,0.0,0.0,0.0
1359,0,0,0.5,0.25,0.25,0.0,0.0,0.0,0.0,0.0
1360,6,0,0.333333333333,0.333333333333,0.0,0.0,0.0,0.0,0.333333333333,0.0
1361,0,0,1.0,0.0,0.0,0.0,0.0,0.0,0.0,0.0
1362,0,5,0.0,0.0,0.0,0.0,0.0,1.0,0.0,0.0
1363,0,0,0.75,0.25,0.0,0.0,0.0,0.0,0.0,0.0
1364,0,2,0.0,0.0,0.5,0.0,0.0,0.0,0.5,0.0
1365,0,2,0.333333333333,0.0,0.333333333333,0.0,0.0,0.0,0.333333333333,0.0
1366,5,5,0.0,0.25,0.0,0.0,0.0,0.75,0.0,0.0
1367,0,0,0.8,0.0,0.2,0.0,0.0,0.0,0.0,0.0
1368,0,2,0.333333333333,0.333333333333,0.333333333333,0.0,0.0,0.0,0.0,0.0
1369,1,2,0.0,0.0,0.5,0.0,0.0,0.5,0.0,0.0
1370,0,0,0.333333333333,0.333333333333,0.333333333333,0.0,0.0,0.0,0.0,0.0
1371,1,2,0.0,0.5,0.5,0.0,0.0,0.0,0.0,0.0
1372,0,0,0.666666666667,0.0,0.333333333333,0.0,0.0,0.0,0.0,0.0
1373,0,2,0.5,0.0,0.5,0.0,0.0,0.0,0.0,0.0
1374,0,4,0.333333333333,0.0,0.0,0.0,0.666666666667,0.0,0.0,0.0
1375,0,2,0.333333333333,0.0,0.333333333333,0.0,0.0,0.333333333333,0.0,0.0
1376,0,0,1.0,0.0,0.0,0.0,0.0,0.0,0.0,0.0
1377,1,1,0.0,1.0,0.0,0.0,0.0,0.0,0.0,0.0
1378,1,0,1.0,0.0,0.0,0.0,0.0,0.0,0.0,0.0
1379,0,7,0.333333333333,0.0,0.0,0.333333333333,0.0,0.0,0.0,0.333333333333
1380,1,1,0.0,0.6,0.2,0.0,0.0,0.0,0.2,0.0
1381,0,2,0.5,0.0,0.5,0.0,0.0,0.0,0.0,0.0
1382,0,0,0.75,0.25,0.0,0.0,0.0,0.0,0.0,0.0
1383,2,0,0.5,0.25,0.25,0.0,0.0,0.0,0.0,0.0
1384,5,5,0.25,0.0,0.0,0.25,0.0,0.5,0.0,0.0
1385,0,5,0.0,0.333333333333,0.0,0.0,0.0,0.666666666667,0.0,0.0
1386,7,7,0.0,0.0,0.0,0.0,0.0,0.0,0.0,1.0
1387,0,1,0.0,1.0,0.0,0.0,0.0,0.0,0.0,0.0
1388,1,1,0.0,1.0,0.0,0.0,0.0,0.0,0.0,0.0
1389,2,2,0.0,0.0,0.75,0.0,0.0,0.0,0.25,0.0
1390,0,0,1.0,0.0,0.0,0.0,0.0,0.0,0.0,0.0
1391,1,0,0.666666666667,0.0,0.0,0.0,0.0,0.0,0.333333333333,0.0
1392,1,0,1.0,0.0,0.0,0.0,0.0,0.0,0.0,0.0
1393,0,2,0.333333333333,0.0,0.666666666667,0.0,0.0,0.0,0.0,0.0
1394,6,3,0.0,0.0,0.333333333333,0.333333333333,0.0,0.0,0.333333333333,0.0
1395,1,1,0.0,1.0,0.0,0.0,0.0,0.0,0.0,0.0
1396,0,5,0.2,0.0,0.0,0.0,0.0,0.8,0.0,0.0
1397,0,0,0.5,0.0,0.0,0.0,0.0,0.5,0.0,0.0
1398,0,2,0.333333333333,0.0,0.666666666667,0.0,0.0,0.0,0.0,0.0
1399,0,2,0.25,0.0,0.5,0.0,0.0,0.25,0.0,0.0
1400,0,5,0.333333333333,0.0,0.0,0.0,0.0,0.666666666667,0.0,0.0
1401,0,0,0.666666666667,0.0,0.0,0.333333333333,0.0,0.0,0.0,0.0
1402,1,4,0.0,0.5,0.0,0.0,0.5,0.0,0.0,0.0
1403,5,2,0.0,0.333333333333,0.333333333333,0.0,0.0,0.333333333333,0.0,0.0
1404,0,0,1.0,0.0,0.0,0.0,0.0,0.0,0.0,0.0
1405,0,0,0.5,0.0,0.5,0.0,0.0,0.0,0.0,0.0
1406,0,3,0.5,0.0,0.0,0.5,0.0,0.0,0.0,0.0
1407,1,2,0.0,0.25,0.5,0.0,0.0,0.25,0.0,0.0
1408,1,1,0.0,0.666666666667,0.333333333333,0.0,0.0,0.0,0.0,0.0
1409,0,3,0.5,0.0,0.0,0.5,0.0,0.0,0.0,0.0
1410,0,0,0.5,0.0,0.25,0.0,0.0,0.25,0.0,0.0
1411,0,0,1.0,0.0,0.0,0.0,0.0,0.0,0.0,0.0
1412,1,1,0.0,1.0,0.0,0.0,0.0,0.0,0.0,0.0
1413,0,2,0.0,0.0,1.0,0.0,0.0,0.0,0.0,0.0
1414,0,4,0.5,0.0,0.0,0.0,0.5,0.0,0.0,0.0
1415,0,0,1.0,0.0,0.0,0.0,0.0,0.0,0.0,0.0
1416,0,1,0.25,0.5,0.25,0.0,0.0,0.0,0.0,0.0
1417,2,2,0.0,0.0,0.666666666667,0.0,0.0,0.333333333333,0.0,0.0
1418,2,2,0.0,0.25,0.75,0.0,0.0,0.0,0.0,0.0
1419,5,1,0.0,0.5,0.0,0.0,0.0,0.5,0.0,0.0
1420,1,1,0.0,0.5,0.5,0.0,0.0,0.0,0.0,0.0
1421,0,0,0.666666666667,0.0,0.333333333333,0.0,0.0,0.0,0.0,0.0
1422,0,0,0.6,0.0,0.2,0.0,0.0,0.2,0.0,0.0
1423,2,5,0.0,0.0,0.0,0.0,0.0,1.0,0.0,0.0
1424,0,0,1.0,0.0,0.0,0.0,0.0,0.0,0.0,0.0
1425,2,5,0.0,0.0,0.0,0.0,0.0,1.0,0.0,0.0
1426,0,2,0.333333333333,0.333333333333,0.333333333333,0.0,0.0,0.0,0.0,0.0
1427,7,1,0.0,0.5,0.5,0.0,0.0,0.0,0.0,0.0
1428,2,2,0.0,0.25,0.75,0.0,0.0,0.0,0.0,0.0
1429,4,0,0.75,0.0,0.0,0.0,0.25,0.0,0.0,0.0
1430,5,5,0.0,0.0,0.0,0.0,0.0,1.0,0.0,0.0
1431,2,5,0.0,0.25,0.25,0.0,0.0,0.5,0.0,0.0
1432,5,5,0.0,0.0,0.0,0.0,0.0,1.0,0.0,0.0
1433,0,2,0.5,0.0,0.5,0.0,0.0,0.0,0.0,0.0
1434,0,5,0.5,0.0,0.0,0.0,0.0,0.5,0.0,0.0
1435,2,2,0.0,0.0,0.5,0.0,0.0,0.0,0.5,0.0
1436,0,1,0.333333333333,0.666666666667,0.0,0.0,0.0,0.0,0.0,0.0
1437,1,2,0.0,0.5,0.5,0.0,0.0,0.0,0.0,0.0
1438,0,0,0.75,0.0,0.25,0.0,0.0,0.0,0.0,0.0
1439,0,0,1.0,0.0,0.0,0.0,0.0,0.0,0.0,0.0
1440,1,1,0.0,0.666666666667,0.333333333333,0.0,0.0,0.0,0.0,0.0
1441,1,1,0.4,0.4,0.2,0.0,0.0,0.0,0.0,0.0
1442,1,1,0.0,1.0,0.0,0.0,0.0,0.0,0.0,0.0
1443,0,0,0.6,0.0,0.0,0.0,0.4,0.0,0.0,0.0
1444,1,1,0.0,1.0,0.0,0.0,0.0,0.0,0.0,0.0
1445,0,0,1.0,0.0,0.0,0.0,0.0,0.0,0.0,0.0
1446,0,1,0.333333333333,0.666666666667,0.0,0.0,0.0,0.0,0.0,0.0
1447,0,0,0.8,0.0,0.2,0.0,0.0,0.0,0.0,0.0
1448,0,0,1.0,0.0,0.0,0.0,0.0,0.0,0.0,0.0
1449,0,0,0.5,0.25,0.25,0.0,0.0,0.0,0.0,0.0
1450,2,0,0.666666666667,0.0,0.0,0.0,0.0,0.333333333333,0.0,0.0
1451,0,4,0.25,0.0,0.25,0.0,0.5,0.0,0.0,0.0
1452,1,1,0.4,0.4,0.2,0.0,0.0,0.0,0.0,0.0
1453,0,0,0.6,0.0,0.4,0.0,0.0,0.0,0.0,0.0
1454,1,0,0.5,0.5,0.0,0.0,0.0,0.0,0.0,0.0
1455,0,0,1.0,0.0,0.0,0.0,0.0,0.0,0.0,0.0
1456,0,1,0.333333333333,0.666666666667,0.0,0.0,0.0,0.0,0.0,0.0
1457,0,2,0.0,0.0,1.0,0.0,0.0,0.0,0.0,0.0
1458,1,1,0.333333333333,0.666666666667,0.0,0.0,0.0,0.0,0.0,0.0
1459,1,1,0.0,1.0,0.0,0.0,0.0,0.0,0.0,0.0
1460,0,0,0.75,0.0,0.25,0.0,0.0,0.0,0.0,0.0
1461,4,0,0.333333333333,0.0,0.0,0.0,0.333333333333,0.0,0.333333333333,0.0
1462,0,0,0.8,0.0,0.0,0.0,0.0,0.2,0.0,0.0
1463,1,1,0.0,0.666666666667,0.333333333333,0.0,0.0,0.0,0.0,0.0
1464,0,0,0.5,0.0,0.0,0.0,0.5,0.0,0.0,0.0
1465,0,1,0.333333333333,0.666666666667,0.0,0.0,0.0,0.0,0.0,0.0
1466,0,0,0.4,0.0,0.0,0.0,0.0,0.4,0.2,0.0
1467,3,3,0.0,0.0,0.0,0.5,0.0,0.5,0.0,0.0
1468,5,5,0.5,0.0,0.0,0.0,0.0,0.5,0.0,0.0
1469,1,1,0.0,1.0,0.0,0.0,0.0,0.0,0.0,0.0
1470,0,0,0.75,0.0,0.25,0.0,0.0,0.0,0.0,0.0
1471,0,5,0.333333333333,0.0,0.0,0.0,0.0,0.666666666667,0.0,0.0
1472,1,1,0.2,0.8,0.0,0.0,0.0,0.0,0.0,0.0
1473,2,1,0.0,0.75,0.25,0.0,0.0,0.0,0.0,0.0
1474,0,0,1.0,0.0,0.0,0.0,0.0,0.0,0.0,0.0
1475,0,0,0.666666666667,0.0,0.333333333333,0.0,0.0,0.0,0.0,0.0
1476,1,5,0.0,0.5,0.0,0.0,0.0,0.5,0.0,0.0
1477,4,4,0.25,0.0,0.0,0.0,0.75,0.0,0.0,0.0
1478,1,1,0.333333333333,0.666666666667,0.0,0.0,0.0,0.0,0.0,0.0
1479,1,1,0.0,0.5,0.0,0.0,0.5,0.0,0.0,0.0
1480,1,1,0.0,1.0,0.0,0.0,0.0,0.0,0.0,0.0
1481,0,1,0.333333333333,0.333333333333,0.333333333333,0.0,0.0,0.0,0.0,0.0
1482,5,5,0.0,0.5,0.0,0.0,0.0,0.5,0.0,0.0
1483,5,5,0.0,0.0,0.5,0.0,0.0,0.5,0.0,0.0
1484,1,1,0.0,1.0,0.0,0.0,0.0,0.0,0.0,0.0
1485,0,1,0.0,0.5,0.0,0.0,0.0,0.5,0.0,0.0
1486,1,1,0.0,0.666666666667,0.333333333333,0.0,0.0,0.0,0.0,0.0
1487,0,0,0.5,0.5,0.0,0.0,0.0,0.0,0.0,0.0
1488,1,7,0.0,0.0,0.0,0.0,0.0,0.0,0.0,1.0
1489,0,0,0.666666666667,0.0,0.0,0.0,0.333333333333,0.0,0.0,0.0
1490,0,2,0.333333333333,0.0,0.333333333333,0.0,0.0,0.333333333333,0.0,0.0
1491,0,0,1.0,0.0,0.0,0.0,0.0,0.0,0.0,0.0
1492,5,5,0.5,0.0,0.0,0.0,0.0,0.5,0.0,0.0
1493,0,0,0.333333333333,0.0,0.333333333333,0.0,0.0,0.0,0.333333333333,0.0
1494,2,0,0.75,0.0,0.0,0.0,0.0,0.25,0.0,0.0
1495,1,2,0.0,0.0,1.0,0.0,0.0,0.0,0.0,0.0
1496,0,0,1.0,0.0,0.0,0.0,0.0,0.0,0.0,0.0
1497,7,2,0.0,0.0,1.0,0.0,0.0,0.0,0.0,0.0
1498,2,0,0.333333333333,0.333333333333,0.0,0.0,0.0,0.0,0.0,0.333333333333
1499,0,2,0.5,0.0,0.5,0.0,0.0,0.0,0.0,0.0
1500,7,2,0.0,0.0,0.5,0.0,0.0,0.5,0.0,0.0
1501,0,0,0.8,0.0,0.2,0.0,0.0,0.0,0.0,0.0
1502,5,0,0.666666666667,0.0,0.0,0.0,0.0,0.333333333333,0.0,0.0
1503,0,1,0.5,0.5,0.0,0.0,0.0,0.0,0.0,0.0
1504,6,0,0.666666666667,0.0,0.0,0.0,0.0,0.0,0.333333333333,0.0
1505,0,1,0.333333333333,0.333333333333,0.0,0.0,0.0,0.333333333333,0.0,0.0
1506,2,2,0.0,0.0,1.0,0.0,0.0,0.0,0.0,0.0
1507,0,1,0.25,0.5,0.0,0.0,0.0,0.25,0.0,0.0
1508,0,0,1.0,0.0,0.0,0.0,0.0,0.0,0.0,0.0
1509,5,5,0.0,0.0,0.0,0.0,0.0,1.0,0.0,0.0
1510,0,0,1.0,0.0,0.0,0.0,0.0,0.0,0.0,0.0
1511,1,0,1.0,0.0,0.0,0.0,0.0,0.0,0.0,0.0
1512,1,0,0.666666666667,0.333333333333,0.0,0.0,0.0,0.0,0.0,0.0
1513,1,5,0.0,0.0,0.0,0.0,0.0,1.0,0.0,0.0
1514,1,1,0.0,0.666666666667,0.0,0.0,0.333333333333,0.0,0.0,0.0
1515,0,0,1.0,0.0,0.0,0.0,0.0,0.0,0.0,0.0
1516,1,0,0.75,0.25,0.0,0.0,0.0,0.0,0.0,0.0
1517,0,0,0.5,0.0,0.0,0.0,0.25,0.25,0.0,0.0
1518,0,0,1.0,0.0,0.0,0.0,0.0,0.0,0.0,0.0
1519,0,0,1.0,0.0,0.0,0.0,0.0,0.0,0.0,0.0
1520,6,0,1.0,0.0,0.0,0.0,0.0,0.0,0.0,0.0
1521,0,7,0.25,0.0,0.0,0.0,0.25,0.0,0.0,0.5
1522,0,0,0.666666666667,0.0,0.0,0.0,0.0,0.333333333333,0.0,0.0
1523,1,1,0.25,0.75,0.0,0.0,0.0,0.0,0.0,0.0
1524,2,2,0.0,0.0,1.0,0.0,0.0,0.0,0.0,0.0
1525,1,1,0.333333333333,0.666666666667,0.0,0.0,0.0,0.0,0.0,0.0
1526,4,4,0.0,0.0,0.0,0.0,1.0,0.0,0.0,0.0
1527,5,1,0.0,1.0,0.0,0.0,0.0,0.0,0.0,0.0
1528,5,5,0.0,0.0,0.0,0.0,0.0,1.0,0.0,0.0
1529,1,1,0.0,0.666666666667,0.0,0.0,0.0,0.333333333333,0.0,0.0
1530,1,1,0.25,0.5,0.25,0.0,0.0,0.0,0.0,0.0
1531,0,0,1.0,0.0,0.0,0.0,0.0,0.0,0.0,0.0
1532,0,5,0.333333333333,0.0,0.0,0.0,0.0,0.333333333333,0.0,0.333333333333
1533,5,5,0.0,0.333333333333,0.0,0.0,0.0,0.666666666667,0.0,0.0
1534,0,0,1.0,0.0,0.0,0.0,0.0,0.0,0.0,0.0
1535,5,0,0.5,0.0,0.5,0.0,0.0,0.0,0.0,0.0
1536,0,5,0.0,0.0,0.0,0.0,0.0,1.0,0.0,0.0
1537,0,1,0.0,0.5,0.0,0.0,0.0,0.5,0.0,0.0
1538,1,5,0.333333333333,0.0,0.333333333333,0.0,0.0,0.333333333333,0.0,0.0
1539,0,1,0.0,1.0,0.0,0.0,0.0,0.0,0.0,0.0
1540,1,2,0.0,0.0,0.5,0.0,0.5,0.0,0.0,0.0
1541,1,0,0.5,0.25,0.25,0.0,0.0,0.0,0.0,0.0
1542,1,1,0.0,0.666666666667,0.0,0.0,0.0,0.333333333333,0.0,0.0
1543,0,0,1.0,0.0,0.0,0.0,0.0,0.0,0.0,0.0
1544,5,5,0.0,0.0,0.0,0.0,0.0,1.0,0.0,0.0
1545,4,0,0.666666666667,0.333333333333,0.0,0.0,0.0,0.0,0.0,0.0
1546,0,5,0.5,0.0,0.0,0.0,0.0,0.5,0.0,0.0
1547,0,0,0.5,0.0,0.0,0.0,0.0,0.5,0.0,0.0
1548,0,0,0.666666666667,0.333333333333,0.0,0.0,0.0,0.0,0.0,0.0
1549,0,0,1.0,0.0,0.0,0.0,0.0,0.0,0.0,0.0
1550,0,5,0.25,0.0,0.25,0.0,0.0,0.5,0.0,0.0
1551,0,4,0.5,0.0,0.0,0.0,0.5,0.0,0.0,0.0
1552,5,5,0.0,0.0,0.0,0.0,0.0,1.0,0.0,0.0
1553,7,6,0.0,0.0,0.0,0.0,0.0,0.0,0.5,0.5
1554,0,0,1.0,0.0,0.0,0.0,0.0,0.0,0.0,0.0
1555,1,7,0.333333333333,0.333333333333,0.0,0.0,0.0,0.0,0.0,0.333333333333
1556,1,1,0.0,1.0,0.0,0.0,0.0,0.0,0.0,0.0
1557,1,1,0.0,0.666666666667,0.333333333333,0.0,0.0,0.0,0.0,0.0
1558,0,0,0.666666666667,0.0,0.333333333333,0.0,0.0,0.0,0.0,0.0
1559,0,0,1.0,0.0,0.0,0.0,0.0,0.0,0.0,0.0
1560,0,0,0.5,0.0,0.5,0.0,0.0,0.0,0.0,0.0
1561,0,0,0.75,0.0,0.0,0.0,0.0,0.25,0.0,0.0
1562,0,5,0.0,0.0,0.333333333333,0.0,0.0,0.666666666667,0.0,0.0
1563,0,0,0.5,0.5,0.0,0.0,0.0,0.0,0.0,0.0
1564,0,0,1.0,0.0,0.0,0.0,0.0,0.0,0.0,0.0
1565,1,1,0.0,1.0,0.0,0.0,0.0,0.0,0.0,0.0
1566,0,0,1.0,0.0,0.0,0.0,0.0,0.0,0.0,0.0
1567,0,0,1.0,0.0,0.0,0.0,0.0,0.0,0.0,0.0
1568,0,5,0.25,0.0,0.25,0.0,0.0,0.5,0.0,0.0
1569,0,1,0.0,1.0,0.0,0.0,0.0,0.0,0.0,0.0
1570,0,0,1.0,0.0,0.0,0.0,0.0,0.0,0.0,0.0
1571,0,0,0.75,0.0,0.25,0.0,0.0,0.0,0.0,0.0
1572,0,0,0.75,0.25,0.0,0.0,0.0,0.0,0.0,0.0
1573,1,1,0.0,0.5,0.0,0.0,0.0,0.5,0.0,0.0
1574,0,0,0.5,0.0,0.0,0.0,0.5,0.0,0.0,0.0
1575,0,0,1.0,0.0,0.0,0.0,0.0,0.0,0.0,0.0
1576,0,2,0.5,0.0,0.5,0.0,0.0,0.0,0.0,0.0
1577,0,0,1.0,0.0,0.0,0.0,0.0,0.0,0.0,0.0
1578,0,0,1.0,0.0,0.0,0.0,0.0,0.0,0.0,0.0
1579,0,7,0.0,0.0,0.0,0.0,0.0,0.5,0.0,0.5
1580,1,2,0.0,0.333333333333,0.666666666667,0.0,0.0,0.0,0.0,0.0
1581,1,0,0.666666666667,0.333333333333,0.0,0.0,0.0,0.0,0.0,0.0
1582,0,7,0.0,0.0,0.333333333333,0.0,0.0,0.0,0.0,0.666666666667
1583,1,1,0.0,0.75,0.25,0.0,0.0,0.0,0.0,0.0
1584,2,2,0.0,0.0,0.666666666667,0.333333333333,0.0,0.0,0.0,0.0
1585,0,1,0.0,1.0,0.0,0.0,0.0,0.0,0.0,0.0
1586,3,0,0.8,0.0,0.0,0.2,0.0,0.0,0.0,0.0
1587,5,0,0.5,0.0,0.0,0.0,0.0,0.5,0.0,0.0
1588,1,0,0.5,0.25,0.0,0.0,0.0,0.25,0.0,0.0
1589,0,0,0.666666666667,0.0,0.333333333333,0.0,0.0,0.0,0.0,0.0
1590,1,1,0.5,0.5,0.0,0.0,0.0,0.0,0.0,0.0
1591,1,2,0.0,0.5,0.5,0.0,0.0,0.0,0.0,0.0
1592,1,1,0.0,1.0,0.0,0.0,0.0,0.0,0.0,0.0
1593,6,0,0.666666666667,0.0,0.333333333333,0.0,0.0,0.0,0.0,0.0
1594,0,4,0.0,0.0,0.5,0.0,0.5,0.0,0.0,0.0
1595,6,6,0.0,0.0,0.0,0.0,0.0,0.0,1.0,0.0
1596,3,0,0.666666666667,0.0,0.333333333333,0.0,0.0,0.0,0.0,0.0
1597,1,2,0.0,0.5,0.5,0.0,0.0,0.0,0.0,0.0
1598,1,1,0.2,0.8,0.0,0.0,0.0,0.0,0.0,0.0
1599,0,2,0.333333333333,0.0,0.666666666667,0.0,0.0,0.0,0.0,0.0
1600,0,0,0.5,0.0,0.0,0.0,0.0,0.0,0.25,0.25
1601,1,1,0.0,1.0,0.0,0.0,0.0,0.0,0.0,0.0
1602,1,1,0.0,0.75,0.25,0.0,0.0,0.0,0.0,0.0
1603,0,0,1.0,0.0,0.0,0.0,0.0,0.0,0.0,0.0
1604,0,0,0.666666666667,0.0,0.0,0.0,0.0,0.333333333333,0.0,0.0
1605,0,5,0.333333333333,0.0,0.0,0.0,0.0,0.666666666667,0.0,0.0
1606,1,1,0.333333333333,0.666666666667,0.0,0.0,0.0,0.0,0.0,0.0
1607,1,1,0.0,1.0,0.0,0.0,0.0,0.0,0.0,0.0
1608,1,5,0.0,0.333333333333,0.0,0.0,0.0,0.666666666667,0.0,0.0
1609,0,2,0.333333333333,0.0,0.666666666667,0.0,0.0,0.0,0.0,0.0
1610,6,2,0.0,0.0,1.0,0.0,0.0,0.0,0.0,0.0
1611,2,2,0.0,0.0,1.0,0.0,0.0,0.0,0.0,0.0
1612,0,0,0.666666666667,0.0,0.333333333333,0.0,0.0,0.0,0.0,0.0
1613,1,1,0.0,1.0,0.0,0.0,0.0,0.0,0.0,0.0
1614,0,0,0.5,0.0,0.25,0.0,0.25,0.0,0.0,0.0
1615,1,1,0.0,1.0,0.0,0.0,0.0,0.0,0.0,0.0
1616,0,0,1.0,0.0,0.0,0.0,0.0,0.0,0.0,0.0
1617,0,0,0.666666666667,0.0,0.333333333333,0.0,0.0,0.0,0.0,0.0
1618,0,0,1.0,0.0,0.0,0.0,0.0,0.0,0.0,0.0
1619,6,6,0.25,0.0,0.25,0.0,0.0,0.0,0.5,0.0
1620,1,1,0.0,1.0,0.0,0.0,0.0,0.0,0.0,0.0
1621,0,0,0.666666666667,0.0,0.333333333333,0.0,0.0,0.0,0.0,0.0
1622,0,0,1.0,0.0,0.0,0.0,0.0,0.0,0.0,0.0
1623,0,2,0.333333333333,0.0,0.666666666667,0.0,0.0,0.0,0.0,0.0
1624,0,2,0.333333333333,0.0,0.333333333333,0.0,0.0,0.333333333333,0.0,0.0
1625,0,0,0.5,0.0,0.0,0.0,0.5,0.0,0.0,0.0
1626,1,0,1.0,0.0,0.0,0.0,0.0,0.0,0.0,0.0
1627,0,0,1.0,0.0,0.0,0.0,0.0,0.0,0.0,0.0
1628,1,1,0.0,1.0,0.0,0.0,0.0,0.0,0.0,0.0
1629,1,1,0.0,1.0,0.0,0.0,0.0,0.0,0.0,0.0
1630,0,0,0.666666666667,0.333333333333,0.0,0.0,0.0,0.0,0.0,0.0
1631,6,6,0.0,0.0,0.25,0.0,0.0,0.0,0.75,0.0
1632,1,0,0.5,0.0,0.5,0.0,0.0,0.0,0.0,0.0
1633,6,6,0.0,0.0,0.0,0.0,0.0,0.0,1.0,0.0
1634,0,4,0.333333333333,0.0,0.333333333333,0.0,0.333333333333,0.0,0.0,0.0
1635,1,0,0.75,0.25,0.0,0.0,0.0,0.0,0.0,0.0
1636,1,5,0.0,0.0,0.333333333333,0.0,0.0,0.666666666667,0.0,0.0
1637,1,5,0.0,0.5,0.0,0.0,0.0,0.5,0.0,0.0
1638,6,6,0.0,0.0,0.5,0.0,0.0,0.0,0.5,0.0
1639,0,0,1.0,0.0,0.0,0.0,0.0,0.0,0.0,0.0
1640,1,0,0.5,0.25,0.25,0.0,0.0,0.0,0.0,0.0
1641,7,2,0.0,0.0,1.0,0.0,0.0,0.0,0.0,0.0
1642,0,0,1.0,0.0,0.0,0.0,0.0,0.0,0.0,0.0
1643,1,1,0.0,1.0,0.0,0.0,0.0,0.0,0.0,0.0
1644,7,0,0.666666666667,0.0,0.0,0.0,0.0,0.0,0.0,0.333333333333
1645,6,2,0.0,0.0,0.5,0.0,0.0,0.0,0.5,0.0
1646,1,2,0.0,0.5,0.5,0.0,0.0,0.0,0.0,0.0
1647,1,1,0.5,0.5,0.0,0.0,0.0,0.0,0.0,0.0
1648,1,1,0.0,1.0,0.0,0.0,0.0,0.0,0.0,0.0
1649,1,1,0.0,1.0,0.0,0.0,0.0,0.0,0.0,0.0
1650,1,1,0.333333333333,0.666666666667,0.0,0.0,0.0,0.0,0.0,0.0
1651,6,1,0.0,1.0,0.0,0.0,0.0,0.0,0.0,0.0
1652,6,2,0.0,0.0,1.0,0.0,0.0,0.0,0.0,0.0
1653,0,1,0.4,0.6,0.0,0.0,0.0,0.0,0.0,0.0
1654,0,0,1.0,0.0,0.0,0.0,0.0,0.0,0.0,0.0
1655,7,7,0.0,0.0,0.5,0.0,0.0,0.0,0.0,0.5
1656,1,0,0.5,0.5,0.0,0.0,0.0,0.0,0.0,0.0
1657,0,6,0.333333333333,0.0,0.333333333333,0.0,0.0,0.0,0.333333333333,0.0
1658,6,6,0.0,0.0,0.0,0.0,0.0,0.0,1.0,0.0
1659,6,6,0.0,0.0,0.0,0.0,0.0,0.0,1.0,0.0
1660,0,0,0.666666666667,0.0,0.333333333333,0.0,0.0,0.0,0.0,0.0
1661,0,0,1.0,0.0,0.0,0.0,0.0,0.0,0.0,0.0
1662,1,1,0.0,1.0,0.0,0.0,0.0,0.0,0.0,0.0
1663,0,5,0.0,0.0,0.5,0.0,0.0,0.5,0.0,0.0
1664,0,0,1.0,0.0,0.0,0.0,0.0,0.0,0.0,0.0
1665,1,1,0.0,0.666666666667,0.0,0.0,0.0,0.333333333333,0.0,0.0
1666,1,1,0.25,0.75,0.0,0.0,0.0,0.0,0.0,0.0
1667,1,1,0.0,1.0,0.0,0.0,0.0,0.0,0.0,0.0
1668,6,0,0.5,0.0,0.0,0.0,0.0,0.0,0.5,0.0
1669,6,0,0.5,0.0,0.0,0.0,0.0,0.5,0.0,0.0
1670,1,0,0.5,0.0,0.0,0.0,0.5,0.0,0.0,0.0
1671,1,1,0.0,1.0,0.0,0.0,0.0,0.0,0.0,0.0
1672,0,1,0.2,0.8,0.0,0.0,0.0,0.0,0.0,0.0
1673,0,0,1.0,0.0,0.0,0.0,0.0,0.0,0.0,0.0
1674,6,0,0.8,0.0,0.2,0.0,0.0,0.0,0.0,0.0
1675,1,6,0.25,0.0,0.0,0.0,0.0,0.0,0.75,0.0
1676,1,1,0.0,1.0,0.0,0.0,0.0,0.0,0.0,0.0
1677,1,5,0.0,0.0,0.0,0.0,0.0,1.0,0.0,0.0
1678,6,1,0.0,0.666666666667,0.0,0.0,0.333333333333,0.0,0.0,0.0
1679,0,0,0.75,0.0,0.25,0.0,0.0,0.0,0.0,0.0
1680,1,1,0.0,1.0,0.0,0.0,0.0,0.0,0.0,0.0
1681,4,2,0.0,0.0,0.5,0.0,0.5,0.0,0.0,0.0
1682,1,1,0.0,0.5,0.5,0.0,0.0,0.0,0.0,0.0
1683,6,6,0.0,0.0,0.0,0.0,0.0,0.0,1.0,0.0
1684,0,0,0.5,0.0,0.5,0.0,0.0,0.0,0.0,0.0
1685,0,0,0.75,0.0,0.25,0.0,0.0,0.0,0.0,0.0
1686,1,1,0.0,1.0,0.0,0.0,0.0,0.0,0.0,0.0
1687,1,5,0.0,0.5,0.0,0.0,0.0,0.5,0.0,0.0
1688,0,2,0.5,0.0,0.5,0.0,0.0,0.0,0.0,0.0
1689,0,0,1.0,0.0,0.0,0.0,0.0,0.0,0.0,0.0
1690,5,1,0.0,0.666666666667,0.0,0.0,0.0,0.333333333333,0.0,0.0
1691,6,2,0.0,0.0,0.5,0.0,0.0,0.0,0.5,0.0
1692,0,1,0.5,0.5,0.0,0.0,0.0,0.0,0.0,0.0
1693,0,2,0.5,0.0,0.5,0.0,0.0,0.0,0.0,0.0
1694,6,6,0.0,0.0,0.333333333333,0.0,0.0,0.0,0.666666666667,0.0
1695,1,0,0.5,0.25,0.25,0.0,0.0,0.0,0.0,0.0
1696,0,0,0.5,0.0,0.0,0.25,0.0,0.25,0.0,0.0
1697,2,1,0.0,1.0,0.0,0.0,0.0,0.0,0.0,0.0
1698,1,1,0.0,1.0,0.0,0.0,0.0,0.0,0.0,0.0
1699,7,0,0.666666666667,0.0,0.0,0.0,0.0,0.0,0.0,0.333333333333
1700,0,0,0.666666666667,0.0,0.0,0.0,0.0,0.333333333333,0.0,0.0
1701,3,1,0.0,0.5,0.0,0.5,0.0,0.0,0.0,0.0
1702,1,1,0.0,1.0,0.0,0.0,0.0,0.0,0.0,0.0
1703,0,0,0.5,0.0,0.0,0.0,0.0,0.5,0.0,0.0
1704,0,0,1.0,0.0,0.0,0.0,0.0,0.0,0.0,0.0
1705,0,0,1.0,0.0,0.0,0.0,0.0,0.0,0.0,0.0
1706,1,1,0.0,1.0,0.0,0.0,0.0,0.0,0.0,0.0
1707,6,0,0.5,0.0,0.25,0.0,0.0,0.0,0.25,0.0
1708,0,1,0.0,1.0,0.0,0.0,0.0,0.0,0.0,0.0
1709,0,0,0.75,0.0,0.0,0.0,0.0,0.0,0.25,0.0
1710,6,1,0.5,0.5,0.0,0.0,0.0,0.0,0.0,0.0
1711,7,5,0.4,0.0,0.0,0.0,0.0,0.6,0.0,0.0
1712,0,6,0.333333333333,0.0,0.0,0.0,0.0,0.0,0.666666666667,0.0
1713,1,7,0.0,0.5,0.0,0.0,0.0,0.0,0.0,0.5
1714,1,0,0.666666666667,0.333333333333,0.0,0.0,0.0,0.0,0.0,0.0
1715,0,1,0.0,0.666666666667,0.0,0.0,0.0,0.333333333333,0.0,0.0
1716,6,1,0.25,0.75,0.0,0.0,0.0,0.0,0.0,0.0
1717,0,0,0.5,0.0,0.0,0.0,0.5,0.0,0.0,0.0
1718,0,0,1.0,0.0,0.0,0.0,0.0,0.0,0.0,0.0
1719,0,5,0.25,0.0,0.0,0.0,0.0,0.75,0.0,0.0
1720,1,1,0.0,1.0,0.0,0.0,0.0,0.0,0.0,0.0
1721,1,2,0.0,0.5,0.5,0.0,0.0,0.0,0.0,0.0
1722,1,4,0.0,0.333333333333,0.0,0.0,0.666666666667,0.0,0.0,0.0
1723,3,3,0.25,0.0,0.25,0.5,0.0,0.0,0.0,0.0
1724,1,1,0.0,1.0,0.0,0.0,0.0,0.0,0.0,0.0
1725,0,0,0.5,0.5,0.0,0.0,0.0,0.0,0.0,0.0
1726,0,0,0.666666666667,0.0,0.333333333333,0.0,0.0,0.0,0.0,0.0
1727,0,0,0.666666666667,0.0,0.0,0.0,0.0,0.333333333333,0.0,0.0
1728,0,0,0.6,0.2,0.2,0.0,0.0,0.0,0.0,0.0
1729,1,1,0.0,1.0,0.0,0.0,0.0,0.0,0.0,0.0
1730,1,1,0.0,1.0,0.0,0.0,0.0,0.0,0.0,0.0
1731,1,1,0.0,0.5,0.0,0.0,0.0,0.5,0.0,0.0
1732,1,1,0.0,1.0,0.0,0.0,0.0,0.0,0.0,0.0
1733,1,2,0.333333333333,0.0,0.666666666667,0.0,0.0,0.0,0.0,0.0
1734,0,0,1.0,0.0,0.0,0.0,0.0,0.0,0.0,0.0
1735,1,1,0.0,0.5,0.0,0.0,0.0,0.5,0.0,0.0
1736,1,0,0.5,0.5,0.0,0.0,0.0,0.0,0.0,0.0
1737,0,2,0.5,0.0,0.5,0.0,0.0,0.0,0.0,0.0
1738,6,6,0.0,0.0,0.0,0.0,0.0,0.0,1.0,0.0
1739,2,2,0.333333333333,0.0,0.666666666667,0.0,0.0,0.0,0.0,0.0
1740,4,4,0.0,0.0,0.0,0.0,1.0,0.0,0.0,0.0
1741,2,2,0.0,0.0,0.5,0.0,0.0,0.25,0.25,0.0
1742,7,1,0.0,0.5,0.0,0.0,0.5,0.0,0.0,0.0
1743,0,0,1.0,0.0,0.0,0.0,0.0,0.0,0.0,0.0
1744,1,1,0.0,1.0,0.0,0.0,0.0,0.0,0.0,0.0
1745,6,5,0.333333333333,0.0,0.0,0.0,0.0,0.333333333333,0.333333333333,0.0
1746,1,0,0.666666666667,0.333333333333,0.0,0.0,0.0,0.0,0.0,0.0
1747,1,1,0.0,1.0,0.0,0.0,0.0,0.0,0.0,0.0
1748,0,1,0.333333333333,0.666666666667,0.0,0.0,0.0,0.0,0.0,0.0
1749,0,1,0.0,0.5,0.25,0.0,0.0,0.25,0.0,0.0
1750,1,1,0.0,1.0,0.0,0.0,0.0,0.0,0.0,0.0
1751,0,5,0.5,0.0,0.0,0.0,0.0,0.5,0.0,0.0
1752,0,0,0.666666666667,0.0,0.0,0.0,0.0,0.333333333333,0.0,0.0
1753,2,2,0.0,0.25,0.75,0.0,0.0,0.0,0.0,0.0
1754,0,0,0.5,0.0,0.5,0.0,0.0,0.0,0.0,0.0
1755,1,1,0.0,1.0,0.0,0.0,0.0,0.0,0.0,0.0
1756,2,2,0.333333333333,0.0,0.666666666667,0.0,0.0,0.0,0.0,0.0
1757,0,0,0.8,0.0,0.0,0.0,0.0,0.0,0.2,0.0
1758,0,0,1.0,0.0,0.0,0.0,0.0,0.0,0.0,0.0
1759,1,1,0.0,0.666666666667,0.333333333333,0.0,0.0,0.0,0.0,0.0
1760,1,1,0.0,1.0,0.0,0.0,0.0,0.0,0.0,0.0
1761,0,2,0.4,0.2,0.4,0.0,0.0,0.0,0.0,0.0
1762,0,0,0.666666666667,0.0,0.0,0.0,0.0,0.0,0.333333333333,0.0
1763,2,2,0.25,0.25,0.5,0.0,0.0,0.0,0.0,0.0
1764,5,1,0.0,1.0,0.0,0.0,0.0,0.0,0.0,0.0
1765,0,5,0.0,0.0,0.0,0.0,0.0,1.0,0.0,0.0
1766,6,0,0.4,0.0,0.2,0.0,0.0,0.2,0.2,0.0
1767,0,0,1.0,0.0,0.0,0.0,0.0,0.0,0.0,0.0
1768,3,3,0.0,0.0,0.25,0.75,0.0,0.0,0.0,0.0
1769,1,5,0.0,0.0,0.0,0.0,0.0,1.0,0.0,0.0
1770,1,1,0.25,0.75,0.0,0.0,0.0,0.0,0.0,0.0
1771,0,0,1.0,0.0,0.0,0.0,0.0,0.0,0.0,0.0
1772,0,0,0.5,0.0,0.5,0.0,0.0,0.0,0.0,0.0
1773,0,4,0.333333333333,0.0,0.333333333333,0.0,0.333333333333,0.0,0.0,0.0
1774,0,3,0.5,0.0,0.0,0.5,0.0,0.0,0.0,0.0
1775,0,0,0.666666666667,0.0,0.333333333333,0.0,0.0,0.0,0.0,0.0
1776,1,1,0.0,1.0,0.0,0.0,0.0,0.0,0.0,0.0
1777,1,1,0.0,1.0,0.0,0.0,0.0,0.0,0.0,0.0
1778,1,0,0.75,0.0,0.0,0.0,0.0,0.25,0.0,0.0
1779,0,2,0.5,0.0,0.5,0.0,0.0,0.0,0.0,0.0
1780,1,1,0.0,0.333333333333,0.0,0.0,0.333333333333,0.333333333333,0.0,0.0
1781,0,5,0.0,0.5,0.0,0.0,0.0,0.5,0.0,0.0
1782,0,0,1.0,0.0,0.0,0.0,0.0,0.0,0.0,0.0
1783,0,0,1.0,0.0,0.0,0.0,0.0,0.0,0.0,0.0
1784,1,5,0.0,0.25,0.25,0.0,0.0,0.5,0.0,0.0
1785,0,4,0.25,0.0,0.0,0.0,0.75,0.0,0.0,0.0
