text_id,gold_label,LFC_label,LFCconf0,LFCconf1,LFCconf2
0,2,2,0.0606544523866,9.26505969132e-58,0.939345547613
1,1,1,7.501815214e-35,1.0,8.6362359281e-15
2,1,1,0.0,1.0,1.68720892349e-21
3,0,0,0.996343005686,8.85093950492e-130,0.00365699431401
4,2,0,0.999470215976,4.20563260711e-109,0.00052978402404
5,1,1,0.0,1.0,1.26623566923e-76
6,2,2,0.250806984228,5.99353859798e-40,0.749193015772
7,2,2,0.00128019817258,0.00716676118972,0.991553040638
8,1,2,5.83211650626e-31,0.052300588363,0.947699411637
9,2,2,0.0591173186239,3.49621385863e-40,0.940882681376
10,2,0,0.999388793746,4.18492350066e-109,0.000611206253713
11,2,0,0.99140741726,2.71656154334e-34,0.00859258274045
12,2,2,0.0355931436976,4.95718691816e-30,0.964406856302
13,2,2,0.0261042079332,3.70188097804e-88,0.973895792067
14,2,0,0.779171112146,3.30999518368e-39,0.220828887854
15,1,1,7.2068573497e-132,0.996691197566,0.00330880243405
16,2,2,0.000883502477754,0.00801758169833,0.991098915824
17,2,2,0.00735407855749,0.00317162176209,0.98947429968
18,2,0,1.0,0.0,1.06963964762e-19
19,0,0,1.0,0.0,9.46642285676e-31
20,1,1,0.0,1.0,3.55288849913e-255
21,1,1,1.28836165388e-166,1.0,4.48624890421e-21
22,2,2,4.74161697368e-38,3.01757710493e-19,1.0
23,1,1,3.22930811868e-35,0.797792204154,0.202207795846
24,2,2,0.00626290220841,0.0,0.993737097792
25,1,2,0.0201630611308,0.0138015315484,0.966035407321
26,2,2,0.150481739229,2.85803835021e-39,0.849518260771
27,0,0,0.999813611236,9.00015575976e-109,0.000186388763582
28,1,1,7.55819787994e-203,1.0,4.76837728293e-22
29,1,1,0.0,1.0,1.51527485979e-21
30,1,1,8.13590953984e-120,1.0,2.75039660502e-20
31,0,0,1.0,0.0,7.93089572915e-15
32,1,1,0.0,1.0,1.76964162634e-49
33,1,1,0.0,0.851270340411,0.148729659589
34,2,2,2.45566383555e-38,3.24039205688e-14,1.0
35,2,0,0.907220345938,5.59185332211e-76,0.0927796540621
36,2,2,0.00195877188892,0.00796721103548,0.990074017076
37,0,0,0.999979388008,1.65953775683e-153,2.06119924186e-05
38,1,1,3.01477249167e-104,0.999882411582,0.000117588418081
39,2,2,0.00162402783549,0.00728273776593,0.991093234399
40,1,1,4.63677303955e-41,0.665424767792,0.334575232208
41,2,2,0.000402879880641,0.0012316846877,0.998365435432
42,2,2,0.000470869488405,0.000968709916615,0.998560420595
43,1,2,0.00352863447133,0.00062029664781,0.995851068881
44,2,2,0.000724586314581,0.00133420100064,0.997941212685
45,1,1,3.44701130726e-96,0.99972314603,0.000276853970295
46,1,1,1.64252343724e-158,1.0,7.49834246088e-22
47,2,2,0.0,1.09089243924e-38,1.0
48,2,2,0.0,0.00234884755029,0.99765115245
49,2,2,0.000724586314581,0.00133420100064,0.997941212685
50,0,0,1.0,0.0,4.60090648556e-19
51,2,0,0.609724678876,0.0,0.390275321124
52,2,2,0.0,0.036048844759,0.963951155241
53,2,0,0.52685176544,1.08292711564e-96,0.47314823456
54,1,2,0.0,0.0838624200512,0.916137579949
55,2,0,0.999995465477,2.04258157227e-170,4.53452276461e-06
56,2,2,0.00712048788228,0.0034522192785,0.989427292839
57,2,2,0.0629856676006,5.0079498363e-47,0.937014332399
58,0,0,0.999997572658,1.47753740726e-183,2.42734172844e-06
59,0,0,0.999762599661,1.13345170012e-108,0.00023740033933
60,2,2,1.83328187235e-14,0.0,1.0
61,2,2,9.28024139665e-05,0.00254374674194,0.997363450844
62,2,2,0.0,0.0119104842391,0.988089515761
63,1,2,5.05843171303e-41,0.0300577443851,0.969942255615
64,2,2,0.0,0.00803070337237,0.991969296628
65,2,2,0.134755903731,8.94266139447e-41,0.865244096269
66,2,2,0.000202296838314,5.32106550804e-38,0.999797703162
67,2,2,2.01654142156e-26,0.000446478232437,0.999553521768
68,1,2,0.00892431305009,2.13654598155e-29,0.99107568695
69,2,0,1.0,2.49683271633e-112,1.43237510769e-65
70,1,1,0.0,1.0,2.34476923356e-17
71,2,2,0.000551993503429,0.00133012508427,0.998117881412
72,1,1,1.57904863123e-35,0.98972821196,0.0102717880404
73,2,0,0.999998847168,2.41559129124e-204,1.15283222309e-06
74,2,2,0.0904302445173,1.06321660705e-40,0.909569755483
75,0,0,1.0,0.0,5.98838016151e-23
76,2,2,1.05849308313e-38,0.0710735810313,0.928926418969
77,1,1,4.9073047923e-42,0.87283180921,0.12716819079
78,0,0,1.0,0.0,1.6267252513e-13
79,2,2,0.00161037973709,0.00199864798121,0.996390972282
80,2,0,0.999497251879,4.55301918664e-105,0.000502748120919
81,1,1,0.0,0.999937395837,6.26041629399e-05
82,0,0,1.0,0.0,5.32023119827e-56
83,1,1,0.0,1.0,2.34599586413e-16
84,1,1,8.5060974867e-72,0.882383410981,0.117616589019
85,2,0,0.990356369224,2.55300607153e-75,0.00964363077622
86,2,2,0.00482083141233,0.0275383212682,0.967640847319
87,1,1,7.80066846855e-105,0.997974449831,0.00202555016855
88,2,2,0.000123748065203,0.000157132920651,0.999719119014
89,2,0,1.0,0.0,2.33853294257e-23
90,1,1,0.0,1.0,2.28276483531e-21
91,2,2,6.63686872352e-40,0.0041006029767,0.995899397023
92,1,1,0.0,1.0,1.60790611691e-18
93,2,2,0.00728092440586,0.00471379973545,0.988005275859
94,2,2,0.000724586314581,0.00133420100064,0.997941212685
95,2,2,0.00722315181934,0.0,0.992776848181
96,1,1,1.63414299876e-74,0.983969650028,0.0160303499718
97,2,2,0.000447354247535,4.72707253058e-32,0.999552645752
98,2,2,0.000501913541902,0.000934834905113,0.998563251553
99,1,1,4.20091405158e-82,0.990785332461,0.00921466753902
100,0,0,0.999999762297,0.0,2.37702967845e-07
101,2,0,0.50755739157,3.79443333745e-125,0.49244260843
102,1,1,0.0,0.999965302493,3.46975070197e-05
103,2,2,0.00352863447133,0.00062029664781,0.995851068881
104,2,2,0.000194421473603,0.000218994517029,0.999586584009
105,1,2,1.8544917403e-71,0.481592818134,0.518407181866
106,1,1,2.43542047037e-151,0.999980869182,1.91308184234e-05
107,2,1,2.24371789596e-67,0.984689144423,0.0153108555772
108,1,1,3.09272690359e-180,0.99999847658,1.5234201908e-06
109,2,2,0.288369972428,4.27737968632e-95,0.711630027572
110,2,2,0.00451094467893,0.0162518165605,0.979237238761
111,1,1,0.0,1.0,0.0
112,0,0,0.999999999995,0.0,4.63006844211e-12
113,0,0,1.0,0.0,5.74015292123e-33
114,1,1,1.08877612972e-120,1.0,1.43802114816e-20
115,1,1,0.0,1.0,7.57373154608e-37
116,1,1,0.0,0.729091171279,0.270908828721
117,1,2,1.11779310371e-34,0.357586420339,0.642413579661
118,1,1,9.50829222644e-156,1.0,2.91579264124e-21
119,1,1,0.0,0.999969379845,3.06201550636e-05
120,1,1,0.0,1.0,7.28456988554e-36
121,1,1,0.0,0.937475498729,0.0625245012711
122,1,2,9.75169417556e-40,0.2916606616,0.7083393384
123,1,1,3.11381409316e-69,0.998914425114,0.00108557488614
124,1,2,5.53623571123e-37,0.258193182775,0.741806817225
125,1,2,1.72198668138e-38,0.0822259819395,0.917774018061
126,0,0,1.0,0.0,1.0534444389e-31
127,2,2,0.0107656830195,6.46435921054e-40,0.98923431698
128,2,2,0.0015454683334,0.00323609944485,0.995218432222
129,2,2,0.0039143793772,0.00517830708715,0.990907313536
130,1,1,6.86876976222e-65,0.939648833352,0.0603511666483
131,2,2,0.00889343691157,0.00121231633106,0.989894246757
132,1,1,8.87147992881e-115,0.998906352882,0.00109364711848
133,2,2,0.000259659904264,0.0206607407609,0.979079599335
134,2,2,1.14204539134e-280,0.00133720597801,0.998662794022
135,2,2,1.39582740999e-24,9.81254987111e-41,1.0
136,2,2,0.0,0.0012409060962,0.998759093904
137,0,0,0.994133059034,3.75265391504e-125,0.00586694096628
138,1,1,5.74753998015e-63,0.775710049896,0.224289950104
139,2,2,0.000725597026266,0.00230817826494,0.996966224709
140,2,2,0.00169955964533,0.00657173692111,0.991728703434
141,2,2,0.0,0.00849431192828,0.991505688072
142,0,0,1.0,0.0,0.0
143,1,1,1.48699609314e-186,1.0,2.6166375749e-22
144,0,0,1.0,0.0,3.71558746485e-22
145,2,2,0.0900674376844,6.99710209081e-69,0.909932562316
146,1,1,8.55630848543e-151,1.0,1.71292445534e-19
147,1,1,0.0,1.0,8.76066652251e-22
148,0,0,0.99999634717,1.54632583731e-108,3.65282963581e-06
149,1,1,0.0,0.99966489577,0.000335104229661
150,1,2,0.0,0.0119916032204,0.98800839678
151,2,0,0.999999999912,0.0,8.80426423657e-11
152,0,0,0.999996795279,3.16260337603e-142,3.20472074959e-06
153,1,1,0.0,1.0,3.47329947593e-18
154,2,2,0.0,0.0,1.0
155,2,0,0.868890421956,4.91445178522e-82,0.131109578044
156,2,2,6.6247252001e-05,0.000204070919004,0.999729681829
157,2,0,0.999296918251,6.08776660384e-109,0.000703081748727
158,2,2,0.186309553346,5.2873194006e-40,0.813690446654
159,2,2,0.00413956463063,4.08118560033e-41,0.995860435369
160,2,0,0.999999999747,0.0,2.53087457708e-10
161,1,1,0.0,0.999789881873,0.00021011812677
162,0,0,1.0,0.0,7.17256601659e-14
163,2,2,0.332944176551,6.95462871027e-40,0.667055823449
164,1,1,2.25773144424e-104,0.999914003477,8.59965231307e-05
165,2,2,0.0345507168147,0.0292872945347,0.936161988651
166,1,2,5.58608327846e-36,0.427467010957,0.572532989043
167,1,1,0.0,1.0,1.0058137947e-37
168,2,0,0.999375646257,4.25248429862e-109,0.000624353743046
169,0,0,1.0,0.0,2.02647955781e-13
170,0,0,0.996233281652,2.51785182494e-72,0.00376671834832
171,0,0,0.999296918251,6.08776660384e-109,0.000703081748727
172,1,2,4.15934507678e-36,0.116439943097,0.883560056903
173,2,2,0.00167562650299,0.000417539425023,0.997906834072
174,2,2,1.2343791226e-36,0.0211389531241,0.978861046876
175,2,2,0.000735241318197,0.00312216415254,0.996142594529
176,0,0,1.0,5.44136105757e-150,1.9892362064e-81
177,2,2,0.00307939895971,0.000480986657816,0.996439614382
178,2,2,0.0,2.85869814212e-26,1.0
179,0,0,1.0,0.0,9.95858457536e-219
180,0,0,1.0,0.0,4.45910501709e-23
181,2,0,0.91004608658,2.95392656426e-96,0.08995391342
182,1,1,4.77997750221e-105,0.999667512227,0.000332487773137
183,1,1,3.30631765531e-63,0.9546221337,0.0453778662997
184,2,2,0.000194421473603,0.000218994517029,0.999586584009
185,1,1,6.99998002116e-309,0.958087770781,0.0419122292189
186,1,1,0.0,1.0,7.54004371507e-198
187,1,1,6.2982329739e-72,0.998347698159,0.00165230184091
188,1,1,1.15899768921e-36,0.696449205716,0.303550794284
189,1,1,0.0,0.959025092196,0.0409749078039
190,2,0,1.0,0.0,2.08300757665e-29
191,1,2,3.50066771401e-50,0.0081089810763,0.991891018924
192,2,0,1.0,0.0,1.39487795775e-30
193,1,1,1.09206210978e-102,1.0,2.50544237312e-66
194,1,1,0.0,0.561660440304,0.438339559696
195,2,2,0.000575181390084,0.0227334739633,0.976691344647
196,2,0,0.997024101134,1.67357136768e-67,0.00297589886557
197,1,2,0.000402879880641,0.0012316846877,0.998365435432
198,2,2,0.00718818405528,7.4927047343e-32,0.992811815945
199,1,1,9.35710735592e-156,1.0,2.9311927036e-21
200,1,1,2.25727412966e-96,0.999859320267,0.000140679732841
201,2,2,0.000192726078574,0.000414903217663,0.999392370704
202,1,2,0.00206751309101,0.00736163567099,0.990570851238
203,2,2,0.0196174754493,8.85311140655e-31,0.980382524551
204,0,0,0.960651705422,6.21104840984e-76,0.0393482945781
205,0,0,1.0,0.0,2.84154562234e-21
206,2,0,0.997642237477,1.9960422885e-67,0.00235776252269
207,2,2,1.04536825008e-05,0.00917017119939,0.990819375118
208,2,2,0.000724586314581,0.00133420100064,0.997941212685
209,2,0,1.0,0.0,3.76678435273e-22
210,1,1,4.53064070373e-36,0.855362617066,0.144637382934
211,0,0,1.0,0.0,1.10351529401e-31
212,1,1,1.22545019984e-97,0.99990920767,9.07923304754e-05
213,2,2,0.0,0.0723526094957,0.927647390504
214,2,2,0.0107796989047,4.35563940048e-23,0.989220301095
215,2,2,0.00203894354822,9.94164196219e-54,0.997961056452
216,1,2,0.00125330458187,0.00712956883112,0.991617126587
217,2,2,0.121072637463,1.01417760309e-40,0.878927362537
218,1,1,3.32496882946e-64,0.817380726396,0.182619273604
219,2,2,0.020865672669,6.87586439814e-60,0.979134327331
220,1,1,0.0,0.98740293607,0.0125970639296
221,2,0,1.0,0.0,2.59139810159e-32
222,1,1,1.10169522702e-64,0.92916034534,0.0708396546603
223,2,2,0.0253603597024,1.02318924457e-30,0.974639640298
224,2,2,0.0,0.0,1.0
225,2,2,0.000251113172258,0.0042721182173,0.99547676861
226,1,1,4.82485660882e-96,0.999009227684,0.000990772315853
227,1,1,7.32746734539e-108,0.999962656388,3.73436118842e-05
228,2,2,0.00252511663688,0.00727857714171,0.990196306221
229,1,2,0.0,0.0355038304497,0.96449616955
230,1,1,7.03892638653e-71,0.968256123597,0.0317438764034
231,1,1,7.04097631953e-104,0.999986493895,1.35061050523e-05
232,2,2,0.00242954662462,0.00307383102826,0.994496622347
233,2,2,0.350751906303,1.67702519323e-34,0.649248093697
234,1,2,0.0,0.00425083597762,0.995749164022
235,1,1,6.39927467197e-143,0.999992427826,7.57217449055e-06
236,2,2,0.00119227108373,0.00156122412244,0.997246504794
237,0,0,1.0,0.0,3.95005875336e-52
238,1,2,0.00206751309101,0.00736163567099,0.990570851238
239,2,0,1.0,0.0,1.74520994257e-45
240,1,1,9.50829222644e-156,1.0,2.91579264124e-21
241,2,2,0.376116802721,2.9513579512e-70,0.623883197279
242,2,2,0.0,0.0163193944706,0.983680605529
243,0,0,0.999385942869,4.13374429859e-109,0.000614057130785
244,2,2,0.00108562654722,7.92643713044e-05,0.998835109081
245,1,1,4.80662068161e-49,0.999999999999,6.7287883826e-13
246,0,0,1.0,0.0,1.4576198018e-23
247,2,2,4.17989830684e-30,0.0135992026701,0.98640079733
248,1,1,6.16455656978e-119,0.999515521289,0.000484478711157
249,2,2,0.00162402783549,0.00728273776593,0.991093234399
250,2,0,0.999999998806,0.0,1.1937336611e-09
251,1,1,7.11938223988e-148,1.0,4.04247697867e-21
252,2,2,0.000558123534641,0.00121566598304,0.998226210482
253,1,1,6.75098413704e-301,0.942992875026,0.057007124974
254,2,2,0.0349600434004,1.30897990058e-39,0.9650399566
255,2,0,1.0,6.26330986607e-76,9.70337873828e-24
256,1,1,8.19242624401e-126,1.0,4.76887617608e-21
257,1,1,1.9859578987e-194,1.0,1.88735090538e-22
258,2,0,0.970703479869,0.0,0.0292965201313
259,2,2,0.0543126490191,9.09161195376e-33,0.945687350981
260,1,1,0.0,0.999989049534,1.09504657483e-05
261,1,1,0.0,1.0,0.0
262,1,1,2.0062925494e-152,0.999963789431,3.6210569399e-05
263,1,1,7.07953984527e-143,0.999991713986,8.28601385871e-06
264,1,1,2.69097546083e-104,0.999870548935,0.000129451064912
265,0,0,1.0,0.0,3.47958175787e-22
266,2,2,0.000759240342228,0.0282009652129,0.971039794445
267,1,1,3.38524082533e-158,1.0,1.77568288513e-21
268,1,1,0.0,1.0,0.0
269,1,1,7.72871785149e-106,0.999862078638,0.000137921361858
270,2,2,0.000402879880641,0.0012316846877,0.998365435432
271,1,1,0.0,1.0,1.1286006739e-18
272,2,2,0.000551993503429,0.00133012508427,0.998117881412
273,2,2,0.0361612631629,2.66082685241e-41,0.963838736837
274,2,2,3.31102503599e-05,1.09684525415e-57,0.99996688975
275,1,2,0.0,3.79583785523e-17,1.0
276,2,2,7.59513015046e-05,0.000263314129135,0.999660734569
277,1,2,8.97573825313e-31,0.212881704194,0.787118295806
278,2,0,0.953664168112,1.02484096908e-72,0.0463358318882
279,1,1,1.63605448805e-195,1.0,3.57241476733e-22
280,2,0,0.999965403244,5.03120841567e-156,3.4596755914e-05
281,0,0,0.999992574389,1.89301487426e-186,7.42561096236e-06
282,1,1,3.75274389204e-120,1.0,5.19842025717e-20
283,2,2,0.0,1.35710005377e-41,1.0
284,0,0,1.0,0.0,6.67312393537e-21
285,2,0,0.806078930745,2.70851024181e-96,0.193921069255
286,1,1,0.0,0.992273369381,0.00772663061891
287,1,1,8.64887689261e-72,0.88292900861,0.11707099139
288,0,0,1.0,0.0,5.60500187877e-22
289,2,2,0.412152744706,2.99132683458e-39,0.587847255294
290,2,2,0.0,0.011624547185,0.988375452815
291,1,1,0.0,1.0,4.55964773373e-97
292,2,2,3.37728238098e-39,0.00122353539894,0.998776464601
293,2,0,0.999834298117,0.0,0.000165701883189
294,2,2,0.0490202182341,2.9053405917e-27,0.950979781766
295,0,0,1.0,0.0,1.05224931737e-21
296,2,0,0.691003922559,0.0,0.308996077441
297,1,1,0.0,1.0,0.0
298,1,1,0.0,1.0,0.0
299,2,2,0.00207753493468,2.92294914278e-60,0.997922465065
300,2,2,0.456775968109,0.0,0.543224031891
301,1,1,0.0,0.951236268634,0.0487637313657
302,2,2,0.021475331392,0.0,0.978524668608
303,1,1,0.0,1.0,1.2909675143e-22
304,1,1,0.0,1.0,2.95540826496e-60
305,1,1,7.10321916725e-86,1.0,6.65228159183e-17
306,0,0,1.0,0.0,5.67461376692e-149
307,1,1,2.18916425894e-146,0.998877372678,0.00112262732208
308,2,0,1.0,0.0,1.25896149915e-131
309,0,0,1.0,0.0,1.69315621879e-22
310,2,2,0.201745292551,6.11745466446e-38,0.798254707449
311,0,0,0.999945692772,7.89814640641e-106,5.43072276882e-05
312,2,2,3.1543863162e-16,2.15259787565e-57,1.0
313,1,1,0.0,0.999979716096,2.02839035247e-05
314,1,1,1.07146424297e-120,1.0,8.18581738787e-21
315,2,1,0.0,1.0,0.0
316,1,1,6.39927467197e-143,0.999992427826,7.57217449055e-06
317,2,2,0.00506193665542,0.0,0.994938063345
318,2,0,0.999135391246,2.70216987421e-137,0.000864608753989
319,2,2,2.6890848685e-37,0.258830083666,0.741169916334
320,2,2,0.00426385828915,0.00152944153427,0.994206700177
321,1,1,1.55903063292e-75,0.794825816143,0.205174183857
322,2,2,0.000402879880641,0.0012316846877,0.998365435432
323,2,0,1.0,0.0,7.31613441808e-19
324,0,0,1.0,0.0,1.32581186356e-30
325,2,0,0.823386177069,2.82056237953e-84,0.176613822931
326,2,2,0.000407351179309,0.0011256888168,0.998466960004
327,2,0,0.99999416327,1.51458086903e-153,5.83673045289e-06
328,1,1,9.98840418421e-86,1.0,5.68099226881e-17
329,2,2,0.325697308793,2.76707141324e-35,0.674302691207
330,2,0,0.987744231546,8.99547700701e-133,0.0122557684544
331,2,1,0.0,0.984095297569,0.0159047024309
332,2,2,8.44696810273e-29,6.5631909755e-39,1.0
333,2,2,0.0125171630236,0.0,0.987482836976
334,0,0,0.847230621339,8.59329592894e-76,0.152769378661
335,2,2,0.0,0.0,1.0
336,1,1,2.48524196339e-107,0.999882898725,0.000117101275473
337,1,1,2.53748703294e-96,0.999822553644,0.000177446355779
338,1,1,9.35710735592e-156,1.0,2.9311927036e-21
339,2,2,2.59346637174e-35,0.0893605089267,0.910639491073
340,2,0,0.881625742353,7.11139225785e-76,0.118374257647
341,2,2,0.0114840748172,0.00219570631754,0.986320218865
342,1,1,0.0,1.0,7.90587760628e-195
343,2,2,0.0505691732372,0.0,0.949430826763
344,0,0,0.999999999988,0.0,1.18436370326e-11
345,2,2,0.000724586314581,0.00133420100064,0.997941212685
346,2,2,3.74154095231e-08,6.70703311125e-27,0.999999962585
347,2,0,0.99950906781,2.67349384712e-109,0.000490932190469
348,1,1,1.7954858624e-104,0.999908155688,9.18443116371e-05
349,1,1,4.70463381303e-73,1.0,2.48948167188e-13
350,2,0,0.873587924619,3.47764197147e-104,0.126412075381
351,2,2,0.0,2.299207512e-45,1.0
352,1,1,0.0,1.0,3.62960984995e-21
353,1,1,0.0,0.999996264111,3.73588947713e-06
354,2,0,0.99999999999,0.0,9.5104308213e-12
355,2,2,0.000539691699839,0.00124958161155,0.998210726689
356,2,2,0.00673102250359,0.0,0.993268977496
357,0,0,1.0,0.0,1.95483180082e-22
358,1,1,8.73199196452e-35,0.700898539386,0.299101460614
359,1,2,0.0,4.05474509559e-15,1.0
360,2,2,0.0178103170413,2.24610530639e-57,0.982189682959
361,1,2,6.72087020422e-36,0.395107400332,0.604892599668
362,1,2,0.00206751309101,0.00736163567099,0.990570851238
363,1,1,1.08877612972e-120,1.0,1.43802114816e-20
364,1,1,6.5341751103e-64,0.905269644534,0.0947303554659
365,2,2,1.94681115725e-50,0.00748741753122,0.992512582469
366,0,0,0.999999964548,0.0,3.54524427933e-08
367,1,1,2.57023307627e-109,0.993954241882,0.00604575811803
368,1,1,0.0,0.999933372953,6.6627047248e-05
369,2,1,3.70204854465e-75,0.923298747561,0.0767012524391
370,2,2,0.00642981356014,1.20710040109e-31,0.99357018644
371,2,2,8.62216835704e-29,0.00914059990936,0.990859400091
372,2,2,0.0741203683608,5.49743789764e-97,0.925879631639
373,1,2,7.40764362474e-64,0.472103102725,0.527896897275
374,1,1,0.0,1.0,1.40668830876e-20
375,2,0,0.551248261248,1.40110537032e-37,0.448751738752
376,1,1,6.39927467197e-143,0.999992427826,7.57217449055e-06
377,1,2,3.00401485783e-37,0.0603038530964,0.939696146904
378,2,0,0.977803481673,1.22725394912e-80,0.022196518327
379,1,1,1.28836165388e-166,1.0,4.48624890421e-21
380,2,2,0.00712048788228,0.0034522192785,0.989427292839
381,2,0,0.85728669094,2.44244578035e-62,0.14271330906
382,2,2,0.000567140995206,0.00177387128329,0.997658987722
383,1,2,3.21175622762e-36,0.138052712764,0.861947287236
384,1,1,5.93208863505e-110,0.99724178346,0.0027582165396
385,0,0,1.0,0.0,2.14980886601e-47
386,1,2,5.67806612287e-36,0.257944980738,0.742055019262
387,2,1,5.59549906572e-68,1.0,4.51589968759e-57
388,2,2,0.0446660528679,0.0,0.955333947132
389,2,0,0.99999999955,0.0,4.50422951812e-10
390,1,1,6.15272395565e-73,0.935011523495,0.0649884765047
391,0,0,1.0,0.0,4.45910501709e-23
392,2,0,0.881625742353,7.11139225785e-76,0.118374257647
393,2,2,0.00118558714027,0.023636351468,0.975178061392
394,2,2,7.59513015046e-05,0.000263314129135,0.999660734569
395,0,0,0.999999999999,0.0,5.25387390675e-13
396,1,1,5.30082455033e-135,0.999988512244,1.14877555243e-05
397,1,1,3.31993085105e-73,0.9557726424,0.0442273575997
398,2,2,0.122653857119,1.94935222918e-77,0.877346142881
399,2,2,0.0138210514756,0.00175816573686,0.984420782788
400,2,2,0.0112245233407,0.00160712686812,0.987168349791
401,0,0,0.999934271306,7.6088463083e-166,6.57286943833e-05
402,2,2,0.000895791735041,0.00184589881382,0.997258309451
403,1,1,0.0,1.0,2.06911014974e-170
404,0,0,0.999863318778,2.81673286241e-174,0.000136681221775
405,1,1,0.0,0.999943959388,5.6040611845e-05
406,2,2,8.19272212096e-34,0.354920810723,0.645079189277
407,1,1,4.29881597348e-144,0.999996030662,3.96933780313e-06
408,2,2,0.0,0.0,1.0
409,2,2,0.00350646702202,0.0140356105251,0.982457922453
410,2,2,0.0908115982075,1.13857738579e-66,0.909188401793
411,1,1,0.0,1.0,2.12441022579e-18
412,2,2,3.68048680447e-36,0.397431547187,0.602568452813
413,2,2,0.00603453750322,1.25134249721e-31,0.993965462497
414,1,2,4.15934507678e-36,0.116439943097,0.883560056903
415,2,2,0.000354040805448,0.000530717908768,0.999115241286
416,2,2,0.000407351179309,0.0011256888168,0.998466960004
417,1,1,0.0,1.0,6.58682081706e-56
418,2,0,1.0,0.0,9.70642628593e-64
419,1,2,0.000108066219959,0.00020210255283,0.999689831227
420,2,2,0.000402879880641,0.0012316846877,0.998365435432
421,0,0,0.999992161546,1.90449286246e-153,7.83845429799e-06
422,1,1,0.0,0.602582687995,0.397417312005
423,1,1,4.94919647037e-107,0.99993473071,6.52692902557e-05
424,1,1,3.21875542149e-136,0.999994496888,5.50311152165e-06
425,1,1,7.11938223988e-148,1.0,4.04247697867e-21
426,1,1,0.0,1.0,3.26374635652e-59
427,1,1,1.79306751297e-119,1.0,3.00188978348e-20
428,1,2,9.09752050083e-68,0.28495097947,0.71504902053
429,1,1,2.10610449035e-166,1.0,2.73770624093e-20
430,1,1,7.11938223988e-148,1.0,4.04247697867e-21
431,0,0,1.0,0.0,4.44377989942e-16
432,0,0,1.0,0.0,4.45910501709e-23
433,1,1,5.30238619051e-63,0.869645778215,0.130354221785
434,2,2,0.00659526707629,2.02373685916e-47,0.993404732924
435,2,2,0.00736083974069,8.35378935003e-41,0.992639160259
436,2,2,0.453671835374,1.20355494449e-89,0.546328164626
437,2,2,0.00201691700509,2.13927001515e-35,0.997983082995
438,1,1,2.27909771729e-119,1.0,2.34273391174e-20
439,0,0,0.878751909265,1.99870464258e-96,0.121248090735
440,1,1,4.77997750221e-105,0.999667512227,0.000332487773137
441,2,2,0.0280762536395,8.06757876005e-60,0.97192374636
442,2,2,0.0623500873499,4.7039094745e-41,0.93764991265
443,1,1,6.39927467197e-143,0.999992427826,7.57217449055e-06
444,2,0,0.999999999999,0.0,5.45445812152e-13
445,2,2,0.00713282652379,0.0017253648807,0.991141808596
446,2,0,0.997356872222,0.0,0.00264312777788
447,2,2,0.00107105316858,0.00200395552817,0.996924991303
448,2,2,0.0193503392035,1.21312293504e-68,0.980649660796
449,2,0,0.811331418848,6.60882246325e-81,0.188668581152
450,1,1,0.0,0.968097583522,0.0319024164777
451,1,2,5.04638563202e-36,0.142906697399,0.857093302601
452,1,1,7.07953984527e-143,0.999991713986,8.28601385871e-06
453,1,1,2.97364422593e-158,1.0,1.96516660916e-21
454,1,1,3.05248556383e-72,0.982344446846,0.0176555531543
455,2,2,8.8647245812e-05,0.000704968169372,0.999206384585
456,2,1,7.09246387844e-105,0.999778367413,0.000221632586507
457,0,0,0.999996795279,3.16260337603e-142,3.20472074959e-06
458,2,0,0.999999999986,0.0,1.3721103259e-11
459,2,2,0.000143883831827,2.07190092846e-40,0.999856116168
460,2,0,0.999876783301,5.99850143368e-104,0.000123216699459
461,2,0,1.0,0.0,6.79467684835e-109
462,1,2,0.00161037973709,0.00199864798121,0.996390972282
463,2,2,0.00267224930363,0.0,0.997327750696
464,2,2,0.00192050411046,0.00053859361413,0.997540902275
465,2,2,3.9196806179e-12,4.06960194746e-68,0.999999999996
466,2,2,0.00145692876512,3.70658715088e-31,0.998543071235
467,2,0,1.0,1.33990313869e-75,3.5635138746e-28
468,2,2,0.00204268087931,0.0109183762778,0.987038942843
469,1,2,0.00206751309101,0.00736163567099,0.990570851238
470,1,2,0.00206751309101,0.00736163567099,0.990570851238
471,2,2,0.00069205902553,9.44189616418e-05,0.999213522013
472,2,2,0.000251113172258,0.0042721182173,0.99547676861
473,2,2,0.00258306401664,0.000781718282064,0.996635217701
474,0,0,1.0,0.0,2.42619487551e-14
475,1,1,0.0,1.0,9.31160176824e-23
476,1,2,1.61104195007e-35,0.0493783261783,0.950621673822
477,2,2,0.00362602395691,0.000827362772415,0.995546613271
478,0,0,1.0,0.0,2.42619487551e-14
479,2,2,0.000787522462794,0.000795701634197,0.998416775903
480,2,2,7.13984633708e-50,0.0444899093567,0.955510090643
481,2,2,0.0567003910721,6.20284219747e-52,0.943299608928
482,2,2,0.00108562654722,7.92643713044e-05,0.998835109081
483,2,0,0.999628717296,2.97680837771e-109,0.000371282704078
484,2,0,0.841976533021,6.17268386819e-72,0.158023466979
485,1,1,5.50612421154e-83,0.963749172616,0.0362508273843
486,2,2,0.00196430840562,0.000573317587196,0.997462374007
487,2,2,0.0742961480101,1.39457600772e-39,0.92570385199
488,2,0,1.0,0.0,4.10262270668e-45
489,2,2,0.00206751309101,0.00736163567099,0.990570851238
490,2,2,0.00416605317863,8.09846101734e-88,0.995833946821
491,0,0,1.0,0.0,4.44830904288e-23
492,1,1,0.0,1.0,1.3086433969e-18
493,2,0,0.999999999545,0.0,4.55375592233e-10
494,2,2,0.00206751309101,0.00736163567099,0.990570851238
495,1,1,8.65569317771e-71,0.762526535853,0.237473464147
496,2,0,1.0,0.0,1.20406907468e-20
497,2,2,3.73850217314e-06,0.00102118584885,0.998975075649
498,2,2,0.0,0.0,1.0
499,0,0,1.0,0.0,6.51321866108e-65
500,1,1,1.43499753232e-35,0.523600412964,0.476399587036
501,2,2,0.00169955964533,0.00657173692111,0.991728703434
502,2,0,0.999465932804,0.0,0.000534067196082
503,2,2,0.0259532955349,1.39826360357e-30,0.974046704465
504,2,0,0.620857283908,5.10802929464e-79,0.379142716092
505,2,2,0.00224893579088,0.00044566607114,0.997305398138
506,2,2,0.00180328055212,0.00348297534602,0.994713744102
507,1,1,7.11938223988e-148,1.0,4.04247697867e-21
508,2,2,0.00252319785847,0.000571834591104,0.99690496755
509,1,1,9.63589464472e-195,1.0,7.9698934708e-23
510,1,1,0.0,1.0,7.70056371611e-38
511,0,0,1.0,0.0,8.47917030238e-22
512,1,1,1.13563511969e-97,0.999937500305,6.24996953566e-05
513,1,1,0.0,0.881424837915,0.118575162085
514,2,2,0.0,0.0557645200866,0.944235479913
515,2,2,0.00257735982107,0.000574821840528,0.996847818338
516,0,0,0.99982612844,0.0,0.000173871559692
517,0,0,1.0,0.0,9.32957721181e-74
518,1,1,0.0,1.0,9.31160176824e-23
519,0,0,0.999385942869,4.13374429859e-109,0.000614057130785
520,2,2,0.000724586314581,0.00133420100064,0.997941212685
521,2,0,0.979809303554,8.65222456518e-71,0.020190696446
522,2,0,0.999999999968,0.0,3.17120692975e-11
523,0,0,1.0,0.0,2.27089398462e-74
524,1,2,1.55479847961e-35,4.69638222004e-19,1.0
525,2,2,0.0137297441606,8.98251240815e-41,0.986270255839
526,0,0,0.999464393838,4.65268221115e-109,0.000535606161706
527,2,0,0.895049540097,4.90189915562e-76,0.104950459903
528,2,2,1.90475912163e-30,0.0101445778146,0.989855422185
529,1,1,2.38790553466e-73,0.886981747329,0.113018252671
530,2,2,0.000732631900568,0.00121938927505,0.998047978824
531,2,2,1.49420642991e-38,0.11590679319,0.88409320681
532,2,2,0.00447370909839,1.17546528268e-31,0.995526290902
533,2,0,0.995763819868,7.06008458782e-117,0.00423618013225
534,0,0,0.999876783301,5.99850143368e-104,0.000123216699459
535,2,2,0.0153581327023,0.00419314064012,0.980448726658
536,2,2,0.00714515452247,1.72220220037e-48,0.992854845478
537,2,2,0.217185511948,1.45908431279e-38,0.782814488052
538,0,0,0.999999999999,0.0,6.74172744601e-13
539,2,0,0.995776702608,4.97551139947e-101,0.00422329739239
540,2,2,0.000709334622522,0.00132722086838,0.997963444509
541,1,1,5.46631362877e-70,0.998362365648,0.00163763435192
542,1,1,5.98694640884e-116,0.99952066362,0.000479336379708
543,1,1,1.59500167899e-119,1.0,2.67470128922e-46
544,0,0,1.0,0.0,2.14980886601e-47
545,0,0,0.999595371285,4.1430766652e-117,0.00040462871547
546,0,0,0.998891070749,4.49704929972e-105,0.00110892925057
547,2,2,0.0230950805494,8.58357503738e-48,0.976904919451
548,2,2,0.0,2.34358826077e-17,1.0
549,2,2,5.08383675923e-05,7.23723651588e-43,0.999949161632
550,2,0,0.965645767262,1.15094812078e-75,0.0343542327378
551,0,0,0.99999416327,1.51458086903e-153,5.83673045289e-06
552,2,2,0.00162833826251,0.00182674552027,0.996544916217
553,2,2,0.000632213083983,0.00103435334566,0.99833343357
554,1,1,0.0,1.0,5.07647326519e-57
555,0,0,1.0,0.0,5.08624915782e-66
556,2,2,0.000724586314581,0.00133420100064,0.997941212685
557,2,2,0.00201691698286,1.17051779001e-41,0.997983083017
558,2,2,0.000551993503429,0.00133012508427,0.998117881412
559,1,1,5.18814029987e-144,0.999990467217,9.53278265299e-06
560,2,2,0.00201691698286,1.08930508925e-41,0.997983083017
561,2,2,0.00809766927842,6.34799128226e-47,0.991902330722
562,1,2,1.05849308313e-38,0.0710735810313,0.928926418969
563,1,1,0.0,1.0,1.03596707193e-49
564,1,1,0.0,0.961687711831,0.0383122881687
565,2,2,3.0557512902e-29,0.00151428178677,0.998485718213
566,0,0,1.0,0.0,1.61249677897e-25
567,2,2,3.11857829914e-42,0.0220203227325,0.977979677267
568,2,2,0.218273909238,3.53780380505e-43,0.781726090762
569,2,2,1.57006022712e-05,2.21436344424e-68,0.999984299398
570,2,2,0.0904302445173,1.06321660705e-40,0.909569755483
571,0,0,0.999996795279,3.16260337603e-142,3.20472074959e-06
572,2,2,0.00599585241734,3.59401151582e-207,0.994004147583
573,2,2,0.000470869488405,0.000968709916615,0.998560420595
574,2,2,0.00161037973709,0.00199864798121,0.996390972282
575,1,1,1.64252343724e-158,1.0,7.49834246088e-22
576,2,2,0.000251113172258,0.0042721182173,0.99547676861
577,1,2,6.68726194456e-36,0.193743696853,0.806256303147
578,2,0,0.747556259448,9.09935812431e-72,0.252443740552
579,1,1,5.0891026714e-70,0.987538880939,0.012461119061
580,2,0,0.999738694745,0.0,0.000261305254823
581,2,2,0.00161037973709,0.00199864798121,0.996390972282
582,2,0,0.983670493689,3.56409408607e-101,0.0163295063115
583,1,1,8.43619012308e-143,0.999982538197,1.74618027578e-05
584,2,0,1.0,0.0,7.72905583137e-47
585,2,0,0.935892350091,3.66547669523e-73,0.0641076499091
586,2,0,1.0,0.0,1.27877864702e-22
587,2,2,0.00170828674198,1.23485188922e-20,0.998291713258
588,2,2,0.00403905767554,0.000482080697976,0.995478861626
589,2,2,0.202735929389,2.37041219378e-38,0.797264070611
590,2,2,1.45010410119e-47,1.20405722424e-35,1.0
591,1,1,0.0,0.993316224377,0.00668377562284
592,2,2,0.000194421473603,0.000218994517029,0.999586584009
593,1,1,0.0,1.0,8.76066652251e-22
594,1,1,0.0,1.0,8.76066652251e-22
595,1,2,2.29550265392e-41,0.0202367803299,0.97976321967
596,1,2,4.74027750949e-30,0.14621045621,0.85378954379
597,2,2,6.45869666642e-35,0.255065125123,0.744934874877
598,1,1,1.94789784133e-122,1.0,1.16241189381e-18
599,1,1,0.0,1.0,1.33392843503e-91
600,1,1,9.35710735592e-156,1.0,2.9311927036e-21
601,2,2,0.00339987138657,1.42533381656e-40,0.996600128613
602,2,0,0.988504244725,9.19599514332e-73,0.0114957552754
603,2,2,0.00516870773145,1.592740214e-31,0.994831292269
604,2,2,3.53545867668e-36,0.466640935794,0.533359064206
605,0,0,0.999941395388,7.75713108981e-154,5.86046115726e-05
606,2,2,0.364628199958,1.03827757118e-37,0.635371800042
607,2,2,0.0324138430894,0.00961772231257,0.957968434598
608,2,2,4.78629800116e-36,0.0554759893649,0.944524010635
609,2,2,0.0237722621119,2.05033957072e-40,0.976227737888
610,1,1,4.25099421712e-64,1.0,8.96817413434e-28
611,1,2,6.16119705809e-36,0.420060843306,0.579939156694
612,2,2,5.76361857783e-07,0.00238749641155,0.997611927227
613,2,2,1.16095483027e-70,6.19171848629e-13,0.999999999999
614,2,0,0.871284256667,5.43222472633e-76,0.128715743333
615,0,0,1.0,0.0,2.14980886601e-47
616,1,1,1.24212780815e-108,0.999638551647,0.000361448353021
617,1,1,1.31483951499e-67,0.985518837787,0.0144811622128
618,2,2,0.0886938210276,0.0,0.911306178972
619,1,1,0.0,1.0,3.40313179262e-20
620,1,2,5.91815811374e-41,0.111614261072,0.888385738928
621,2,2,3.52748104579e-14,0.0,1.0
622,2,2,2.85505976543e-14,0.00702582271616,0.992974177284
623,2,0,0.904911729174,3.93868167754e-85,0.0950882708256
624,1,1,0.0,0.999960237217,3.97627825997e-05
625,2,2,0.000724586314581,0.00133420100064,0.997941212685
626,0,0,0.999996795279,3.16260337603e-142,3.20472074959e-06
627,1,1,7.5035582549e-72,0.87203495043,0.12796504957
628,1,1,2.73826826594e-99,0.99317449146,0.00682550854021
629,1,2,0.0,0.00252246738766,0.997477532612
630,1,1,1.33703696342e-155,1.0,2.49006227768e-21
631,0,0,1.0,0.0,6.11263083697e-47
632,2,2,1.59608040252e-15,7.45996514382e-05,0.999925400349
633,1,1,0.0,1.0,2.52759273557e-222
634,1,1,4.38325545063e-78,0.979370354391,0.0206296456092
635,2,2,1.44606771167e-30,0.000697962228841,0.999302037771
636,2,2,8.28984332971e-48,5.22124854881e-36,1.0
637,2,0,0.78837804308,2.15916247256e-79,0.21162195692
638,2,2,0.0,0.0,1.0
639,2,0,1.0,0.0,7.95618897826e-14
640,2,2,0.000141875703941,0.00020275075759,0.999655373538
641,2,2,0.00345455200708,0.000617085590688,0.995928362402
642,2,2,0.0901799095073,6.5223764906e-38,0.909820090493
643,2,2,0.473372890441,1.15284192672e-74,0.526627109559
644,2,2,0.115324366435,0.0,0.884675633565
645,2,0,0.998408296061,1.22945250549e-145,0.00159170393947
646,1,1,0.0,1.0,1.40121082168e-21
647,1,1,5.93284698015e-85,1.0,2.12246148122e-17
648,2,2,0.00222752343067,0.000660645952974,0.997111830616
649,0,0,0.99999416327,1.51458086903e-153,5.83673045289e-06
650,2,2,0.00157651806119,0.00198823571585,0.996435246223
651,1,1,6.47564982354e-116,0.999488524727,0.00051147527302
652,1,2,4.15934507678e-36,0.116439943097,0.883560056903
653,1,1,0.0,0.998954117234,0.00104588276645
654,2,2,0.0,3.88473086897e-21,1.0
655,0,0,0.999464393838,4.65268221115e-109,0.000535606161706
656,1,1,1.59500167899e-119,1.0,2.75776417727e-20
657,2,2,6.6247252001e-05,0.000204070919004,0.999729681829
658,1,1,0.0,1.0,6.65556525732e-19
659,2,2,0.000724586314581,0.00133420100064,0.997941212685
660,0,0,1.0,0.0,5.91300330172e-91
661,2,2,0.000724586314581,0.00133420100064,0.997941212685
662,1,1,0.0,1.0,3.08862707784e-36
663,1,1,9.50829222644e-156,1.0,2.91579264124e-21
664,1,1,1.59161006711e-78,0.999966504315,3.34956854275e-05
665,2,2,0.0025242608096,0.000150804074047,0.997324935116
666,1,1,1.75471901149e-67,0.960748899346,0.0392511006541
667,2,2,0.00648088384386,3.41938023663e-41,0.993519116156
668,2,2,0.00447803825774,0.0109207291835,0.984601232559
669,1,1,0.0,0.987572534727,0.0124274652729
670,1,1,2.60195154951e-68,0.957532967105,0.0424670328945
671,2,2,0.000253015280137,0.000416222626638,0.999330762093
672,1,1,0.0,1.0,8.19759420843e-25
673,1,1,1.91692564612e-122,1.0,1.13335493886e-44
674,1,2,0.00164478581,0.00714971296734,0.991205501223
675,2,0,0.99959841797,2.49072996475e-104,0.000401582029672
676,2,2,1.45863615763e-35,4.86657580039e-19,1.0
677,2,2,0.000724586314581,0.00133420100064,0.997941212685
678,1,1,0.0,0.999765642853,0.00023435714736
679,1,1,0.0,1.0,0.0
680,2,2,0.338183526945,5.46324104357e-66,0.661816473055
681,2,0,0.773225664462,4.25791562143e-76,0.226774335538
682,2,2,6.85724459054e-38,0.272887111769,0.727112888231
683,2,0,0.915520029021,7.46763812562e-75,0.0844799709794
684,0,0,1.0,0.0,7.02551385914e-44
685,0,0,0.999999900754,4.80989406053e-187,9.92461787243e-08
686,1,1,6.72183471606e-105,0.999716044466,0.000283955533708
687,2,2,8.8647245812e-05,0.000704968169372,0.999206384585
688,0,0,0.993917364297,1.78390669751e-70,0.00608263570265
689,2,2,0.000724586314581,0.00133420100064,0.997941212685
690,2,0,0.995960434169,7.07952417796e-130,0.00403956583147
691,2,0,0.999996795279,3.16260337603e-142,3.20472074959e-06
692,1,1,1.22499001888e-144,0.999986096549,1.39034513702e-05
693,2,2,7.59513015046e-05,0.000263314129135,0.999660734569
694,2,2,0.00104858222537,1.69078346806e-20,0.998951417775
695,2,2,0.190985231364,1.8649396508e-46,0.809014768636
696,2,2,0.00926169802579,1.71894016409e-31,0.990738301974
697,1,1,4.8557361405e-63,0.933921817929,0.0660781820715
698,1,1,3.43884060745e-72,0.700380998747,0.299619001253
699,1,2,0.0,0.426916819308,0.573083180692
700,2,2,3.00401485783e-37,0.0603038530964,0.939696146904
701,2,2,0.0119486737129,2.27636693782e-31,0.988051326287
702,1,2,0.000215636349516,0.00159930177955,0.998185061871
703,1,2,0.0,0.202965972043,0.797034027957
704,1,1,0.0,1.0,9.31160176824e-23
705,1,2,1.48462103771e-66,0.436870238044,0.563129761956
706,2,0,0.999996795279,3.16260337603e-142,3.20472074959e-06
707,2,2,2.1404268112e-30,0.0232491905975,0.976750809403
708,2,2,0.00119227108373,0.00156122412244,0.997246504794
709,0,0,1.0,0.0,2.14980886601e-47
710,1,1,0.0,1.0,1.15085889556e-17
711,2,2,0.00111126459944,1.02547401401e-41,0.998888735401
712,2,2,0.000724586314581,0.00133420100064,0.997941212685
713,2,2,3.21175622762e-36,0.138052712764,0.861947287236
714,2,2,0.0,0.0344456517975,0.965554348202
715,2,2,0.00119227108373,0.00156122412244,0.997246504794
716,2,1,3.50935078818e-40,0.982969040234,0.0170309597661
717,1,1,9.50829222644e-156,1.0,2.91579264124e-21
718,1,1,7.83822106751e-63,0.970595836468,0.0294041635325
719,1,1,0.0,1.0,5.78184794273e-18
720,2,2,0.121699803859,1.69244314009e-34,0.878300196141
721,1,1,2.53530330948e-105,0.998314680164,0.00168531983593
722,2,2,1.31373747029e-55,2.21377775451e-41,1.0
723,1,1,1.50777058971e-36,0.635894819446,0.364105180554
724,1,1,9.35710735592e-156,1.0,2.9311927036e-21
725,0,0,1.0,0.0,6.65766751693e-49
726,2,2,0.000724586314581,0.00133420100064,0.997941212685
727,2,2,0.0,0.0268653519673,0.973134648033
728,2,2,0.00614755827818,3.02237741389e-40,0.993852441722
729,2,0,0.95157213354,8.1038140674e-104,0.0484278664601
730,2,0,0.994486122619,2.29643096558e-116,0.00551387738075
731,2,2,0.000632213083983,0.00103435334566,0.99833343357
732,1,2,0.00119227108373,0.00156122412244,0.997246504794
733,1,1,1.22499001888e-144,0.999986096549,1.39034513702e-05
734,2,2,0.000245828876524,0.00424979099938,0.995504380124
735,1,1,6.02232921621e-145,1.0,2.41835945306e-20
736,0,0,1.0,0.0,5.14733486653e-15
737,2,2,0.198866855018,2.45259827519e-40,0.801133144982
738,1,2,3.74976237087e-39,0.155749563629,0.844250436371
739,1,1,0.0,0.875136012907,0.124863987093
740,2,0,1.0,0.0,1.04772002976e-23
741,2,2,1.73805217523e-25,0.018457354186,0.981542645814
742,2,0,0.907220345938,5.59185332211e-76,0.0927796540621
743,0,0,0.999996795279,3.16260337603e-142,3.20472074959e-06
744,2,0,1.0,0.0,7.55022122452e-28
745,2,2,0.0622016664609,0.0,0.937798333539
746,1,1,0.0,1.0,2.67305318752e-21
747,2,0,0.999388793746,4.18492350066e-109,0.000611206253713
748,1,1,0.0,1.0,4.22041122726e-17
749,2,2,0.001971332671,0.00160572108957,0.996422946239
750,1,1,0.0,0.8049410347,0.1950589653
751,2,2,0.0016131204223,0.00271663751543,0.995670242062
752,2,2,0.0100485322947,0.00341578330623,0.986535684399
753,2,2,5.76361857783e-07,0.00238749641155,0.997611927227
754,2,0,0.895049540097,4.90189915562e-76,0.104950459903
755,2,0,0.875388258085,0.0,0.124611741915
756,2,0,0.977071048665,4.23056945296e-71,0.0229289513354
757,1,1,9.49898952649e-120,1.0,2.15394028985e-20
758,1,2,0.0,0.07703059029,0.92296940971
759,0,0,0.999998053729,2.24907730759e-142,1.94627148311e-06
760,2,2,5.89558934511e-07,0.000278566805673,0.999720843635
761,2,2,0.000589400648891,0.00225256202493,0.997158037326
762,2,2,0.00142627413467,3.68722647029e-31,0.998573725865
763,1,1,0.0,1.0,7.16962514142e-75
764,2,2,0.000251113172258,0.0042721182173,0.99547676861
765,1,2,7.81052428852e-36,0.422816703974,0.577183296026
766,2,2,0.00879283895439,1.07493701668e-40,0.991207161046
767,2,2,0.000639217120988,0.000945320887017,0.998415461992
768,1,1,0.0,1.0,9.31160176824e-23
769,2,2,0.000724586314581,0.00133420100064,0.997941212685
770,2,2,4.15934507678e-36,0.116439943097,0.883560056903
771,1,1,0.0,0.721044569522,0.278955430478
772,2,0,0.999986172687,0.0,1.38273132201e-05
773,2,2,0.00352863447133,0.00062029664781,0.995851068881
774,2,2,0.00119227108373,0.00156122412244,0.997246504794
775,2,2,0.0,0.0,1.0
776,2,0,0.99999999999,0.0,1.00552800331e-11
777,2,1,7.71808711338e-35,0.673297796325,0.326702203675
778,2,0,0.999885550765,7.08133220903e-109,0.000114449234525
779,2,2,0.000253015280137,0.000416222626638,0.999330762093
780,2,0,0.999641188485,2.9569350223e-106,0.000358811514677
781,0,0,0.999996795279,3.16260337603e-142,3.20472074959e-06
782,1,1,0.0,1.0,8.76066652251e-22
783,2,0,0.897680994661,4.68010056847e-72,0.102319005339
784,1,2,0.000245828876524,0.00424979099938,0.995504380124
785,2,2,0.00361371358957,8.02890105824e-41,0.99638628641
786,2,0,0.998441858999,7.33513594085e-68,0.00155814100142
787,1,1,9.50829222644e-156,1.0,2.91579264124e-21
788,2,0,0.999733390213,6.43020803577e-137,0.000266609787317
789,0,0,1.0,0.0,8.66167734764e-22
790,2,2,1.55524753217e-24,4.64005614615e-40,1.0
791,1,1,0.0,1.0,8.76066652251e-22
792,2,2,1.20957198208e-36,0.136391110297,0.863608889703
793,2,2,0.365864268096,2.20785296713e-39,0.634135731904
794,1,2,3.61047545444e-36,0.396170722766,0.603829277234
795,1,2,5.18222808571e-39,0.0707265807546,0.929273419245
796,2,2,0.000215636349516,0.00159930177955,0.998185061871
797,2,2,7.43835436129e-06,3.10572763641e-31,0.999992561646
798,2,2,0.0796630430916,8.77745690489e-41,0.920336956908
799,2,2,0.0237722621119,2.05033957072e-40,0.976227737888
800,0,0,1.0,0.0,2.14980886601e-47
801,2,0,1.0,0.0,2.31476174447e-19
802,1,1,7.5616186125e-156,1.0,3.11408559832e-21
803,1,1,8.1607239428e-53,1.0,4.47088753066e-16
804,0,0,0.999872945837,1.15034604349e-108,0.000127054162947
805,1,1,7.03892638653e-71,0.968256123597,0.0317438764034
806,2,0,1.0,0.0,2.31476174447e-19
807,2,2,0.00717840592624,9.76150287158e-28,0.992821594074
808,2,0,0.99991739828,8.15159059661e-150,8.26017199512e-05
809,2,2,0.000632213083983,0.00103435334566,0.99833343357
810,2,0,0.999388793746,4.18492350066e-109,0.000611206253713
811,2,2,0.00231483481037,0.00926577082408,0.988419394366
812,2,2,0.000632213083983,0.00103435334566,0.99833343357
813,0,0,0.982297723202,8.52513046275e-73,0.0177022767978
814,2,2,0.0237722621119,2.05033957072e-40,0.976227737888
815,1,1,1.59500167899e-119,1.0,2.75776417727e-20
816,2,2,8.0958016245e-39,0.0945893792868,0.905410620713
817,1,1,4.26126342131e-69,0.984365499388,0.015634500612
818,0,0,1.0,0.0,0.0
819,1,2,1.14929315849e-36,0.297269591148,0.702730408852
820,2,2,0.447677413198,8.60368546001e-97,0.552322586802
821,2,0,0.998967040517,5.33775783829e-130,0.00103295948314
822,1,1,1.28836165388e-166,1.0,4.48624890421e-21
823,2,2,0.000402879880641,0.0012316846877,0.998365435432
824,1,2,5.37792602653e-37,0.0650226974772,0.934977302523
825,2,2,0.000709334622522,0.00132722086838,0.997963444509
826,2,2,0.0,0.0073226224353,0.992677377565
827,2,0,0.999879219926,6.67774060696e-160,0.00012078007414
828,2,0,0.956649030474,1.43603721259e-75,0.0433509695261
829,1,2,1.84045359099e-38,0.112445168088,0.887554831912
830,2,2,0.000632213083983,0.00103435334566,0.99833343357
831,1,1,2.24215268182e-100,0.98715879734,0.0128412026603
832,2,2,0.00128019817258,0.00716676118972,0.991553040638
833,2,0,0.941523190493,4.12698716397e-76,0.0584768095068
834,2,2,7.73288888865e-05,0.00054641214065,0.99937625897
835,2,2,0.000222632661822,0.000170264778021,0.99960710256
836,2,2,0.00201691700509,2.13927001515e-35,0.997983082995
837,1,1,0.0,0.999999986147,1.385296785e-08
838,1,1,0.0,1.0,8.76066652251e-22
839,2,0,0.999999999545,0.0,4.55375592233e-10
840,0,0,0.999762599661,1.13345170012e-108,0.00023740033933
841,1,1,9.50829222644e-156,1.0,2.91579264124e-21
842,1,1,0.0,1.0,8.76066652251e-22
843,2,2,0.0189614228035,1.86177317314e-40,0.981038577197
844,0,0,1.0,0.0,7.00097190298e-17
845,2,2,0.0138210514756,0.00175816573686,0.984420782788
846,1,1,3.90226941701e-119,1.0,2.15322895363e-19
847,2,2,4.15934507678e-36,0.116439943097,0.883560056903
848,1,1,3.33527752645e-104,0.999888960156,0.0001110398436
849,1,1,6.3083289509e-120,1.0,8.930207487e-20
850,1,2,1.03986861842e-50,0.00970222147969,0.99029777852
851,0,0,0.998269400747,0.0,0.00173059925255
852,2,0,1.0,0.0,3.65545561011e-49
853,2,0,0.999748262772,1.21908196511e-103,0.000251737228314
854,2,2,0.000750581190365,4.29575272807e-38,0.99924941881
855,2,2,0.0261042079332,3.70188097804e-88,0.973895792067
856,1,1,9.63589464472e-195,1.0,7.9698934708e-23
857,2,0,1.0,0.0,4.10262270668e-45
858,2,2,0.000632213083983,0.00103435334566,0.99833343357
859,2,2,0.000222632661822,0.000170264778021,0.99960710256
860,2,2,0.0636341580509,4.57334480943e-47,0.936365841949
861,2,2,0.0134340007069,0.00325897245074,0.983307026842
862,2,2,0.0,0.00234884755029,0.99765115245
863,1,2,8.62216835704e-29,0.00914059990936,0.990859400091
864,2,2,0.000632213083983,0.00103435334566,0.99833343357
865,1,1,9.50829222644e-156,1.0,2.91579264124e-21
866,1,2,8.33420196058e-36,0.474216527652,0.525783472348
867,2,2,0.00200330436259,0.000510548616057,0.997486147021
868,1,1,1.94789784133e-122,1.0,1.16241189381e-18
869,1,2,7.40011153724e-42,0.45341867061,0.54658132939
870,1,2,1.3382621676e-39,0.0388091830276,0.961190816972
871,2,2,0.000222632661822,0.000170264778021,0.99960710256
872,2,2,0.000724586314581,0.00133420100064,0.997941212685
873,2,0,1.0,0.0,6.89848937134e-14
874,1,1,0.0,0.875136012907,0.124863987093
875,2,2,1.50343526314e-58,1.7206065379e-29,1.0
876,1,1,1.24531449728e-73,0.991639501726,0.008360498274
877,0,0,0.999998053729,2.24907730759e-142,1.94627148311e-06
878,2,2,0.000717554996912,0.00252524566955,0.996757199334
879,1,1,6.41869961218e-36,0.521615492797,0.478384507203
880,2,2,0.0271617233484,2.6365638655e-40,0.972838276652
881,1,2,3.72528680979e-36,0.0926640026129,0.907335997387
882,2,2,0.0048373993086,0.0,0.995162600691
883,0,0,1.0,0.0,4.10262270668e-45
884,2,2,1.26819044099e-39,0.0373343299178,0.962665670082
885,0,0,1.0,0.0,2.19608170286e-47
886,2,0,0.999999771974,0.0,2.28025503312e-07
887,2,2,0.0,0.106198358456,0.893801641544
888,1,1,6.01884635071e-76,0.999793872485,0.000206127515419
889,0,0,0.999998053729,2.24907730759e-142,1.94627148311e-06
890,2,0,1.0,0.0,4.15865093453e-200
891,1,1,3.1755884251e-105,0.998988253683,0.00101174631665
892,2,2,0.000253015280137,0.000416222626638,0.999330762093
893,1,1,0.0,1.0,0.0
894,1,1,9.35710735592e-156,1.0,2.9311927036e-21
895,2,2,0.00849155963662,3.42352293073e-41,0.991508440363
896,0,0,0.999996795279,3.16260337603e-142,3.20472074959e-06
897,2,2,0.122393244581,1.43353950099e-77,0.877606755419
898,2,2,0.000724586314581,0.00133420100064,0.997941212685
899,2,2,0.414450025403,1.0534058738e-37,0.585549974597
900,1,1,0.0,0.888436524744,0.111563475256
901,2,2,0.0132332954934,0.00351734982327,0.983249354683
902,2,2,0.0,0.0135820812604,0.98641791874
903,0,0,1.0,0.0,1.6628442355e-14
904,0,0,0.999999999999,0.0,6.10961357474e-13
905,2,0,1.0,0.0,0.0
906,1,1,0.0,1.0,6.97534099324e-40
907,2,2,0.00792661314254,0.00509625335826,0.986977133499
908,0,0,1.0,0.0,1.19090830283e-13
909,2,2,0.0429463818775,3.59464057178e-27,0.957053618123
910,2,0,0.999999999667,0.0,3.33054587572e-10
911,1,1,0.0,1.0,0.0
912,2,2,0.24256960648,2.07566545591e-39,0.75743039352
913,2,2,0.25427979838,1.02330830419e-39,0.74572020162
914,1,1,0.0,0.999007629555,0.000992370445034
915,1,1,0.0,1.0,1.96608909134e-38
916,1,1,0.0,1.0,8.53700581943e-117
917,0,0,1.0,0.0,8.81018177977e-14
918,2,0,1.0,0.0,1.38417613009e-32
919,1,1,0.0,1.0,0.0
920,2,2,0.00715676131346,0.00457837915773,0.988264859529
921,2,2,0.337073549482,1.41482091748e-59,0.662926450518
922,2,2,0.00165714845796,0.000686972621802,0.99765587892
923,2,2,0.0,8.33922636831e-80,1.0
924,1,2,7.7069915595e-30,0.218953327732,0.781046672268
925,2,2,0.00840011132747,8.00641320325e-47,0.991599888673
926,2,2,0.499910575404,5.07625524484e-81,0.500089424596
927,2,2,0.00476640850019,3.99065026451e-47,0.9952335915
928,2,2,0.0299224235014,1.21558569894e-74,0.970077576499
929,2,0,0.656404680032,1.82015047888e-55,0.343595319968
930,1,1,0.0,1.0,0.0
931,2,1,0.0,0.999998670029,1.3299711416e-06
932,1,2,0.0,4.19997463675e-08,0.999999958
933,1,1,0.0,1.0,6.33011034082e-41
934,1,2,0.0,0.145397056363,0.854602943637
935,2,0,0.911867828334,1.60072251395e-55,0.0881321716656
936,0,0,0.999999999976,0.0,2.39531958577e-11
937,2,2,0.000774644112746,0.00260607932865,0.996619276559
938,1,1,0.0,1.0,9.21958202793e-79
939,1,1,0.0,1.0,8.553073847e-112
940,1,1,0.0,1.0,0.0
941,0,0,0.999999999997,0.0,2.58329272491e-12
942,2,2,0.0592695669401,0.0151445279294,0.925585905131
943,2,2,0.0292617785766,0.0,0.970738221423
944,1,1,0.0,1.0,8.10409172682e-40
945,2,2,0.0,0.158818648272,0.841181351728
946,1,2,3.67577733929e-30,0.0893132990935,0.910686700906
947,1,2,7.62916256878e-49,0.107907220178,0.892092779822
948,1,1,0.0,0.995895888634,0.00410411136603
949,1,2,0.0,0.0562318152872,0.943768184713
950,0,0,0.997168874988,6.00115671294e-135,0.00283112501214
951,2,2,0.0560920572868,4.96429432739e-36,0.943907942713
952,1,1,2.08593328268e-68,0.985350644781,0.0146493552185
953,1,2,0.000781929158143,0.0017523519402,0.997465718902
954,0,0,0.999999999996,0.0,3.63572858067e-12
955,1,1,0.0,1.0,1.04946042872e-37
956,2,2,0.00075702972567,0.00190722686651,0.997335743408
957,2,2,0.085153445349,2.94891472086e-21,0.914846554651
958,2,2,0.0453372518139,1.00301890967e-36,0.954662748186
959,2,2,0.00282747912453,0.00132337985833,0.995849141017
960,2,0,0.716155620832,3.96729825109e-73,0.283844379168
961,2,0,0.668838602855,3.30353192936e-73,0.331161397145
962,0,0,0.90948047073,0.0,0.09051952927
963,0,0,1.0,0.0,1.31284385482e-13
964,2,2,2.13606791894e-47,3.78705461555e-46,1.0
965,1,1,6.36667309179e-77,0.984318822952,0.0156811770482
966,0,0,1.0,0.0,7.28750304401e-148
967,2,0,0.999999999963,0.0,3.67501107582e-11
968,1,1,1.68631567475e-62,1.0,6.74810160711e-251
969,0,0,1.0,0.0,3.09818831435e-109
970,2,0,1.0,5.3640262009e-84,4.86157466907e-23
971,1,1,0.0,0.947075458491,0.0529245415095
972,1,1,0.0,0.999989087037,1.09129626205e-05
973,2,2,0.0,7.66464248214e-52,1.0
974,1,2,1.98500035188e-30,1.51118948631e-36,1.0
975,2,2,0.0538409330223,0.0136888964643,0.932470170513
976,2,2,0.0629066269942,0.0,0.937093373006
977,2,2,1.51187393897e-74,8.80343862342e-10,0.99999999912
978,1,2,0.0,0.0771607625315,0.922839237469
979,2,2,0.0,0.00279954414941,0.997200455851
980,1,1,0.0,0.999994174427,5.82557254196e-06
981,1,1,0.0,1.0,9.71878582584e-31
982,2,2,0.0174755899773,1.80767202746e-28,0.982524410023
983,1,2,5.53684450102e-35,0.181446396601,0.818553603399
984,2,0,0.999999999969,0.0,3.08075614867e-11
985,1,1,0.0,1.0,3.05016815789e-40
986,2,2,0.0246360717174,2.75030960183e-40,0.975363928283
987,1,1,0.0,1.0,1.67568645739e-36
988,1,1,0.0,1.0,6.97534099324e-40
989,2,2,0.000825825218347,0.00130661371866,0.997867561063
990,2,2,0.0,0.0207435647377,0.979256435262
991,1,1,7.77418871137e-135,0.990247730181,0.00975226981905
992,1,1,0.0,1.0,3.70413817955e-40
993,2,2,4.25238660798e-12,0.0,0.999999999996
994,0,0,1.0,0.0,1.90334849894e-13
995,2,2,0.00172038517531,9.59864043831e-48,0.998279614825
996,2,0,0.999999999997,0.0,3.31632666083e-12
997,2,0,0.999999999996,0.0,4.48545214925e-12
998,2,0,0.999999999987,0.0,1.28090508111e-11
999,1,1,0.0,0.999564079146,0.000435920854017
1000,2,2,5.03854890303e-40,0.358776242883,0.641223757117
1001,1,2,1.24179033177e-38,0.084975952756,0.915024047244
1002,1,1,4.43617194558e-80,0.999751897034,0.000248102965598
1003,1,1,1.49396485202e-40,0.732083975934,0.267916024066
1004,2,0,1.0,0.0,1.65793971845e-35
1005,1,2,1.26700201011e-55,0.436691005292,0.563308994708
1006,2,2,0.00209999540958,0.000663728989853,0.997236275601
1007,1,1,4.96780770699e-305,0.999999999922,7.77127643176e-11
1008,0,0,0.99986378115,2.50316640748e-127,0.00013621884955
1009,1,1,0.0,0.999999999999,7.6076915242e-13
1010,1,1,8.42526133837e-303,0.999999999999,7.63927175322e-13
1011,1,2,0.0,8.71463825339e-08,0.999999912854
1012,1,1,1.49254326739e-70,0.999999980534,1.94662449018e-08
1013,0,0,0.999982222858,9.07046839676e-120,1.7777142011e-05
1014,2,0,0.999907765791,6.66934075926e-120,9.22342088375e-05
1015,2,0,0.997842501654,0.0,0.0021574983459
1016,2,0,0.998523282442,3.08203429854e-127,0.0014767175583
1017,2,0,0.847556334658,2.75725521863e-34,0.152443665342
1018,1,1,4.43957542392e-297,0.999999999996,4.48471262021e-12
1019,1,1,2.46902409769e-298,0.999999999925,7.49898527636e-11
1020,2,2,8.65295684273e-08,0.426770676402,0.573229237068
1021,2,2,0.000631260139282,0.000420475616248,0.998948264244
1022,2,2,0.000625644960213,0.000796485192983,0.998577869847
1023,0,0,0.999995617988,2.77789455012e-160,4.38201152557e-06
1024,1,1,2.34380166856e-92,0.969396272358,0.030603727642
1025,2,2,0.0129499075464,3.47522353229e-61,0.987050092454
1026,2,0,0.952279277437,0.0,0.0477207225628
1027,1,1,0.0,0.999834563704,0.000165436295719
1028,1,1,3.85048292106e-77,0.998565691023,0.00143430897658
1029,1,1,5.46320656673e-116,0.999939845514,6.01544859359e-05
1030,2,2,0.0115216354292,2.8751350926e-43,0.988478364571
1031,2,0,0.999999999703,2.35487779711e-74,2.97103787011e-10
1032,2,2,0.00258677336095,0.0108200345922,0.986593192047
1033,2,2,1.09049654222e-07,0.055977424506,0.944022466444
1034,1,1,1.78785117853e-41,0.915420472607,0.084579527393
1035,0,0,0.999999516641,5.03750894168e-153,4.83359374394e-07
1036,1,1,2.31707537287e-244,0.999999957404,4.2595542891e-08
1037,1,2,3.9939191066e-35,0.185600660274,0.814399339726
1038,2,2,0.000625644960213,0.000796485192983,0.998577869847
1039,1,2,3.60570474682e-36,0.104765260169,0.895234739831
1040,2,2,0.00238000034357,0.00185966530434,0.995760334352
1041,2,2,0.146659011029,1.23808047924e-09,0.853340987733
1042,2,2,0.130592502168,1.24743967539e-35,0.869407497832
1043,1,2,1.62464906827e-29,0.0474670306865,0.952532969314
1044,2,2,0.00121232327732,8.51081945762e-05,0.998702568528
1045,0,0,0.996294719736,1.51587299629e-100,0.00370528026376
1046,1,1,0.0,0.993020068736,0.00697993126365
1047,2,2,0.000620104434639,0.00118507564949,0.998194819916
1048,2,0,0.969999020736,5.32263773514e-79,0.0300009792642
1049,0,0,1.0,0.0,2.73791558458e-61
1050,0,0,1.0,0.0,5.76642147664e-18
1051,1,1,0.0,1.0,1.4888425643e-43
1052,1,1,4.86652285019e-42,0.965288339402,0.0347116605977
1053,2,2,0.41179694178,2.37494957564e-42,0.58820305822
1054,2,2,0.0465067475644,4.85474512018e-42,0.953493252436
1055,1,2,0.0,1.84114015037e-17,1.0
1056,0,0,0.999867021361,3.92670451561e-155,0.000132978639446
1057,2,2,0.0366634477654,9.50279991592e-26,0.963336552235
1058,1,1,3.43666516361e-110,0.998478587906,0.00152141209413
1059,2,2,0.0062318393178,3.72788459566e-27,0.993768160682
1060,2,2,0.000625784806447,0.000625732834918,0.998748482359
1061,1,1,2.00155631886e-264,0.999999999974,2.6065138755e-11
1062,1,1,7.70994025501e-296,0.999999999983,1.67441324699e-11
1063,1,1,1.26477962943e-302,0.999999999999,1.13706934928e-12
1064,2,2,0.0171467603683,4.19667019067e-49,0.982853239632
1065,2,2,0.000798245687028,0.00640599659506,0.992795757718
1066,1,1,7.34671247792e-71,0.585468496237,0.414531503763
1067,2,2,0.0537668934334,2.70995239218e-43,0.946233106567
1068,2,2,0.000625644960213,0.000796485192983,0.998577869847
1069,2,2,0.0285282606292,8.07720941993e-38,0.971471739371
1070,1,1,1.56075082635e-263,0.999999999983,1.71753305329e-11
1071,1,1,9.78990084985e-83,0.994153468554,0.00584653144625
1072,2,2,0.0115216354292,2.8751350926e-43,0.988478364571
1073,2,2,0.00630958004712,0.00360737856426,0.990083041389
1074,2,2,0.00209999540958,0.000663728989853,0.997236275601
1075,2,2,3.12078959306e-23,0.0149777634343,0.985022236566
1076,1,1,0.0,1.0,0.0
1077,1,1,1.26477962943e-302,0.999999999999,1.13706934928e-12
1078,2,2,3.07710860888e-35,0.150118877516,0.849881122484
1079,1,1,7.32159678576e-300,0.999999999996,4.42158844903e-12
1080,0,0,0.999998228026,1.39155130308e-153,1.77197350741e-06
1081,2,2,0.0,0.0,1.0
1082,2,2,0.0953550049449,0.00563408410442,0.899010910951
1083,2,2,0.00306936262347,0.000525737632937,0.996404899744
1084,1,1,1.19484240558e-293,0.99999999994,6.00235800246e-11
1085,1,1,0.0,1.0,7.42053578058e-14
1086,1,1,1.56118243141e-82,0.605512315167,0.394487684833
1087,2,2,9.04264822253e-07,0.000287162994708,0.99971193274
1088,1,2,0.0,0.438306099841,0.561693900159
1089,0,0,0.942243110192,3.57008557786e-35,0.0577568898082
1090,2,2,1.23065695836e-34,1.6411452948e-12,0.999999999998
1091,0,0,0.999998228026,1.39155130308e-153,1.77197350741e-06
1092,2,0,0.999988027708,1.31550093873e-147,1.19722924813e-05
1093,2,0,0.997532818676,7.8597795862e-75,0.00246718132422
1094,2,0,0.999526958491,2.07412835247e-114,0.000473041508514
1095,2,0,0.678631377779,6.59205943818e-43,0.321368622221
1096,1,2,0.0,0.29867797367,0.70132202633
1097,1,1,2.6353187283e-41,0.933884603083,0.0661153969168
1098,1,2,0.00254017299994,0.0203072386146,0.977152588385
1099,1,2,1.19850673485e-56,0.113701257251,0.886298742749
1100,2,2,0.484581931999,3.75000291058e-35,0.515418068001
1101,0,0,0.99986378115,2.50316640748e-127,0.00013621884955
1102,1,2,0.0,0.267504583195,0.732495416805
1103,0,0,0.993443477922,1.63453183399e-74,0.00655652207772
1104,1,2,0.000631260139282,0.000420475616248,0.998948264244
1105,0,0,0.995210400107,1.18415406357e-87,0.0047895998931
1106,2,2,0.000631260139282,0.000420475616248,0.998948264244
1107,1,1,1.17314418769e-264,0.999999999984,1.57099203851e-11
1108,1,1,2.06404747385e-296,0.999999999985,1.54358493264e-11
1109,2,2,3.42727214864e-23,0.00422409188664,0.995775908113
1110,2,2,2.06284942351e-24,0.00246016211456,0.997539837885
1111,2,2,1.83796431355e-35,0.0718514138192,0.928148586181
1112,2,0,0.999537137515,1.15240762069e-115,0.000462862485224
1113,2,0,0.977822136149,8.49068969247e-83,0.0221778638506
1114,0,0,0.9990688561,2.07791948547e-75,0.000931143899589
1115,2,0,0.548768954844,2.36959363114e-34,0.451231045156
1116,1,1,0.0,0.999567912872,0.000432087127682
1117,1,1,1.18224603061e-80,0.999835913563,0.000164086436816
1118,2,2,0.0,8.79275744397e-127,1.0
1119,2,2,9.03228556631e-34,0.0,1.0
1120,2,2,0.100696303169,0.0185913822876,0.880712314544
1121,1,1,0.0,1.0,3.84110819409e-27
1122,2,2,0.000631260139282,0.000420475616248,0.998948264244
1123,2,2,1.84698467212e-06,0.00176541299148,0.998232740024
1124,1,1,8.20099113709e-116,0.999910465533,8.95344670047e-05
1125,0,0,0.999773995439,1.12203773303e-131,0.000226004561092
1126,2,2,3.07317997016e-38,0.133970020071,0.866029979929
1127,1,1,0.0,0.998002381386,0.00199761861373
1128,1,2,1.16235036952e-56,0.140393716811,0.859606283189
1129,2,2,0.000363985436974,6.23136553083e-39,0.999636014563
1130,2,0,1.0,0.0,6.18074840789e-34
1131,1,1,8.20099113709e-116,0.999910465533,8.95344670047e-05
1132,2,2,0.0,1.93275908762e-05,0.999980672409
1133,2,2,6.14568239951e-07,0.00127994965335,0.998719435778
1134,2,0,0.911957338035,2.39470750169e-46,0.0880426619646
1135,2,2,0.00586465983889,0.0021082804255,0.992027059736
1136,0,0,0.999988157286,1.2121184653e-112,1.18427143764e-05
1137,2,0,0.999963912439,7.85395332014e-109,3.60875607023e-05
1138,2,2,1.19941788912e-19,0.0204499150879,0.979550084912
1139,1,1,1.26477962943e-302,0.999999999999,1.13706934928e-12
1140,2,2,0.000625644960213,0.000796485192983,0.998577869847
1141,2,2,0.000631260139282,0.000420475616248,0.998948264244
1142,2,2,0.0376991947731,2.33560225576e-43,0.962300805227
1143,1,1,0.0,1.0,4.5165139674e-28
1144,1,2,0.0,1.45629661498e-25,1.0
1145,2,2,5.55379832186e-26,4.12334411871e-43,1.0
1146,2,2,0.00186269081127,3.63800578838e-15,0.998137309189
1147,1,1,0.0,0.999999999999,7.6076915242e-13
1148,2,2,1.23328419518e-35,0.0889637304638,0.911036269536
1149,2,0,0.715972507124,4.33235724516e-42,0.284027492876
1150,2,2,0.0336969304226,7.30076241541e-10,0.966303068847
1151,0,0,0.999444229656,1.168914814e-75,0.000555770344434
1152,2,0,0.98480953791,9.66863473639e-87,0.01519046209
1153,1,1,0.0,0.640487864579,0.359512135421
1154,1,1,8.61001827104e-77,0.9972241936,0.00277580639954
1155,1,1,7.32159678576e-300,0.999999999996,4.42158844903e-12
1156,2,2,0.00306936262347,0.000525737632937,0.996404899744
1157,1,1,0.0,0.999999999995,5.4666059695e-12
1158,1,1,3.31383782141e-73,0.983175611164,0.0168243888358
1159,2,2,3.65619960477e-08,2.45304297676e-41,0.999999963438
1160,1,1,6.23066191917e-41,0.864107281411,0.135892718589
1161,1,1,8.42526133837e-303,0.999999999999,7.63927175322e-13
1162,2,2,2.1252614229e-07,0.00126700685165,0.998732780622
1163,1,2,3.7660003397e-36,0.0728913523445,0.927108647655
1164,0,0,0.999997573444,8.70761475474e-149,2.42655569838e-06
1165,1,1,1.26477962943e-302,0.999999999999,1.13706934928e-12
1166,2,0,1.0,0.0,1.27574369206e-61
1167,2,2,1.71380296397e-08,0.0132699605621,0.9867300223
1168,0,0,0.999955241416,2.9590681656e-108,4.47585840453e-05
1169,1,1,0.0,0.999999999835,1.65093661913e-10
1170,2,2,0.485208013497,1.0077711821e-46,0.514791986503
1171,1,1,6.51283851928e-300,0.999999999996,4.06200730568e-12
1172,1,2,0.00179612491317,0.00300786645524,0.995196008632
1173,2,2,0.0265823252912,0.00567874649172,0.967738928217
1174,2,2,0.00630958004712,0.00360737856426,0.990083041389
1175,2,2,1.6913548208e-05,1.23567726873e-79,0.999983086452
1176,1,1,0.0,1.0,1.0330152778e-34
1177,2,2,0.0134406259274,1.66166649031e-54,0.986559374073
1178,2,2,0.00847445178548,0.00315546155425,0.98837008666
1179,2,2,0.0,2.59115682471e-45,1.0
1180,2,0,0.99991917943,7.41431238306e-120,8.08205698041e-05
1181,1,1,8.51102960834e-294,0.999999999859,1.41270599355e-10
1182,2,2,4.48441031465e-07,0.00350523216612,0.996494319393
1183,1,1,2.29915908696e-77,0.986989882322,0.0130101176777
1184,0,0,0.999225577057,5.39999716902e-75,0.00077442294282
1185,1,1,1.19484240558e-293,0.99999999994,6.00235800246e-11
1186,1,1,0.0,0.999999999998,1.93815290674e-12
1187,1,1,5.34687083975e-257,0.999999999081,9.19281809743e-10
1188,0,0,0.999918484356,1.41705884466e-119,8.15156438047e-05
1189,2,0,0.999984972568,4.53984201493e-120,1.50274323648e-05
1190,1,1,8.20099113709e-116,0.999910465533,8.95344670047e-05
1191,2,0,0.56450008061,2.91009334941e-35,0.43549991939
1192,1,1,0.0,1.0,3.14667697762e-27
1193,2,2,6.09246579289e-50,0.0103534489461,0.989646551054
1194,2,2,2.45416133832e-24,0.000774444620451,0.99922555538
1195,2,2,0.289288201098,1.93894362677e-43,0.710711798902
1196,1,1,0.0,0.999999999998,1.60327657963e-12
1197,2,2,0.00306936262347,0.000525737632937,0.996404899744
1198,2,2,8.93136879459e-50,0.00822542587943,0.991774574121
1199,1,2,0.0,0.0404914028652,0.959508597135
1200,2,2,0.00152042218053,0.00641008324921,0.99206949457
1201,2,2,0.00750649964391,0.00248923872571,0.99000426163
1202,0,0,0.99999759401,5.80053076e-149,2.40598981949e-06
1203,2,2,0.00612828890962,8.52576423262e-15,0.99387171109
1204,2,2,0.00630958004712,0.00360737856426,0.990083041389
1205,0,0,0.999890454053,1.39972188081e-124,0.000109545947153
1206,0,0,0.999927742175,3.50008041866e-161,7.2257825376e-05
1207,1,1,5.15520667726e-110,0.997737131917,0.00226286808307
1208,1,1,7.88217292463e-71,0.748517156559,0.251482843441
1209,1,1,0.0,0.999999999999,7.6076915242e-13
1210,2,2,0.0059712675316,0.00266063108752,0.991368101381
1211,1,1,7.32159678576e-300,0.999999999996,4.42158844903e-12
1212,2,2,0.00121232327732,8.51081945762e-05,0.998702568528
1213,2,2,6.25207268374e-25,0.00104676391456,0.998953236085
1214,2,2,0.00630958004712,0.00360737856426,0.990083041389
1215,2,2,3.57742226971e-07,8.65876924432e-05,0.999913054565
1216,2,2,3.26023590703e-35,0.319558552732,0.680441447268
1217,2,2,2.83249540351e-37,0.00923387120761,0.990766128792
1218,1,2,2.29000333156e-18,0.035098455637,0.964901544363
1219,2,2,0.00617902525377,7.06453351301e-27,0.993820974746
1220,1,1,2.04813543968e-261,0.999999999704,2.96018393063e-10
1221,1,1,0.0,0.747862307202,0.252137692798
1222,1,1,0.0,1.0,7.57324539883e-31
1223,0,0,0.999995617988,2.77789455012e-160,4.38201152557e-06
1224,0,0,0.999984056274,3.36574021653e-108,1.59437259998e-05
1225,2,2,0.323229387628,0.0122237601267,0.664546852245
1226,1,2,1.51717422082e-70,0.167438159208,0.832561840792
1227,2,0,1.0,0.0,3.26579173974e-16
1228,2,2,0.00893751178451,0.00108899929904,0.989973488916
1229,0,0,0.999983258646,3.12933510004e-154,1.67413538829e-05
1230,1,2,2.56247404387e-37,2.32661753556e-13,1.0
1231,2,2,0.388672284329,8.54542527645e-42,0.611327715671
1232,0,0,0.99999821288,2.08896275629e-153,1.78711996213e-06
1233,1,1,1.23028059132e-80,0.999752044995,0.000247955004916
1234,1,2,1.21812319653e-83,0.35504695975,0.64495304025
1235,1,1,0.0,0.999999999993,7.23615120064e-12
1236,2,0,0.999869329248,2.31723912958e-125,0.000130670751881
1237,2,2,0.239450548409,0.0,0.760549451591
1238,2,2,0.00296438801607,0.00132844412218,0.995707167862
1239,2,2,0.00730142632163,0.00470720627012,0.987991367408
1240,2,2,0.000625784806447,0.000625732834918,0.998748482359
1241,2,2,1.43193753405e-05,2.05296686492e-12,0.999985680623
1242,1,1,1.28531662401e-304,0.999999999887,1.12596742471e-10
1243,2,2,0.00312934082748,1.28943658991e-38,0.996870659173
1244,2,2,0.123247061519,0.0115976607921,0.865155277689
1245,1,1,2.1825459335e-263,0.999999999955,4.54956732211e-11
1246,2,2,0.0206144493427,1.42189291374e-26,0.979385550657
1247,2,2,9.75883099167e-09,0.00634105070513,0.993658939536
1248,1,1,1.76103111584e-75,0.940361817714,0.0596381822862
1249,0,0,0.999976783399,5.22877128633e-165,2.32166008937e-05
1250,0,0,1.0,0.0,3.47997233417e-62
1251,1,1,8.57982708282e-85,0.592242165886,0.407757834114
1252,1,1,3.0792787396e-65,0.807825132405,0.192174867595
1253,2,0,0.999999998668,0.0,1.33239208059e-09
1254,1,1,1.86423793391e-42,0.996252114655,0.003747885345
1255,0,0,0.999945783879,1.16136253787e-108,5.42161214609e-05
1256,1,1,1.24018990585e-70,0.783208616536,0.216791383464
1257,2,2,2.06284942351e-24,0.00246016211456,0.997539837885
1258,1,1,8.07701929659e-275,0.99999999989,1.09511652072e-10
1259,2,0,0.984680887542,1.84767559739e-86,0.015319112458
1260,2,2,3.64822608539e-07,0.0585745892646,0.941425045913
1261,0,0,1.0,0.0,3.46432810637e-90
1262,2,2,0.00749014164289,0.00228941427366,0.990220444083
1263,2,2,0.00345967523148,0.0,0.996540324769
1264,2,2,2.10171368144e-24,0.000873616768008,0.999126383232
1265,1,1,1.92051467538e-104,0.969610428968,0.0303895710317
1266,2,2,0.0030426464823,0.000782354963459,0.996174998554
1267,1,1,0.0,0.999999999999,7.6076915242e-13
1268,1,1,3.99608805286e-263,0.999999999904,9.60696469485e-11
1269,2,0,0.882381720232,3.71799009493e-99,0.117618279768
1270,2,0,0.794052880909,4.35094907547e-36,0.205947119091
1271,0,0,0.999999516641,5.03750894168e-153,4.83359374394e-07
1272,2,0,0.997401227008,7.89275294708e-76,0.00259877299245
1273,2,2,7.10477333469e-24,0.00226837626597,0.997731623734
1274,2,2,6.34646852571e-06,0.0237993925172,0.976194261014
1275,2,2,0.0137814774258,0.00226810037984,0.983950422194
1276,0,0,1.0,0.0,1.57214041067e-35
1277,1,1,7.32159678576e-300,0.999999999996,4.42158844903e-12
1278,1,1,2.03458464383e-294,0.999999999992,8.07038150594e-12
1279,1,2,3.28555358969e-34,0.390113493278,0.609886506722
1280,2,2,0.487334275558,6.74263183313e-47,0.512665724442
1281,2,2,0.00306936262347,0.000525737632937,0.996404899744
1282,1,1,7.43632457096e-36,0.855447433571,0.144552566429
1283,1,1,3.30783516363e-311,0.999999999989,1.08153777145e-11
1284,1,1,1.6149105193e-250,0.999999989981,1.00191927874e-08
1285,2,0,0.999193922751,4.76816427575e-108,0.000806077249043
1286,1,1,6.54679993323e-80,0.998554344979,0.00144565502084
1287,0,0,0.999855476311,1.85577946558e-115,0.000144523689167
1288,1,1,8.42195720015e-80,0.999405908991,0.000594091009419
1289,0,0,0.999994179298,1.01439007167e-158,5.82070185367e-06
1290,2,0,0.923849521898,3.26304845346e-91,0.0761504781023
1291,2,0,0.741978099964,4.72194400934e-86,0.258021900036
1292,2,1,4.84201855653e-41,0.570008181087,0.429991818913
1293,1,2,0.0178470621465,0.00642789788487,0.975725039969
1294,2,2,0.00855585399344,0.00338271758141,0.988061428425
1295,1,2,4.72683066188e-11,0.0850172062918,0.914982793661
1296,2,0,0.987771920166,0.0122280019746,7.78590202277e-08
1297,0,0,0.999985335695,2.8007191268e-108,1.46643054104e-05
1298,1,1,5.99800255121e-312,0.999999999996,4.38967761208e-12
1299,1,1,3.44853201063e-07,0.5264082188,0.473591436346
1300,1,1,5.15954277548e-36,0.969191056907,0.0308089430926
1301,0,0,0.998467707225,1.00900077609e-79,0.00153229277524
1302,1,2,3.59241136367e-35,0.0603010629832,0.939698937017
1303,2,2,0.0220843499858,3.03900857446e-44,0.977915650014
1304,2,0,0.992570768145,4.32340410676e-75,0.00742923185508
1305,1,1,2.18413984053e-70,0.931489044395,0.068510955605
1306,1,2,1.15546037052e-08,0.217443381397,0.782556607049
1307,2,2,0.0115216354292,2.8751350926e-43,0.988478364571
1308,2,0,0.700788755975,7.83544518883e-35,0.299211244025
1309,2,2,0.0158095573684,1.99538986639e-24,0.984190442632
1310,2,2,0.000704790562951,1.8880390201e-83,0.999295209437
1311,1,1,3.99553707431e-312,0.999999999997,2.94915523042e-12
1312,1,2,5.70528564196e-34,5.35572357256e-36,1.0
1313,0,0,0.999763546413,7.32734155235e-144,0.000236453587151
1314,2,2,2.08301204187e-24,0.00129978245921,0.998700217541
1315,2,2,0.00601104267051,2.31145646944e-13,0.993988957329
1316,1,1,0.0,0.999347820735,0.000652179264787
1317,2,0,0.997128600784,1.16441049328e-115,0.00287139921636
1318,0,0,0.999774868012,5.95350833039e-171,0.000225131987882
1319,2,2,0.00638410479769,4.85604160604e-43,0.993615895202
1320,2,2,0.0153660340524,4.1482730293e-42,0.984633965948
1321,2,2,0.00855947182212,0.00166755796666,0.989772970211
1322,1,1,5.91726002732e-311,0.999999999966,3.39253309184e-11
1323,2,2,3.05424990608e-23,5.00856429128e-15,1.0
1324,2,0,0.999999999628,0.0,3.71528707666e-10
1325,2,2,4.16195446882e-24,0.00296130065213,0.997038699348
1326,1,1,2.15307697741e-77,0.998068931671,0.00193106832875
1327,1,2,0.0,1.5184086236e-06,0.999998481591
1328,2,2,0.00209999540958,0.000663728989853,0.997236275601
1329,2,2,0.0322206210465,2.109686457e-60,0.967779378953
1330,2,2,0.0058039878123,0.00398776307861,0.990208249109
1331,1,1,2.00565613318e-109,0.998193979582,0.00180602041818
1332,1,1,0.0,0.975306131996,0.0246938680036
1333,0,0,0.99998576383,0.0,1.42361702781e-05
1334,0,0,0.999911517842,1.04436364471e-115,8.84821583483e-05
1335,1,1,1.58456913665e-264,0.999999999988,1.20622443985e-11
1336,2,0,0.964521309233,6.85486221178e-35,0.0354786907668
1337,2,0,0.860802732919,1.83175182626e-75,0.139197267081
1338,0,0,0.999999516641,5.03750894168e-153,4.83359374394e-07
1339,1,1,1.66770729323e-73,0.885117328874,0.114882671126
1340,2,0,0.995639948882,1.35207055399e-74,0.00436005111812
1341,2,0,0.999976584953,7.84930203575e-165,2.34150471951e-05
1342,1,1,0.0,0.999999999998,1.70769894207e-12
1343,2,2,0.0211915840896,0.00486916888731,0.973939247023
1344,0,0,0.999997573444,8.70761475474e-149,2.42655569838e-06
1345,2,2,0.0103062605603,0.0013559367789,0.988337802661
1346,2,0,0.997038592732,6.66301415958e-103,0.00296140726824
1347,1,1,1.33684932918e-109,0.998785926078,0.00121407392154
1348,2,2,0.00209999540958,0.000663728989853,0.997236275601
1349,2,2,0.000625644960213,0.000796485192983,0.998577869847
1350,1,1,0.0,0.999999999995,5.48929835495e-12
1351,1,1,2.06404747385e-296,0.999999999985,1.54358493264e-11
1352,2,2,0.00848063478631,0.00248024061671,0.989039124597
1353,2,2,0.0130533872799,0.0044550539375,0.982491558783
1354,1,2,1.28123090425e-35,0.0615666813034,0.938433318697
1355,0,0,0.999881164416,6.5572926334e-116,0.000118835584296
1356,0,0,0.999992457282,5.41730335e-177,7.5427183848e-06
1357,2,2,0.0061803485728,5.72763818956e-15,0.993819651427
1358,1,1,4.19955798965e-322,0.99999999998,1.96508374059e-11
1359,1,1,2.59359122369e-62,0.767447088481,0.232552911519
1360,2,2,0.110343598694,3.23597692234e-41,0.889656401306
1361,2,2,0.00209999540958,0.000663728989853,0.997236275601
1362,1,2,8.04251648005e-35,2.35600195503e-10,0.999999999764
1363,1,1,5.49294184585e-258,0.999999999398,6.01520600245e-10
1364,1,1,5.56074783752e-127,0.99967409881,0.000325901189904
1365,2,2,0.0,2.90289061094e-09,0.999999997097
1366,2,2,0.0512179744277,0.0673926506833,0.881389374889
1367,0,0,0.999999999992,0.0,7.89805871671e-12
1368,2,2,1.9335589223e-40,0.12900597834,0.87099402166
1369,0,0,0.999988742845,1.03445596851e-108,1.12571545146e-05
1370,2,2,0.00630958004712,0.00360737856426,0.990083041389
1371,0,0,0.999999516641,5.03750894168e-153,4.83359374394e-07
1372,1,1,6.98088076879e-258,0.99999999985,1.49725926848e-10
1373,1,1,6.02655475202e-52,0.790461273454,0.209538726546
1374,2,2,0.021901276535,4.52426687038e-44,0.978098723465
1375,1,1,0.0,0.999670832094,0.00032916790591
1376,2,0,0.991458609376,5.83159566634e-75,0.00854139062365
1377,1,1,0.0,0.976221181972,0.0237788180283
1378,1,1,5.92200091769e-296,0.999999999956,4.35374986697e-11
1379,2,2,0.0129160776324,0.00661746832508,0.980466454043
1380,2,0,0.999923019454,3.43877816509e-109,7.69805461101e-05
1381,2,2,0.00209999540958,0.000663728989853,0.997236275601
1382,0,0,0.999999999907,0.0,9.25550148791e-11
1383,2,0,0.999594396415,1.28119139958e-115,0.000405603584807
1384,1,1,1.09853133823e-264,0.999999999988,1.2247001077e-11
1385,1,1,0.0,1.0,9.72274191651e-21
1386,0,0,0.999848310701,8.66696379607e-116,0.000151689299369
1387,1,1,8.7447619084e-258,0.999999999062,9.37850719427e-10
1388,0,0,0.999995617988,2.77789455012e-160,4.38201152557e-06
1389,1,1,0.0,0.999999999985,1.51415107868e-11
1390,2,2,1.83893257852e-07,0.000434037781648,0.999565778325
1391,1,1,0.0,0.999999999989,1.07706676798e-11
1392,2,2,0.00953063320468,5.01787568132e-20,0.990469366795
1393,0,0,0.999715709899,0.0,0.000284290100658
1394,2,0,0.976671684126,3.71861138193e-86,0.0233283158738
1395,1,1,0.0,0.999999999998,1.60324650758e-12
1396,2,2,0.00347698746025,7.08428940212e-43,0.99652301254
1397,1,1,2.88128678338e-259,0.999999996952,3.04843587316e-09
1398,1,1,0.0,1.0,1.49502288707e-43
1399,1,1,6.18227915318e-36,0.898356561385,0.101643438615
1400,1,1,0.0,1.0,1.89548757019e-16
1401,1,2,9.94417633788e-36,0.419262957286,0.580737042714
1402,1,2,4.42440337067e-55,0.172308566557,0.827691433443
1403,1,2,0.0,3.81704807092e-08,0.99999996183
1404,2,2,0.00944886893264,0.00365328639927,0.986897844668
1405,1,1,0.0,1.0,2.45306106659e-30
1406,2,0,0.984551965614,2.77332227269e-86,0.0154480343857
1407,2,0,0.98480953791,9.66863473639e-87,0.01519046209
1408,2,2,0.00821898705776,0.0017356035713,0.990045409371
1409,2,2,0.41179694178,2.37494957564e-42,0.58820305822
1410,2,2,0.056168993908,0.0,0.943831006092
1411,2,2,0.00773961244621,4.94305374773e-14,0.992260387554
1412,0,0,0.99843234522,3.26133962588e-93,0.00156765477951
1413,2,2,0.00435039944238,0.000320434085809,0.995329166472
1414,1,1,9.83206046266e-264,0.999999999969,3.10546417517e-11
1415,1,1,2.30537857467e-42,0.996099149457,0.00390085054294
1416,0,0,0.999999516641,5.03750894168e-153,4.83359374394e-07
1417,1,2,0.0104275932666,0.000655210702232,0.988917196031
1418,2,2,2.55783897733e-50,0.0540213364359,0.945978663564
1419,2,0,0.999962456104,6.23767674741e-173,3.75438959917e-05
1420,2,2,0.000625644960213,0.000796485192983,0.998577869847
1421,1,2,0.0,0.496280019427,0.503719980573
1422,2,2,0.0508031932838,4.42997640776e-50,0.949196806716
1423,2,2,0.0115216354292,2.8751350926e-43,0.988478364571
1424,2,2,0.101379211184,0.00626156178505,0.892359227031
1425,1,1,4.84201855653e-41,0.570008181087,0.429991818913
1426,1,2,1.56982976802e-06,1.14455996837e-30,0.99999843017
1427,2,2,0.109072939999,2.13982918067e-42,0.890927060001
1428,2,2,4.6926070906e-38,0.0293105586643,0.970689441336
1429,1,1,1.66770729323e-73,0.885117328874,0.114882671126
1430,2,0,1.0,0.0,4.95284444143e-60
1431,2,2,0.0563826944337,2.14112992074e-35,0.943617305566
1432,1,1,0.0,1.0,2.04498480154e-19
1433,0,0,0.990484704202,3.39452427526e-82,0.00951529579837
1434,1,1,2.31550598196e-263,0.999999999935,6.53812290555e-11
1435,1,1,0.0,0.910956594547,0.0890434054535
1436,1,2,3.18351640756e-38,0.0366917623993,0.963308237601
1437,1,2,0.00361035513569,0.00186139159694,0.994528253267
1438,1,1,1.45389121118e-263,0.999999999969,3.05657532285e-11
1439,1,1,0.0,0.994032783225,0.00596721677543
1440,0,0,0.999850862826,6.23547642819e-108,0.000149137174445
1441,2,2,0.00252866925563,6.55053859866e-66,0.997471330744
1442,2,1,2.29413400115e-35,0.886982462099,0.113017537901
1443,1,1,4.41556264313e-264,0.999999999858,1.4185702664e-10
1444,0,0,0.999987670211,7.50732470274e-159,1.23297893376e-05
1445,1,1,6.50336375659e-89,0.996741199967,0.00325880003287
1446,2,2,0.00178576094436,0.00913790578871,0.989076333267
1447,2,0,0.658136093033,1.52427092482e-66,0.341863906967
1448,2,2,2.06284942351e-24,0.00246016211456,0.997539837885
1449,2,2,0.365433284149,5.76517292442e-58,0.634566715851
1450,1,2,1.01038526752e-35,0.185090519923,0.814909480077
1451,2,2,0.0,5.25128017552e-09,0.999999994749
1452,0,0,0.999995617988,2.77789455012e-160,4.38201152557e-06
1453,1,1,0.0,0.999999999999,7.6076915242e-13
1454,2,2,8.96323297371e-07,0.000544019953987,0.999455083723
1455,2,2,0.029662049908,4.56284577732e-27,0.970337950092
1456,2,2,0.164072251287,4.1887567675e-78,0.835927748713
1457,1,2,3.16900019521e-35,0.173202322831,0.826797677169
1458,2,0,0.999537137515,1.15240762069e-115,0.000462862485224
1459,0,0,0.999997439041,9.48215384813e-158,2.56095851615e-06
1460,2,2,8.40658272347e-07,0.102058363451,0.89794079589
1461,2,2,0.0115216354292,2.8751350926e-43,0.988478364571
1462,2,2,0.00586465983889,0.0021082804255,0.992027059736
1463,1,2,1.22020029415e-82,0.441837365267,0.558162634733
1464,2,0,0.999972630932,2.17412374627e-131,2.7369068105e-05
1465,0,0,1.0,0.0,9.76019944167e-74
1466,2,2,2.51390552062e-08,0.0105488743163,0.989451100545
1467,2,0,1.0,0.0,1.60021396009e-13
1468,0,0,0.999997573444,8.70761475474e-149,2.42655569838e-06
1469,1,1,4.50650697369e-71,0.78967324589,0.21032675411
1470,2,0,0.990869894166,2.25651750169e-99,0.00913010583355
1471,1,1,1.64908838203e-264,0.999999999982,1.82290799372e-11
1472,1,1,0.0,1.0,1.3280860019e-19
1473,2,2,0.00167112050066,0.0011300934577,0.997198786042
1474,2,0,0.906678400894,6.05421050584e-42,0.0933215991057
1475,2,2,0.000625784806447,0.000625732834918,0.998748482359
1476,2,0,0.99999999956,0.0,4.39916627194e-10
1477,1,1,2.30537857467e-42,0.996099149457,0.00390085054294
1478,1,1,0.0,1.0,1.03977952742e-44
1479,2,2,0.0142822194639,0.000478787601284,0.985238992935
1480,2,2,0.00404761237526,8.24015133399e-13,0.995952387624
1481,2,2,2.85788176988e-07,9.90739250369e-09,0.999999704304
1482,1,1,1.64908838203e-264,0.999999999982,1.82290799372e-11
1483,2,2,0.0261470770347,0.00865136081041,0.965201562155
1484,1,1,3.30783516363e-311,0.999999999989,1.08153777145e-11
1485,1,2,6.36474919674e-35,0.0666113457296,0.93338865427
1486,2,2,0.000625784806447,0.000625732834918,0.998748482359
1487,1,2,6.38146589216e-38,0.205030871033,0.794969128967
1488,2,2,3.8800267063e-23,6.04218199245e-43,1.0
1489,1,1,5.79697826251e-88,0.989967351288,0.0100326487119
1490,0,0,0.996935259035,3.29428944472e-85,0.00306474096539
1491,1,1,3.00835874563e-293,0.999999999983,1.71043288865e-11
1492,1,1,8.20099113709e-116,0.999910465533,8.95344670047e-05
1493,2,2,6.25207268374e-25,0.00104676391456,0.998953236085
1494,1,1,1.75181895106e-263,0.999999999937,6.31421117984e-11
1495,0,0,1.0,0.0,5.33183041552e-62
1496,0,0,1.0,0.0,2.0764256664e-146
1497,2,2,0.0281019559668,0.010283523895,0.961614520138
1498,2,0,1.0,0.0,1.68438961092e-15
1499,2,2,0.00814299212828,0.0025813549998,0.989275652872
