text_id,gold_label,MV_label,MVconf0,MVconf1,MVconf2
0,2,2,0.2,0.2,0.6
1,1,2,0.0,0.4,0.6
2,1,1,0.0,0.8,0.2
3,0,0,0.75,0.0,0.25
4,2,0,0.6,0.0,0.4
5,1,1,0.0,1.0,0.0
6,2,2,0.2,0.2,0.6
7,2,2,0.0,0.4,0.6
8,1,2,0.0,0.4,0.6
9,2,2,0.2,0.0,0.8
10,2,0,0.6,0.2,0.2
11,2,2,0.2,0.0,0.8
12,2,2,0.0,0.4,0.6
13,2,2,0.2,0.0,0.8
14,2,2,0.2,0.4,0.4
15,1,1,0.2,0.6,0.2
16,2,2,0.0,0.2,0.8
17,2,2,0.0,0.2,0.8
18,2,0,0.4,0.2,0.4
19,0,0,1.0,0.0,0.0
20,1,2,0.0,0.4,0.6
21,1,1,0.0,1.0,0.0
22,2,2,0.0,0.4,0.6
23,1,2,0.2,0.4,0.4
24,2,2,0.0,0.0,1.0
25,1,2,0.0,0.2,0.8
26,2,2,0.2,0.4,0.4
27,0,0,0.6,0.2,0.2
28,1,1,0.0,1.0,0.0
29,1,1,0.0,1.0,0.0
30,1,1,0.0,0.6,0.4
31,0,0,0.8,0.2,0.0
32,1,1,0.0,0.8,0.2
33,1,1,0.0,0.6,0.4
34,2,2,0.2,0.2,0.6
35,2,0,0.4,0.2,0.4
36,2,2,0.0,0.0,1.0
37,0,0,0.8,0.2,0.0
38,1,1,0.0,1.0,0.0
39,2,2,0.0,0.2,0.8
40,1,2,0.0,0.4,0.6
41,2,2,0.0,0.2,0.8
42,2,2,0.0,0.0,1.0
43,1,2,0.0,0.2,0.8
44,2,2,0.0,0.2,0.8
45,1,1,0.0,0.8,0.2
46,1,1,0.0,1.0,0.0
47,2,2,0.0,0.4,0.6
48,2,2,0.0,0.2,0.8
49,2,2,0.0,0.2,0.8
50,0,2,0.4,0.0,0.6
51,2,2,0.2,0.2,0.6
52,2,2,0.0,0.2,0.8
53,2,0,0.4,0.2,0.4
54,1,1,0.0,0.6,0.4
55,2,0,0.8,0.0,0.2
56,2,2,0.0,0.25,0.75
57,2,2,0.2,0.2,0.6
58,0,0,1.0,0.0,0.0
59,0,0,0.6,0.2,0.2
60,2,2,0.2,0.4,0.4
61,2,2,0.0,0.2,0.8
62,2,2,0.0,0.4,0.6
63,1,2,0.0,0.2,0.8
64,2,2,0.0,0.25,0.75
65,2,2,0.2,0.0,0.8
66,2,2,0.2,0.2,0.6
67,2,2,0.0,0.0,1.0
68,1,2,0.0,0.25,0.75
69,2,0,0.6,0.0,0.4
70,1,2,0.0,0.4,0.6
71,2,2,0.0,0.2,0.8
72,1,2,0.0,0.4,0.6
73,2,0,1.0,0.0,0.0
74,2,2,0.2,0.2,0.6
75,0,0,0.8,0.0,0.2
76,2,2,0.0,0.4,0.6
77,1,1,0.0,0.6,0.4
78,0,0,0.8,0.2,0.0
79,2,2,0.0,0.2,0.8
80,2,0,0.6,0.2,0.2
81,1,1,0.0,0.8,0.2
82,0,0,0.8,0.2,0.0
83,1,1,0.0,0.6,0.4
84,1,2,0.0,0.5,0.5
85,2,2,0.4,0.2,0.4
86,2,2,0.0,0.4,0.6
87,1,1,0.0,0.6,0.4
88,2,2,0.0,0.0,1.0
89,2,0,0.8,0.0,0.2
90,1,1,0.0,0.8,0.2
91,2,2,0.0,0.2,0.8
92,1,1,0.0,0.6,0.4
93,2,2,0.0,0.4,0.6
94,2,2,0.0,0.2,0.8
95,2,2,0.0,0.0,1.0
96,1,1,0.0,0.6,0.4
97,2,2,0.0,0.0,1.0
98,2,2,0.0,0.0,1.0
99,1,1,0.0,0.8,0.2
100,0,0,1.0,0.0,0.0
101,2,2,0.4,0.0,0.6
102,1,1,0.0,1.0,0.0
103,2,2,0.0,0.2,0.8
104,2,2,0.0,0.0,1.0
105,1,1,0.2,0.4,0.4
106,1,1,0.0,1.0,0.0
107,2,1,0.0,0.6,0.4
108,1,1,0.0,1.0,0.0
109,2,2,0.4,0.0,0.6
110,2,2,0.0,0.4,0.6
111,1,1,0.0,0.6,0.4
112,0,0,0.6,0.2,0.2
113,0,0,1.0,0.0,0.0
114,1,1,0.0,1.0,0.0
115,1,1,0.0,0.8,0.2
116,1,2,0.0,0.4,0.6
117,1,1,0.0,0.5,0.5
118,1,1,0.0,1.0,0.0
119,1,1,0.0,1.0,0.0
120,1,1,0.0,0.6,0.4
121,1,1,0.0,0.6,0.4
122,1,1,0.0,0.6,0.4
123,1,1,0.0,0.8,0.2
124,1,2,0.0,0.4,0.6
125,1,2,0.0,0.2,0.8
126,0,0,1.0,0.0,0.0
127,2,2,0.2,0.2,0.6
128,2,2,0.0,0.0,1.0
129,2,2,0.0,0.0,1.0
130,1,1,0.0,0.6,0.4
131,2,2,0.0,0.2,0.8
132,1,1,0.0,0.8,0.2
133,2,2,0.0,0.4,0.6
134,2,2,0.2,0.0,0.8
135,2,2,0.2,0.0,0.8
136,2,2,0.0,0.2,0.8
137,0,0,0.6,0.2,0.2
138,1,1,0.0,0.6,0.4
139,2,2,0.0,0.0,1.0
140,2,2,0.0,0.2,0.8
141,2,2,0.0,0.4,0.6
142,0,0,0.8,0.2,0.0
143,1,1,0.0,1.0,0.0
144,0,0,0.8,0.0,0.2
145,2,2,0.2,0.0,0.8
146,1,1,0.0,0.8,0.2
147,1,1,0.0,1.0,0.0
148,0,0,0.6,0.2,0.2
149,1,1,0.0,0.8,0.2
150,1,2,0.0,0.2,0.8
151,2,0,0.4,0.2,0.4
152,0,0,0.8,0.2,0.0
153,1,1,0.0,0.6,0.4
154,2,2,0.0,0.0,1.0
155,2,0,0.4,0.2,0.4
156,2,2,0.0,0.0,1.0
157,2,0,0.6,0.2,0.2
158,2,2,0.2,0.0,0.8
159,2,2,0.2,0.0,0.8
160,2,2,0.4,0.2,0.4
161,1,1,0.0,0.8,0.2
162,0,0,0.8,0.2,0.0
163,2,2,0.25,0.25,0.5
164,1,1,0.0,1.0,0.0
165,2,1,0.0,0.6,0.4
166,1,2,0.0,0.25,0.75
167,1,1,0.0,0.8,0.2
168,2,0,0.6,0.0,0.4
169,0,0,0.8,0.2,0.0
170,0,0,0.75,0.25,0.0
171,0,0,0.6,0.2,0.2
172,1,2,0.0,0.4,0.6
173,2,2,0.0,0.0,1.0
174,2,2,0.0,0.2,0.8
175,2,2,0.2,0.2,0.6
176,0,0,0.8,0.2,0.0
177,2,2,0.0,0.2,0.8
178,2,1,0.0,0.6,0.4
179,0,0,0.8,0.0,0.2
180,0,0,0.8,0.2,0.0
181,2,2,0.4,0.2,0.4
182,1,1,0.0,0.8,0.2
183,1,1,0.0,0.8,0.2
184,2,2,0.0,0.0,1.0
185,1,1,0.0,0.6,0.4
186,1,1,0.0,0.8,0.2
187,1,2,0.0,0.4,0.6
188,1,1,0.0,0.6,0.4
189,1,1,0.0,0.6,0.4
190,2,0,0.6,0.0,0.4
191,1,2,0.0,0.2,0.8
192,2,0,0.6,0.0,0.4
193,1,1,0.0,0.8,0.2
194,1,2,0.0,0.4,0.6
195,2,2,0.0,0.4,0.6
196,2,2,0.4,0.2,0.4
197,1,2,0.0,0.2,0.8
198,2,2,0.0,0.0,1.0
199,1,1,0.0,1.0,0.0
200,1,1,0.0,1.0,0.0
201,2,2,0.0,0.0,1.0
202,1,2,0.0,0.2,0.8
203,2,2,0.0,0.0,1.0
204,0,2,0.4,0.2,0.4
205,0,0,0.8,0.0,0.2
206,2,1,0.4,0.4,0.2
207,2,2,0.0,0.4,0.6
208,2,2,0.0,0.2,0.8
209,2,0,0.8,0.0,0.2
210,1,1,0.0,0.8,0.2
211,0,0,0.8,0.2,0.0
212,1,1,0.0,0.8,0.2
213,2,2,0.0,0.4,0.6
214,2,2,0.2,0.0,0.8
215,2,2,0.2,0.0,0.8
216,1,2,0.0,0.25,0.75
217,2,2,0.2,0.0,0.8
218,1,1,0.0,0.6,0.4
219,2,2,0.2,0.0,0.8
220,1,1,0.0,0.6,0.4
221,2,0,0.6,0.0,0.4
222,1,1,0.0,0.6,0.4
223,2,2,0.0,0.4,0.6
224,2,2,0.0,0.0,1.0
225,2,2,0.0,0.2,0.8
226,1,1,0.0,0.75,0.25
227,1,1,0.0,1.0,0.0
228,2,2,0.0,0.0,1.0
229,1,2,0.0,0.4,0.6
230,1,1,0.0,0.6,0.4
231,1,1,0.0,1.0,0.0
232,2,2,0.0,0.25,0.75
233,2,2,0.25,0.0,0.75
234,1,2,0.0,0.2,0.8
235,1,1,0.0,1.0,0.0
236,2,2,0.0,0.0,1.0
237,0,0,1.0,0.0,0.0
238,1,2,0.0,0.2,0.8
239,2,0,0.6,0.0,0.4
240,1,1,0.0,1.0,0.0
241,2,0,0.4,0.2,0.4
242,2,2,0.0,0.4,0.6
243,0,0,0.6,0.2,0.2
244,2,2,0.0,0.0,1.0
245,1,2,0.2,0.4,0.4
246,0,0,0.8,0.2,0.0
247,2,2,0.2,0.0,0.8
248,1,1,0.0,0.6,0.4
249,2,2,0.0,0.2,0.8
250,2,2,0.4,0.2,0.4
251,1,1,0.0,1.0,0.0
252,2,2,0.0,0.0,1.0
253,1,1,0.0,0.6,0.4
254,2,1,0.2,0.4,0.4
255,2,2,0.4,0.0,0.6
256,1,1,0.0,0.8,0.2
257,1,1,0.0,1.0,0.0
258,2,0,0.6,0.0,0.4
259,2,2,0.2,0.2,0.6
260,1,1,0.0,1.0,0.0
261,1,1,0.0,1.0,0.0
262,1,1,0.0,1.0,0.0
263,1,1,0.0,0.8,0.2
264,1,1,0.0,0.8,0.2
265,0,0,0.8,0.2,0.0
266,2,2,0.0,0.2,0.8
267,1,1,0.0,1.0,0.0
268,1,1,0.0,1.0,0.0
269,1,1,0.0,0.8,0.2
270,2,2,0.0,0.2,0.8
271,1,1,0.0,0.6,0.4
272,2,2,0.0,0.2,0.8
273,2,2,0.2,0.0,0.8
274,2,2,0.25,0.0,0.75
275,1,2,0.0,0.2,0.8
276,2,2,0.0,0.0,1.0
277,1,2,0.0,0.4,0.6
278,2,2,0.4,0.0,0.6
279,1,1,0.0,1.0,0.0
280,2,0,0.8,0.0,0.2
281,0,0,1.0,0.0,0.0
282,1,1,0.0,0.8,0.2
283,2,2,0.0,0.2,0.8
284,0,0,0.6,0.4,0.0
285,2,0,0.4,0.4,0.2
286,1,1,0.0,0.6,0.4
287,1,1,0.0,0.6,0.4
288,0,0,0.6,0.2,0.2
289,2,2,0.2,0.4,0.4
290,2,2,0.0,0.2,0.8
291,1,1,0.0,0.8,0.2
292,2,2,0.25,0.0,0.75
293,2,0,0.8,0.0,0.2
294,2,2,0.0,0.2,0.8
295,0,0,0.6,0.0,0.4
296,2,2,0.2,0.0,0.8
297,1,1,0.0,1.0,0.0
298,1,1,0.0,0.6,0.4
299,2,2,0.2,0.0,0.8
300,2,2,0.5,0.0,0.5
301,1,2,0.0,0.4,0.6
302,2,2,0.2,0.0,0.8
303,1,1,0.0,1.0,0.0
304,1,1,0.0,1.0,0.0
305,1,1,0.0,0.6,0.4
306,0,0,1.0,0.0,0.0
307,1,1,0.0,0.8,0.2
308,2,0,0.8,0.0,0.2
309,0,0,0.8,0.2,0.0
310,2,2,0.2,0.2,0.6
311,0,0,0.6,0.4,0.0
312,2,2,0.4,0.0,0.6
313,1,1,0.0,1.0,0.0
314,1,1,0.0,0.8,0.2
315,2,1,0.0,1.0,0.0
316,1,1,0.0,1.0,0.0
317,2,2,0.0,0.0,1.0
318,2,0,0.6,0.0,0.4
319,2,2,0.0,0.2,0.8
320,2,2,0.2,0.0,0.8
321,1,1,0.0,0.6,0.4
322,2,2,0.0,0.2,0.8
323,2,2,0.4,0.0,0.6
324,0,0,1.0,0.0,0.0
325,2,0,0.4,0.2,0.4
326,2,2,0.0,0.0,1.0
327,2,0,0.8,0.2,0.0
328,1,2,0.0,0.4,0.6
329,2,2,0.2,0.0,0.8
330,2,0,0.6,0.0,0.4
331,2,2,0.2,0.4,0.4
332,2,2,0.2,0.4,0.4
333,2,2,0.4,0.0,0.6
334,0,2,0.4,0.0,0.6
335,2,2,0.0,0.0,1.0
336,1,1,0.0,0.8,0.2
337,1,1,0.0,0.8,0.2
338,1,1,0.0,1.0,0.0
339,2,2,0.2,0.2,0.6
340,2,2,0.4,0.2,0.4
341,2,2,0.0,0.2,0.8
342,1,1,0.0,0.8,0.2
343,2,2,0.4,0.0,0.6
344,0,0,0.8,0.2,0.0
345,2,2,0.0,0.2,0.8
346,2,2,0.0,0.2,0.8
347,2,0,0.6,0.0,0.4
348,1,1,0.0,0.8,0.2
349,1,1,0.0,0.6,0.4
350,2,2,0.4,0.0,0.6
351,2,2,0.0,0.4,0.6
352,1,1,0.0,1.0,0.0
353,1,1,0.0,1.0,0.0
354,2,0,0.6,0.0,0.4
355,2,2,0.0,0.0,1.0
356,2,2,0.0,0.0,1.0
357,0,0,0.8,0.0,0.2
358,1,2,0.0,0.4,0.6
359,1,2,0.0,0.4,0.6
360,2,2,0.2,0.2,0.6
361,1,2,0.0,0.4,0.6
362,1,2,0.0,0.2,0.8
363,1,1,0.0,1.0,0.0
364,1,2,0.0,0.4,0.6
365,2,2,0.0,0.2,0.8
366,0,0,1.0,0.0,0.0
367,1,1,0.0,0.6,0.4
368,1,1,0.0,0.8,0.2
369,2,1,0.0,0.6,0.4
370,2,2,0.0,0.0,1.0
371,2,2,0.2,0.2,0.6
372,2,2,0.4,0.0,0.6
373,1,2,0.0,0.4,0.6
374,1,1,0.0,0.8,0.2
375,2,0,0.4,0.2,0.4
376,1,1,0.0,1.0,0.0
377,1,2,0.0,0.2,0.8
378,2,0,0.6,0.0,0.4
379,1,1,0.0,1.0,0.0
380,2,2,0.0,0.4,0.6
381,2,2,0.2,0.2,0.6
382,2,2,0.0,0.2,0.8
383,1,2,0.0,0.2,0.8
384,1,1,0.0,0.6,0.4
385,0,0,0.8,0.2,0.0
386,1,2,0.2,0.4,0.4
387,2,1,0.25,0.5,0.25
388,2,2,0.2,0.0,0.8
389,2,2,0.4,0.0,0.6
390,1,1,0.0,0.6,0.4
391,0,0,0.8,0.2,0.0
392,2,2,0.4,0.2,0.4
393,2,2,0.0,0.2,0.8
394,2,2,0.0,0.0,1.0
395,0,0,0.6,0.0,0.4
396,1,1,0.0,0.8,0.2
397,1,1,0.0,0.8,0.2
398,2,2,0.2,0.2,0.6
399,2,2,0.0,0.2,0.8
400,2,2,0.0,0.0,1.0
401,0,0,0.8,0.2,0.0
402,2,2,0.0,0.2,0.8
403,1,2,0.0,0.4,0.6
404,0,0,0.8,0.0,0.2
405,1,1,0.0,0.8,0.2
406,2,2,0.0,0.2,0.8
407,1,1,0.0,1.0,0.0
408,2,2,0.0,0.0,1.0
409,2,2,0.0,0.2,0.8
410,2,2,0.2,0.0,0.8
411,1,1,0.0,0.6,0.4
412,2,1,0.0,0.6,0.4
413,2,2,0.0,0.0,1.0
414,1,2,0.0,0.4,0.6
415,2,2,0.0,0.0,1.0
416,2,2,0.0,0.0,1.0
417,1,1,0.0,1.0,0.0
418,2,0,0.8,0.0,0.2
419,1,2,0.0,0.0,1.0
420,2,2,0.0,0.2,0.8
421,0,0,0.8,0.0,0.2
422,1,1,0.0,0.6,0.4
423,1,1,0.0,0.8,0.2
424,1,1,0.0,1.0,0.0
425,1,1,0.0,1.0,0.0
426,1,1,0.0,0.75,0.25
427,1,1,0.0,0.8,0.2
428,1,2,0.0,0.4,0.6
429,1,1,0.0,0.8,0.2
430,1,1,0.0,1.0,0.0
431,0,0,1.0,0.0,0.0
432,0,0,0.8,0.2,0.0
433,1,1,0.25,0.5,0.25
434,2,2,0.2,0.0,0.8
435,2,2,0.2,0.0,0.8
436,2,2,0.4,0.0,0.6
437,2,2,0.2,0.2,0.6
438,1,1,0.0,0.8,0.2
439,0,2,0.4,0.0,0.6
440,1,1,0.0,0.8,0.2
441,2,2,0.2,0.2,0.6
442,2,2,0.2,0.0,0.8
443,1,1,0.0,1.0,0.0
444,2,0,0.8,0.0,0.2
445,2,2,0.0,0.2,0.8
446,2,2,0.4,0.2,0.4
447,2,2,0.2,0.0,0.8
448,2,2,0.2,0.0,0.8
449,2,2,0.4,0.2,0.4
450,1,1,0.0,0.6,0.4
451,1,2,0.0,0.2,0.8
452,1,1,0.0,0.8,0.2
453,1,1,0.0,0.8,0.2
454,1,1,0.0,0.8,0.2
455,2,2,0.0,0.0,1.0
456,2,1,0.0,0.8,0.2
457,0,0,0.8,0.2,0.0
458,2,0,0.6,0.2,0.2
459,2,2,0.2,0.0,0.8
460,2,0,0.6,0.2,0.2
461,2,0,0.75,0.0,0.25
462,1,2,0.0,0.2,0.8
463,2,2,0.2,0.0,0.8
464,2,2,0.0,0.0,1.0
465,2,2,0.2,0.0,0.8
466,2,2,0.0,0.2,0.8
467,2,1,0.4,0.4,0.2
468,2,2,0.0,0.4,0.6
469,1,2,0.0,0.2,0.8
470,1,2,0.0,0.2,0.8
471,2,2,0.0,0.0,1.0
472,2,2,0.0,0.2,0.8
473,2,2,0.0,0.2,0.8
474,0,0,0.8,0.2,0.0
475,1,1,0.0,1.0,0.0
476,1,2,0.0,0.2,0.8
477,2,2,0.0,0.2,0.8
478,0,0,0.8,0.2,0.0
479,2,2,0.0,0.0,1.0
480,2,2,0.0,0.2,0.8
481,2,2,0.2,0.0,0.8
482,2,2,0.0,0.0,1.0
483,2,0,0.6,0.0,0.4
484,2,2,0.4,0.2,0.4
485,1,1,0.0,0.8,0.2
486,2,2,0.0,0.2,0.8
487,2,2,0.2,0.2,0.6
488,2,0,0.6,0.2,0.2
489,2,2,0.0,0.2,0.8
490,2,2,0.2,0.0,0.8
491,0,0,0.8,0.2,0.0
492,1,1,0.0,0.8,0.2
493,2,0,0.4,0.2,0.4
494,2,2,0.0,0.2,0.8
495,1,2,0.0,0.4,0.6
496,2,0,0.6,0.0,0.4
497,2,2,0.0,0.0,1.0
498,2,2,0.0,0.0,1.0
499,0,0,0.6,0.2,0.2
500,1,2,0.0,0.4,0.6
501,2,2,0.0,0.2,0.8
502,2,0,0.6,0.0,0.4
503,2,2,0.0,0.4,0.6
504,2,2,0.4,0.0,0.6
505,2,2,0.0,0.2,0.8
506,2,2,0.0,0.2,0.8
507,1,1,0.0,1.0,0.0
508,2,2,0.0,0.0,1.0
509,1,1,0.0,1.0,0.0
510,1,1,0.0,1.0,0.0
511,0,0,0.6,0.2,0.2
512,1,1,0.0,1.0,0.0
513,1,2,0.0,0.4,0.6
514,2,2,0.2,0.2,0.6
515,2,2,0.0,0.2,0.8
516,0,0,0.6,0.0,0.4
517,0,0,0.8,0.0,0.2
518,1,1,0.0,1.0,0.0
519,0,0,0.6,0.2,0.2
520,2,2,0.0,0.2,0.8
521,2,2,0.4,0.2,0.4
522,2,0,0.6,0.0,0.4
523,0,0,0.8,0.2,0.0
524,1,2,0.0,0.2,0.8
525,2,2,0.4,0.0,0.6
526,0,0,0.6,0.2,0.2
527,2,2,0.4,0.2,0.4
528,2,2,0.0,0.2,0.8
529,1,1,0.0,0.6,0.4
530,2,2,0.0,0.0,1.0
531,2,2,0.0,0.4,0.6
532,2,2,0.0,0.2,0.8
533,2,0,0.6,0.2,0.2
534,0,0,0.6,0.2,0.2
535,2,2,0.0,0.2,0.8
536,2,2,0.0,0.2,0.8
537,2,2,0.2,0.0,0.8
538,0,0,0.75,0.0,0.25
539,2,0,0.4,0.4,0.2
540,2,2,0.0,0.2,0.8
541,1,1,0.0,0.8,0.2
542,1,1,0.0,0.8,0.2
543,1,1,0.0,1.0,0.0
544,0,0,0.8,0.2,0.0
545,0,0,0.6,0.2,0.2
546,0,0,0.6,0.0,0.4
547,2,2,0.2,0.0,0.8
548,2,2,0.0,0.2,0.8
549,2,2,0.2,0.0,0.8
550,2,2,0.4,0.2,0.4
551,0,0,0.8,0.2,0.0
552,2,2,0.0,0.0,1.0
553,2,2,0.0,0.2,0.8
554,1,1,0.0,0.8,0.2
555,0,0,1.0,0.0,0.0
556,2,2,0.0,0.2,0.8
557,2,2,0.2,0.2,0.6
558,2,2,0.0,0.2,0.8
559,1,1,0.2,0.8,0.0
560,2,2,0.0,0.2,0.8
561,2,2,0.0,0.2,0.8
562,1,2,0.0,0.4,0.6
563,1,1,0.0,0.8,0.2
564,1,1,0.0,0.6,0.4
565,2,2,0.2,0.0,0.8
566,0,0,1.0,0.0,0.0
567,2,2,0.0,0.2,0.8
568,2,2,0.2,0.2,0.6
569,2,2,0.2,0.0,0.8
570,2,2,0.2,0.2,0.6
571,0,0,0.8,0.2,0.0
572,2,2,0.0,0.2,0.8
573,2,2,0.0,0.0,1.0
574,2,2,0.0,0.2,0.8
575,1,1,0.0,1.0,0.0
576,2,2,0.0,0.2,0.8
577,1,2,0.0,0.2,0.8
578,2,2,0.4,0.2,0.4
579,1,1,0.0,0.6,0.4
580,2,0,0.6,0.0,0.4
581,2,2,0.0,0.2,0.8
582,2,2,0.4,0.0,0.6
583,1,1,0.2,0.8,0.0
584,2,0,0.8,0.2,0.0
585,2,2,0.4,0.0,0.6
586,2,0,0.8,0.0,0.2
587,2,2,0.0,0.0,1.0
588,2,2,0.0,0.2,0.8
589,2,2,0.2,0.2,0.6
590,2,2,0.2,0.2,0.6
591,1,1,0.0,0.6,0.4
592,2,2,0.0,0.0,1.0
593,1,1,0.0,1.0,0.0
594,1,1,0.0,1.0,0.0
595,1,2,0.0,0.2,0.8
596,1,2,0.0,0.4,0.6
597,2,2,0.0,0.4,0.6
598,1,1,0.0,0.8,0.2
599,1,1,0.0,1.0,0.0
600,1,1,0.0,1.0,0.0
601,2,2,0.2,0.0,0.8
602,2,0,0.4,0.2,0.4
603,2,2,0.0,0.2,0.8
604,2,2,0.0,0.4,0.6
605,0,0,0.8,0.0,0.2
606,2,2,0.2,0.2,0.6
607,2,2,0.2,0.0,0.8
608,2,2,0.0,0.2,0.8
609,2,2,0.2,0.2,0.6
610,1,1,0.2,0.6,0.2
611,1,2,0.0,0.4,0.6
612,2,2,0.0,0.2,0.8
613,2,2,0.2,0.2,0.6
614,2,2,0.4,0.0,0.6
615,0,0,0.8,0.2,0.0
616,1,1,0.0,0.8,0.2
617,1,1,0.0,0.6,0.4
618,2,2,0.4,0.0,0.6
619,1,1,0.0,0.8,0.2
620,1,2,0.0,0.4,0.6
621,2,1,0.2,0.4,0.4
622,2,2,0.0,0.2,0.8
623,2,2,0.4,0.0,0.6
624,1,1,0.0,1.0,0.0
625,2,2,0.0,0.2,0.8
626,0,0,0.8,0.2,0.0
627,1,2,0.0,0.4,0.6
628,1,1,0.0,0.8,0.2
629,1,2,0.0,0.2,0.8
630,1,1,0.0,0.8,0.2
631,0,0,0.8,0.0,0.2
632,2,2,0.0,0.2,0.8
633,1,1,0.0,0.8,0.2
634,1,1,0.0,0.6,0.4
635,2,2,0.2,0.0,0.8
636,2,2,0.4,0.0,0.6
637,2,0,0.5,0.0,0.5
638,2,2,0.0,0.2,0.8
639,2,0,0.6,0.0,0.4
640,2,2,0.0,0.0,1.0
641,2,2,0.0,0.0,1.0
642,2,2,0.2,0.2,0.6
643,2,2,0.4,0.0,0.6
644,2,2,0.2,0.0,0.8
645,2,0,0.6,0.0,0.4
646,1,1,0.0,1.0,0.0
647,1,1,0.0,0.6,0.4
648,2,2,0.0,0.2,0.8
649,0,0,0.8,0.2,0.0
650,2,2,0.0,0.0,1.0
651,1,1,0.0,0.8,0.2
652,1,2,0.0,0.4,0.6
653,1,1,0.0,0.6,0.4
654,2,2,0.0,0.4,0.6
655,0,0,0.6,0.2,0.2
656,1,1,0.0,0.8,0.2
657,2,2,0.0,0.0,1.0
658,1,1,0.0,0.8,0.2
659,2,2,0.0,0.2,0.8
660,0,0,0.8,0.2,0.0
661,2,2,0.0,0.2,0.8
662,1,1,0.0,1.0,0.0
663,1,1,0.0,1.0,0.0
664,1,2,0.0,0.4,0.6
665,2,2,0.0,0.2,0.8
666,1,1,0.0,0.6,0.4
667,2,2,0.2,0.0,0.8
668,2,2,0.0,0.0,1.0
669,1,1,0.0,0.5,0.5
670,1,2,0.0,0.4,0.6
671,2,2,0.0,0.0,1.0
672,1,1,0.0,0.8,0.2
673,1,1,0.0,0.8,0.2
674,1,2,0.0,0.25,0.75
675,2,0,0.6,0.0,0.4
676,2,2,0.0,0.2,0.8
677,2,2,0.0,0.2,0.8
678,1,1,0.0,0.8,0.2
679,1,1,0.0,0.8,0.2
680,2,2,0.2,0.2,0.6
681,2,2,0.4,0.0,0.6
682,2,1,0.0,0.6,0.4
683,2,0,0.4,0.4,0.2
684,0,0,1.0,0.0,0.0
685,0,0,1.0,0.0,0.0
686,1,1,0.0,0.6,0.4
687,2,2,0.0,0.0,1.0
688,0,0,0.4,0.2,0.4
689,2,2,0.0,0.2,0.8
690,2,0,0.6,0.0,0.4
691,2,0,0.8,0.2,0.0
692,1,1,0.0,1.0,0.0
693,2,2,0.0,0.0,1.0
694,2,2,0.0,0.2,0.8
695,2,2,0.2,0.2,0.6
696,2,2,0.0,0.2,0.8
697,1,1,0.0,0.6,0.4
698,1,1,0.0,0.6,0.4
699,1,1,0.0,0.6,0.4
700,2,2,0.0,0.2,0.8
701,2,2,0.0,0.2,0.8
702,1,2,0.0,0.2,0.8
703,1,2,0.0,0.4,0.6
704,1,1,0.0,1.0,0.0
705,1,2,0.0,0.5,0.5
706,2,0,0.8,0.2,0.0
707,2,2,0.0,0.4,0.6
708,2,2,0.0,0.0,1.0
709,0,0,0.8,0.2,0.0
710,1,1,0.0,0.6,0.4
711,2,2,0.0,0.0,1.0
712,2,2,0.0,0.2,0.8
713,2,2,0.0,0.2,0.8
714,2,2,0.0,0.0,1.0
715,2,2,0.0,0.0,1.0
716,2,1,0.0,0.75,0.25
717,1,1,0.0,1.0,0.0
718,1,1,0.0,0.6,0.4
719,1,1,0.0,0.8,0.2
720,2,2,0.2,0.2,0.6
721,1,1,0.0,0.6,0.4
722,2,2,0.2,0.2,0.6
723,1,2,0.0,0.4,0.6
724,1,1,0.0,1.0,0.0
725,0,0,1.0,0.0,0.0
726,2,2,0.0,0.2,0.8
727,2,2,0.0,0.2,0.8
728,2,2,0.2,0.0,0.8
729,2,0,0.4,0.2,0.4
730,2,0,0.6,0.2,0.2
731,2,2,0.0,0.2,0.8
732,1,2,0.0,0.0,1.0
733,1,1,0.0,1.0,0.0
734,2,2,0.0,0.0,1.0
735,1,1,0.2,0.8,0.0
736,0,0,0.8,0.2,0.0
737,2,2,0.2,0.2,0.6
738,1,2,0.0,0.4,0.6
739,1,1,0.0,0.6,0.4
740,2,0,0.6,0.0,0.4
741,2,2,0.0,0.2,0.8
742,2,0,0.4,0.2,0.4
743,0,0,0.8,0.2,0.0
744,2,0,0.8,0.0,0.2
745,2,2,0.4,0.0,0.6
746,1,1,0.0,1.0,0.0
747,2,0,0.6,0.2,0.2
748,1,1,0.0,0.6,0.4
749,2,2,0.0,0.2,0.8
750,1,2,0.0,0.4,0.6
751,2,2,0.0,0.2,0.8
752,2,2,0.0,0.2,0.8
753,2,2,0.0,0.2,0.8
754,2,2,0.4,0.2,0.4
755,2,0,0.4,0.2,0.4
756,2,2,0.4,0.0,0.6
757,1,1,0.0,0.8,0.2
758,1,2,0.0,0.4,0.6
759,0,0,0.8,0.0,0.2
760,2,2,0.2,0.0,0.8
761,2,2,0.0,0.2,0.8
762,2,2,0.0,0.0,1.0
763,1,1,0.0,0.8,0.2
764,2,2,0.0,0.2,0.8
765,1,2,0.0,0.4,0.6
766,2,2,0.4,0.0,0.6
767,2,2,0.0,0.0,1.0
768,1,1,0.0,1.0,0.0
769,2,2,0.0,0.2,0.8
770,2,2,0.0,0.4,0.6
771,1,1,0.0,0.6,0.4
772,2,0,0.8,0.0,0.2
773,2,2,0.0,0.2,0.8
774,2,2,0.0,0.0,1.0
775,2,2,0.0,0.0,1.0
776,2,0,0.6,0.2,0.2
777,2,2,0.0,0.4,0.6
778,2,0,0.6,0.2,0.2
779,2,2,0.0,0.0,1.0
780,2,0,0.6,0.0,0.4
781,0,0,0.8,0.2,0.0
782,1,1,0.0,1.0,0.0
783,2,2,0.4,0.0,0.6
784,1,2,0.0,0.0,1.0
785,2,2,0.0,0.2,0.8
786,2,2,0.4,0.0,0.6
787,1,1,0.0,1.0,0.0
788,2,0,0.6,0.2,0.2
789,0,0,0.8,0.0,0.2
790,2,2,0.4,0.0,0.6
791,1,1,0.0,1.0,0.0
792,2,2,0.0,0.4,0.6
793,2,1,0.2,0.4,0.4
794,1,2,0.0,0.5,0.5
795,1,2,0.0,0.4,0.6
796,2,2,0.0,0.2,0.8
797,2,2,0.0,0.2,0.8
798,2,2,0.2,0.0,0.8
799,2,2,0.2,0.2,0.6
800,0,0,0.8,0.2,0.0
801,2,2,0.4,0.2,0.4
802,1,1,0.0,0.8,0.2
803,1,1,0.0,0.6,0.4
804,0,0,0.6,0.4,0.0
805,1,1,0.0,0.6,0.4
806,2,0,0.4,0.2,0.4
807,2,2,0.0,0.2,0.8
808,2,0,0.8,0.0,0.2
809,2,2,0.0,0.2,0.8
810,2,0,0.6,0.2,0.2
811,2,2,0.0,0.4,0.6
812,2,2,0.0,0.2,0.8
813,0,0,0.6,0.2,0.2
814,2,2,0.2,0.2,0.6
815,1,1,0.0,1.0,0.0
816,2,2,0.0,0.25,0.75
817,1,1,0.0,0.6,0.4
818,0,0,0.8,0.2,0.0
819,1,2,0.0,0.4,0.6
820,2,0,0.4,0.2,0.4
821,2,0,0.6,0.2,0.2
822,1,1,0.0,1.0,0.0
823,2,2,0.0,0.2,0.8
824,1,2,0.0,0.2,0.8
825,2,2,0.0,0.0,1.0
826,2,2,0.0,0.0,1.0
827,2,0,0.8,0.0,0.2
828,2,2,0.4,0.2,0.4
829,1,2,0.0,0.4,0.6
830,2,2,0.0,0.2,0.8
831,1,1,0.0,0.8,0.2
832,2,2,0.0,0.4,0.6
833,2,2,0.4,0.0,0.6
834,2,2,0.0,0.0,1.0
835,2,2,0.0,0.0,1.0
836,2,2,0.2,0.2,0.6
837,1,1,0.0,0.6,0.4
838,1,1,0.0,1.0,0.0
839,2,0,0.4,0.2,0.4
840,0,0,0.6,0.2,0.2
841,1,1,0.0,1.0,0.0
842,1,1,0.0,1.0,0.0
843,2,2,0.2,0.0,0.8
844,0,0,0.8,0.2,0.0
845,2,2,0.0,0.2,0.8
846,1,1,0.0,0.8,0.2
847,2,2,0.0,0.4,0.6
848,1,1,0.0,0.8,0.2
849,1,1,0.0,0.8,0.2
850,1,2,0.0,0.2,0.8
851,0,0,0.8,0.0,0.2
852,2,0,1.0,0.0,0.0
853,2,0,0.6,0.2,0.2
854,2,2,0.0,0.0,1.0
855,2,2,0.2,0.0,0.8
856,1,1,0.0,1.0,0.0
857,2,0,0.6,0.2,0.2
858,2,2,0.0,0.2,0.8
859,2,2,0.0,0.0,1.0
860,2,2,0.2,0.0,0.8
861,2,2,0.0,0.2,0.8
862,2,2,0.0,0.2,0.8
863,1,2,0.2,0.2,0.6
864,2,2,0.0,0.2,0.8
865,1,1,0.0,1.0,0.0
866,1,2,0.0,0.4,0.6
867,2,2,0.2,0.0,0.8
868,1,1,0.0,0.8,0.2
869,1,2,0.0,0.4,0.6
870,1,2,0.0,0.2,0.8
871,2,2,0.0,0.0,1.0
872,2,2,0.0,0.2,0.8
873,2,0,0.8,0.0,0.2
874,1,1,0.0,0.6,0.4
875,2,2,0.2,0.2,0.6
876,1,1,0.0,0.6,0.4
877,0,0,0.8,0.0,0.2
878,2,2,0.0,0.2,0.8
879,1,1,0.0,0.6,0.4
880,2,2,0.2,0.2,0.6
881,1,2,0.0,0.4,0.6
882,2,2,0.2,0.0,0.8
883,0,0,0.6,0.2,0.2
884,2,2,0.0,0.2,0.8
885,0,0,1.0,0.0,0.0
886,2,0,1.0,0.0,0.0
887,2,1,0.0,0.5,0.5
888,1,1,0.0,0.8,0.2
889,0,0,0.8,0.0,0.2
890,2,2,0.4,0.2,0.4
891,1,1,0.0,0.8,0.2
892,2,2,0.0,0.0,1.0
893,1,1,0.0,1.0,0.0
894,1,1,0.0,1.0,0.0
895,2,2,0.2,0.0,0.8
896,0,0,0.8,0.2,0.0
897,2,2,0.2,0.2,0.6
898,2,2,0.0,0.2,0.8
899,2,2,0.2,0.2,0.6
900,1,1,0.0,0.75,0.25
901,2,2,0.0,0.25,0.75
902,2,2,0.0,0.2,0.8
903,0,0,1.0,0.0,0.0
904,0,0,0.8,0.0,0.2
905,2,0,0.8,0.2,0.0
906,1,1,0.0,1.0,0.0
907,2,2,0.0,0.2,0.8
908,0,0,0.8,0.0,0.2
909,2,2,0.0,0.2,0.8
910,2,2,0.4,0.0,0.6
911,1,1,0.0,1.0,0.0
912,2,2,0.2,0.2,0.6
913,2,2,0.2,0.2,0.6
914,1,1,0.0,0.8,0.2
915,1,1,0.0,1.0,0.0
916,1,1,0.0,0.8,0.2
917,0,0,1.0,0.0,0.0
918,2,0,0.8,0.0,0.2
919,1,1,0.0,1.0,0.0
920,2,2,0.0,0.2,0.8
921,2,2,0.4,0.0,0.6
922,2,2,0.0,0.0,1.0
923,2,2,0.0,0.0,1.0
924,1,2,0.0,0.4,0.6
925,2,2,0.2,0.2,0.6
926,2,2,0.2,0.0,0.8
927,2,2,0.4,0.0,0.6
928,2,2,0.2,0.0,0.8
929,2,0,0.4,0.2,0.4
930,1,1,0.0,1.0,0.0
931,2,1,0.0,0.6,0.4
932,1,2,0.0,0.2,0.8
933,1,1,0.0,1.0,0.0
934,1,1,0.0,0.6,0.4
935,2,0,0.5,0.25,0.25
936,0,0,0.4,0.2,0.4
937,2,2,0.0,0.2,0.8
938,1,1,0.0,1.0,0.0
939,1,1,0.0,0.8,0.2
940,1,1,0.0,1.0,0.0
941,0,0,0.6,0.4,0.0
942,2,2,0.0,0.4,0.6
943,2,2,0.0,0.2,0.8
944,1,1,0.0,0.8,0.2
945,2,1,0.0,0.6,0.4
946,1,2,0.2,0.2,0.6
947,1,2,0.0,0.2,0.8
948,1,1,0.0,1.0,0.0
949,1,2,0.0,0.4,0.6
950,0,0,0.6,0.0,0.4
951,2,2,0.2,0.2,0.6
952,1,1,0.0,0.6,0.4
953,1,2,0.0,0.0,1.0
954,0,0,0.6,0.2,0.2
955,1,1,0.0,0.6,0.4
956,2,2,0.0,0.0,1.0
957,2,2,0.2,0.4,0.4
958,2,2,0.0,0.4,0.6
959,2,2,0.0,0.0,1.0
960,2,0,0.4,0.2,0.4
961,2,2,0.4,0.0,0.6
962,0,2,0.4,0.0,0.6
963,0,0,0.8,0.0,0.2
964,2,2,0.2,0.0,0.8
965,1,1,0.0,0.6,0.4
966,0,0,0.8,0.0,0.2
967,2,0,0.6,0.0,0.4
968,1,1,0.2,0.6,0.2
969,0,0,0.4,0.2,0.4
970,2,0,0.6,0.0,0.4
971,1,1,0.0,0.8,0.2
972,1,1,0.0,0.8,0.2
973,2,2,0.0,0.2,0.8
974,1,2,0.0,0.2,0.8
975,2,2,0.0,0.4,0.6
976,2,2,0.4,0.0,0.6
977,2,1,0.2,0.4,0.4
978,1,2,0.0,0.2,0.8
979,2,2,0.0,0.0,1.0
980,1,1,0.0,0.8,0.2
981,1,1,0.0,0.8,0.2
982,2,2,0.2,0.0,0.8
983,1,2,0.0,0.2,0.8
984,2,2,0.5,0.0,0.5
985,1,1,0.0,0.8,0.2
986,2,2,0.2,0.2,0.6
987,1,1,0.0,0.8,0.2
988,1,1,0.0,1.0,0.0
989,2,2,0.0,0.2,0.8
990,2,2,0.0,0.2,0.8
991,1,1,0.2,0.6,0.2
992,1,1,0.0,1.0,0.0
993,2,2,0.4,0.0,0.6
994,0,0,0.8,0.0,0.2
995,2,2,0.2,0.0,0.8
996,2,0,0.8,0.0,0.2
997,2,0,0.8,0.0,0.2
998,2,0,0.6,0.2,0.2
999,1,1,0.0,0.75,0.25
1000,2,2,0.0,0.4,0.6
1001,1,2,0.0,0.2,0.8
1002,1,1,0.0,1.0,0.0
1003,1,2,0.0,0.4,0.6
1004,2,0,0.6,0.0,0.4
1005,1,2,0.0,0.4,0.6
1006,2,2,0.0,0.0,1.0
1007,1,1,0.0,0.8,0.2
1008,0,0,0.6,0.0,0.4
1009,1,1,0.0,0.8,0.2
1010,1,1,0.0,1.0,0.0
1011,1,2,0.0,0.2,0.8
1012,1,2,0.0,0.4,0.6
1013,0,0,0.6,0.0,0.4
1014,2,0,0.6,0.0,0.4
1015,2,0,0.8,0.0,0.2
1016,2,0,0.8,0.0,0.2
1017,2,2,0.4,0.2,0.4
1018,1,1,0.0,0.8,0.2
1019,1,1,0.0,0.6,0.4
1020,2,2,0.0,0.4,0.6
1021,2,2,0.0,0.0,1.0
1022,2,2,0.0,0.0,1.0
1023,0,0,0.8,0.0,0.2
1024,1,1,0.0,0.6,0.4
1025,2,2,0.2,0.0,0.8
1026,2,2,0.4,0.0,0.6
1027,1,1,0.0,0.8,0.2
1028,1,1,0.0,0.8,0.2
1029,1,1,0.0,1.0,0.0
1030,2,2,0.2,0.0,0.8
1031,2,0,0.6,0.2,0.2
1032,2,2,0.0,0.4,0.6
1033,2,2,0.0,0.2,0.8
1034,1,1,0.0,0.6,0.4
1035,0,0,0.8,0.0,0.2
1036,1,2,0.0,0.5,0.5
1037,1,1,0.2,0.4,0.4
1038,2,2,0.0,0.0,1.0
1039,1,2,0.0,0.4,0.6
1040,2,2,0.0,0.0,1.0
1041,2,2,0.0,0.2,0.8
1042,2,2,0.2,0.2,0.6
1043,1,2,0.0,0.4,0.6
1044,2,2,0.0,0.0,1.0
1045,0,0,0.6,0.0,0.4
1046,1,1,0.0,1.0,0.0
1047,2,2,0.0,0.2,0.8
1048,2,0,0.4,0.2,0.4
1049,0,0,0.8,0.2,0.0
1050,0,0,0.6,0.0,0.4
1051,1,1,0.0,0.8,0.2
1052,1,1,0.0,0.6,0.4
1053,2,2,0.2,0.0,0.8
1054,2,2,0.2,0.2,0.6
1055,1,2,0.0,0.4,0.6
1056,0,0,0.6,0.0,0.4
1057,2,2,0.0,0.2,0.8
1058,1,1,0.0,0.8,0.2
1059,2,2,0.0,0.0,1.0
1060,2,2,0.0,0.2,0.8
1061,1,1,0.0,0.8,0.2
1062,1,1,0.0,0.6,0.4
1063,1,1,0.0,0.8,0.2
1064,2,2,0.2,0.0,0.8
1065,2,2,0.0,0.4,0.6
1066,1,1,0.2,0.4,0.4
1067,2,2,0.2,0.2,0.6
1068,2,2,0.0,0.0,1.0
1069,2,2,0.0,0.0,1.0
1070,1,1,0.0,1.0,0.0
1071,1,1,0.0,0.6,0.4
1072,2,2,0.2,0.0,0.8
1073,2,2,0.0,0.2,0.8
1074,2,2,0.0,0.0,1.0
1075,2,2,0.0,0.2,0.8
1076,1,1,0.2,0.8,0.0
1077,1,1,0.0,0.8,0.2
1078,2,2,0.0,0.2,0.8
1079,1,1,0.0,0.8,0.2
1080,0,0,0.8,0.0,0.2
1081,2,2,0.0,0.0,1.0
1082,2,2,0.0,0.2,0.8
1083,2,2,0.0,0.0,1.0
1084,1,1,0.0,0.8,0.2
1085,1,1,0.0,0.8,0.2
1086,1,1,0.0,0.6,0.4
1087,2,2,0.0,0.0,1.0
1088,1,2,0.0,0.4,0.6
1089,0,2,0.2,0.2,0.6
1090,2,2,0.0,0.4,0.6
1091,0,0,0.8,0.0,0.2
1092,2,0,1.0,0.0,0.0
1093,2,2,0.4,0.2,0.4
1094,2,0,0.6,0.4,0.0
1095,2,0,0.4,0.2,0.4
1096,1,1,0.0,0.6,0.4
1097,1,1,0.2,0.6,0.2
1098,1,2,0.0,0.4,0.6
1099,1,2,0.0,0.4,0.6
1100,2,2,0.2,0.0,0.8
1101,0,0,0.6,0.0,0.4
1102,1,2,0.0,0.4,0.6
1103,0,2,0.4,0.2,0.4
1104,1,2,0.0,0.0,1.0
1105,0,0,0.6,0.0,0.4
1106,2,2,0.0,0.0,1.0
1107,1,1,0.0,1.0,0.0
1108,1,1,0.0,0.8,0.2
1109,2,2,0.0,0.2,0.8
1110,2,2,0.0,0.2,0.8
1111,2,2,0.0,0.4,0.6
1112,2,0,0.6,0.2,0.2
1113,2,2,0.4,0.0,0.6
1114,0,0,0.6,0.0,0.4
1115,2,2,0.2,0.2,0.6
1116,1,1,0.0,1.0,0.0
1117,1,1,0.0,1.0,0.0
1118,2,2,0.0,0.4,0.6
1119,2,2,0.2,0.0,0.8
1120,2,2,0.0,0.0,1.0
1121,1,1,0.0,1.0,0.0
1122,2,2,0.0,0.0,1.0
1123,2,2,0.0,0.2,0.8
1124,1,1,0.0,0.8,0.2
1125,0,0,0.6,0.4,0.0
1126,2,2,0.0,0.4,0.6
1127,1,1,0.0,0.8,0.2
1128,1,2,0.0,0.2,0.8
1129,2,2,0.2,0.0,0.8
1130,2,0,0.6,0.0,0.4
1131,1,1,0.0,0.8,0.2
1132,2,2,0.0,0.4,0.6
1133,2,2,0.0,0.0,1.0
1134,2,0,0.4,0.2,0.4
1135,2,2,0.0,0.0,1.0
1136,0,0,0.8,0.2,0.0
1137,2,0,0.6,0.2,0.2
1138,2,2,0.0,0.2,0.8
1139,1,1,0.0,0.8,0.2
1140,2,2,0.0,0.0,1.0
1141,2,2,0.0,0.0,1.0
1142,2,2,0.2,0.0,0.8
1143,1,1,0.0,1.0,0.0
1144,1,2,0.0,0.2,0.8
1145,2,2,0.2,0.0,0.8
1146,2,2,0.0,0.0,1.0
1147,1,1,0.0,0.8,0.2
1148,2,2,0.0,0.4,0.6
1149,2,2,0.4,0.0,0.6
1150,2,0,0.4,0.2,0.4
1151,0,0,0.6,0.0,0.4
1152,2,2,0.4,0.0,0.6
1153,1,2,0.0,0.4,0.6
1154,1,1,0.2,0.6,0.2
1155,1,1,0.0,0.8,0.2
1156,2,2,0.0,0.0,1.0
1157,1,1,0.0,0.8,0.2
1158,1,1,0.0,0.5,0.5
1159,2,2,0.2,0.4,0.4
1160,1,2,0.0,0.5,0.5
1161,1,1,0.0,1.0,0.0
1162,2,2,0.2,0.2,0.6
1163,1,2,0.0,0.2,0.8
1164,0,0,0.8,0.2,0.0
1165,1,1,0.0,0.8,0.2
1166,2,0,0.8,0.0,0.2
1167,2,2,0.0,0.2,0.8
1168,0,0,0.6,0.0,0.4
1169,1,1,0.0,0.6,0.4
1170,2,2,0.2,0.2,0.6
1171,1,1,0.0,1.0,0.0
1172,1,2,0.0,0.2,0.8
1173,2,2,0.4,0.0,0.6
1174,2,2,0.0,0.2,0.8
1175,2,2,0.25,0.25,0.5
1176,1,1,0.0,0.8,0.2
1177,2,2,0.0,0.0,1.0
1178,2,2,0.0,0.0,1.0
1179,2,2,0.0,0.2,0.8
1180,2,0,0.6,0.0,0.4
1181,1,1,0.0,0.6,0.4
1182,2,2,0.0,0.2,0.8
1183,1,1,0.0,0.6,0.4
1184,0,0,0.6,0.0,0.4
1185,1,1,0.0,0.8,0.2
1186,1,1,0.0,1.0,0.0
1187,1,2,0.0,0.4,0.6
1188,0,0,0.6,0.0,0.4
1189,2,0,0.6,0.0,0.4
1190,1,1,0.0,0.8,0.2
1191,2,2,0.2,0.2,0.6
1192,1,1,0.0,1.0,0.0
1193,2,2,0.0,0.2,0.8
1194,2,2,0.0,0.0,1.0
1195,2,2,0.2,0.0,0.8
1196,1,1,0.0,0.8,0.2
1197,2,2,0.0,0.0,1.0
1198,2,2,0.0,0.2,0.8
1199,1,2,0.0,0.2,0.8
1200,2,2,0.0,0.2,0.8
1201,2,2,0.2,0.0,0.8
1202,0,0,0.8,0.0,0.2
1203,2,2,0.0,0.2,0.8
1204,2,2,0.0,0.2,0.8
1205,0,0,0.8,0.2,0.0
1206,0,0,0.8,0.2,0.0
1207,1,1,0.0,0.6,0.4
1208,1,2,0.0,0.4,0.6
1209,1,1,0.0,0.8,0.2
1210,2,2,0.0,0.0,1.0
1211,1,1,0.0,0.8,0.2
1212,2,2,0.0,0.0,1.0
1213,2,2,0.0,0.0,1.0
1214,2,2,0.0,0.2,0.8
1215,2,2,0.0,0.0,1.0
1216,2,2,0.0,0.4,0.6
1217,2,2,0.0,0.4,0.6
1218,1,2,0.2,0.2,0.6
1219,2,2,0.0,0.0,1.0
1220,1,1,0.0,1.0,0.0
1221,1,1,0.0,0.6,0.4
1222,1,1,0.0,0.8,0.2
1223,0,0,0.8,0.0,0.2
1224,0,0,0.8,0.0,0.2
1225,2,2,0.0,0.2,0.8
1226,1,2,0.0,0.4,0.6
1227,2,0,0.6,0.0,0.4
1228,2,2,0.0,0.0,1.0
1229,0,0,0.8,0.0,0.2
1230,1,2,0.0,0.2,0.8
1231,2,2,0.2,0.2,0.6
1232,0,0,0.8,0.2,0.0
1233,1,1,0.0,1.0,0.0
1234,1,2,0.2,0.4,0.4
1235,1,1,0.0,1.0,0.0
1236,2,0,0.6,0.0,0.4
1237,2,2,0.4,0.0,0.6
1238,2,2,0.2,0.0,0.8
1239,2,2,0.0,0.2,0.8
1240,2,2,0.0,0.2,0.8
1241,2,2,0.2,0.2,0.6
1242,1,1,0.0,0.8,0.2
1243,2,2,0.0,0.2,0.8
1244,2,2,0.0,0.2,0.8
1245,1,1,0.0,0.6,0.4
1246,2,2,0.0,0.2,0.8
1247,2,2,0.2,0.2,0.6
1248,1,2,0.0,0.4,0.6
1249,0,0,0.8,0.0,0.2
1250,0,0,0.8,0.0,0.2
1251,1,2,0.0,0.4,0.6
1252,1,2,0.0,0.4,0.6
1253,2,2,0.4,0.0,0.6
1254,1,1,0.0,1.0,0.0
1255,0,0,0.6,0.4,0.0
1256,1,2,0.0,0.4,0.6
1257,2,2,0.0,0.2,0.8
1258,1,1,0.0,0.8,0.2
1259,2,2,0.4,0.0,0.6
1260,2,2,0.2,0.4,0.4
1261,0,0,0.8,0.2,0.0
1262,2,2,0.2,0.2,0.6
1263,2,2,0.2,0.0,0.8
1264,2,2,0.0,0.0,1.0
1265,1,1,0.0,0.6,0.4
1266,2,2,0.0,0.2,0.8
1267,1,1,0.0,0.8,0.2
1268,1,1,0.2,0.6,0.2
1269,2,2,0.4,0.0,0.6
1270,2,2,0.2,0.0,0.8
1271,0,0,0.8,0.0,0.2
1272,2,0,0.6,0.2,0.2
1273,2,2,0.0,0.0,1.0
1274,2,2,0.2,0.4,0.4
1275,2,2,0.0,0.2,0.8
1276,0,0,0.8,0.0,0.2
1277,1,1,0.0,0.8,0.2
1278,1,1,0.0,0.8,0.2
1279,1,2,0.0,0.4,0.6
1280,2,2,0.2,0.0,0.8
1281,2,2,0.0,0.0,1.0
1282,1,1,0.0,0.8,0.2
1283,1,1,0.0,1.0,0.0
1284,1,2,0.0,0.4,0.6
1285,2,0,0.6,0.2,0.2
1286,1,1,0.0,0.6,0.4
1287,0,0,0.75,0.0,0.25
1288,1,1,0.0,0.6,0.4
1289,0,0,0.8,0.0,0.2
1290,2,2,0.4,0.0,0.6
1291,2,2,0.2,0.0,0.8
1292,2,2,0.0,0.4,0.6
1293,1,2,0.0,0.2,0.8
1294,2,2,0.2,0.2,0.6
1295,1,2,0.0,0.4,0.6
1296,2,2,0.2,0.2,0.6
1297,0,0,0.6,0.2,0.2
1298,1,1,0.0,0.8,0.2
1299,1,1,0.0,0.75,0.25
1300,1,1,0.0,0.75,0.25
1301,0,0,0.6,0.2,0.2
1302,1,2,0.2,0.2,0.6
1303,2,2,0.2,0.0,0.8
1304,2,2,0.4,0.0,0.6
1305,1,1,0.0,0.6,0.4
1306,1,1,0.0,0.6,0.4
1307,2,2,0.2,0.0,0.8
1308,2,2,0.2,0.2,0.6
1309,2,2,0.0,0.0,1.0
1310,2,2,0.4,0.0,0.6
1311,1,1,0.0,1.0,0.0
1312,1,2,0.2,0.2,0.6
1313,0,0,0.6,0.2,0.2
1314,2,2,0.0,0.2,0.8
1315,2,2,0.0,0.0,1.0
1316,1,1,0.0,0.8,0.2
1317,2,2,0.4,0.0,0.6
1318,0,0,0.6,0.0,0.4
1319,2,2,0.0,0.0,1.0
1320,2,2,0.0,0.0,1.0
1321,2,2,0.2,0.0,0.8
1322,1,1,0.2,0.8,0.0
1323,2,2,0.0,0.0,1.0
1324,2,2,0.4,0.0,0.6
1325,2,2,0.2,0.2,0.6
1326,1,1,0.0,0.8,0.2
1327,1,2,0.0,0.4,0.6
1328,2,2,0.0,0.0,1.0
1329,2,2,0.2,0.0,0.8
1330,2,2,0.0,0.0,1.0
1331,1,1,0.0,0.6,0.4
1332,1,1,0.0,1.0,0.0
1333,0,0,0.8,0.0,0.2
1334,0,0,0.6,0.0,0.4
1335,1,1,0.0,0.8,0.2
1336,2,2,0.2,0.2,0.6
1337,2,0,0.6,0.0,0.4
1338,0,0,0.8,0.0,0.2
1339,1,2,0.0,0.4,0.6
1340,2,2,0.4,0.0,0.6
1341,2,0,0.8,0.2,0.0
1342,1,1,0.0,0.8,0.2
1343,2,2,0.0,0.2,0.8
1344,0,0,0.8,0.2,0.0
1345,2,2,0.0,0.0,1.0
1346,2,2,0.4,0.0,0.6
1347,1,1,0.0,0.8,0.2
1348,2,2,0.0,0.0,1.0
1349,2,2,0.0,0.0,1.0
1350,1,1,0.0,1.0,0.0
1351,1,1,0.0,0.8,0.2
1352,2,2,0.0,0.25,0.75
1353,2,2,0.0,0.2,0.8
1354,1,2,0.0,0.2,0.8
1355,0,0,0.6,0.0,0.4
1356,0,0,0.8,0.0,0.2
1357,2,2,0.0,0.0,1.0
1358,1,1,0.0,0.8,0.2
1359,1,2,0.0,0.4,0.6
1360,2,2,0.2,0.2,0.6
1361,2,2,0.0,0.0,1.0
1362,1,1,0.0,0.6,0.4
1363,1,1,0.0,0.8,0.2
1364,1,1,0.0,0.8,0.2
1365,2,2,0.0,0.0,1.0
1366,2,2,0.0,0.4,0.6
1367,0,0,0.6,0.2,0.2
1368,2,2,0.0,0.2,0.8
1369,0,0,0.8,0.0,0.2
1370,2,2,0.0,0.2,0.8
1371,0,0,0.8,0.0,0.2
1372,1,1,0.0,0.8,0.2
1373,1,1,0.2,0.6,0.2
1374,2,2,0.2,0.2,0.6
1375,1,2,0.0,0.4,0.6
1376,2,0,0.4,0.2,0.4
1377,1,1,0.0,0.6,0.4
1378,1,1,0.0,0.6,0.4
1379,2,2,0.0,0.4,0.6
1380,2,0,0.6,0.0,0.4
1381,2,2,0.0,0.0,1.0
1382,0,2,0.4,0.0,0.6
1383,2,0,0.6,0.2,0.2
1384,1,1,0.0,1.0,0.0
1385,1,1,0.0,1.0,0.0
1386,0,0,0.6,0.0,0.4
1387,1,2,0.0,0.4,0.6
1388,0,0,0.8,0.0,0.2
1389,1,1,0.0,1.0,0.0
1390,2,2,0.0,0.0,1.0
1391,1,1,0.0,0.8,0.2
1392,2,2,0.0,0.2,0.8
1393,0,0,0.6,0.0,0.4
1394,2,2,0.4,0.2,0.4
1395,1,1,0.2,0.8,0.0
1396,2,2,0.0,0.0,1.0
1397,1,1,0.0,0.6,0.4
1398,1,1,0.0,1.0,0.0
1399,1,1,0.0,0.6,0.4
1400,1,1,0.0,0.6,0.4
1401,1,2,0.0,0.4,0.6
1402,1,1,0.0,0.6,0.4
1403,1,2,0.0,0.2,0.8
1404,2,2,0.0,0.0,1.0
1405,1,1,0.0,0.6,0.4
1406,2,2,0.4,0.2,0.4
1407,2,2,0.4,0.0,0.6
1408,2,2,0.2,0.0,0.8
1409,2,2,0.2,0.0,0.8
1410,2,2,0.2,0.0,0.8
1411,2,2,0.0,0.4,0.6
1412,0,2,0.4,0.0,0.6
1413,2,2,0.2,0.0,0.8
1414,1,1,0.0,1.0,0.0
1415,1,1,0.0,0.8,0.2
1416,0,0,0.8,0.0,0.2
1417,1,2,0.0,0.4,0.6
1418,2,2,0.0,0.4,0.6
1419,2,0,0.8,0.0,0.2
1420,2,2,0.0,0.0,1.0
1421,1,2,0.0,0.4,0.6
1422,2,2,0.4,0.2,0.4
1423,2,2,0.2,0.0,0.8
1424,2,2,0.25,0.0,0.75
1425,1,2,0.0,0.4,0.6
1426,1,2,0.0,0.2,0.8
1427,2,2,0.2,0.2,0.6
1428,2,2,0.0,0.2,0.8
1429,1,2,0.0,0.4,0.6
1430,2,2,0.4,0.0,0.6
1431,2,2,0.4,0.0,0.6
1432,1,1,0.0,0.6,0.4
1433,0,0,0.8,0.0,0.2
1434,1,1,0.0,0.8,0.2
1435,1,1,0.0,0.6,0.4
1436,1,2,0.0,0.2,0.8
1437,1,2,0.0,0.0,1.0
1438,1,1,0.0,0.8,0.2
1439,1,1,0.0,0.8,0.2
1440,0,0,0.6,0.0,0.4
1441,2,2,0.0,0.2,0.8
1442,2,2,0.0,0.4,0.6
1443,1,1,0.0,0.8,0.2
1444,0,0,0.8,0.0,0.2
1445,1,1,0.0,0.6,0.4
1446,2,2,0.0,0.2,0.8
1447,2,2,0.2,0.0,0.8
1448,2,2,0.0,0.2,0.8
1449,2,2,0.2,0.0,0.8
1450,1,2,0.0,0.4,0.6
1451,2,2,0.0,0.2,0.8
1452,0,0,0.8,0.0,0.2
1453,1,1,0.0,0.8,0.2
1454,2,2,0.0,0.0,1.0
1455,2,2,0.0,0.0,1.0
1456,2,2,0.2,0.0,0.8
1457,1,2,0.0,0.25,0.75
1458,2,0,0.6,0.2,0.2
1459,0,0,0.8,0.0,0.2
1460,2,1,0.2,0.4,0.4
1461,2,2,0.2,0.0,0.8
1462,2,2,0.0,0.0,1.0
1463,1,2,0.0,0.4,0.6
1464,2,0,0.6,0.0,0.4
1465,0,0,0.8,0.0,0.2
1466,2,2,0.0,0.2,0.8
1467,2,0,0.8,0.0,0.2
1468,0,0,0.8,0.2,0.0
1469,1,2,0.0,0.4,0.6
1470,2,2,0.4,0.0,0.6
1471,1,1,0.0,0.8,0.2
1472,1,1,0.0,0.6,0.4
1473,2,2,0.0,0.0,1.0
1474,2,2,0.2,0.2,0.6
1475,2,2,0.0,0.2,0.8
1476,2,2,0.4,0.2,0.4
1477,1,1,0.0,0.8,0.2
1478,1,2,0.2,0.4,0.4
1479,2,2,0.0,0.0,1.0
1480,2,2,0.0,0.2,0.8
1481,2,2,0.2,0.2,0.6
1482,1,1,0.0,0.8,0.2
1483,2,2,0.0,0.4,0.6
1484,1,1,0.0,1.0,0.0
1485,1,2,0.0,0.2,0.8
1486,2,2,0.0,0.2,0.8
1487,1,2,0.0,0.4,0.6
1488,2,2,0.2,0.0,0.8
1489,1,1,0.2,0.6,0.2
1490,0,2,0.4,0.0,0.6
1491,1,1,0.0,0.8,0.2
1492,1,1,0.0,0.8,0.2
1493,2,2,0.0,0.0,1.0
1494,1,1,0.0,0.8,0.2
1495,0,0,0.8,0.0,0.2
1496,0,0,0.8,0.0,0.2
1497,2,2,0.0,0.2,0.8
1498,2,0,0.6,0.0,0.4
1499,2,2,0.2,0.2,0.6

