text_id,gold_label,GLAD_label,GLADconf0,GLADconf1,GLADconf2
0,2,2,1.4136064984e-05,5.81145069216e-06,0.999980052484
1,1,2,0.0551916430706,0.462628930933,0.482179425997
2,1,1,5.99068442336e-128,1.0,4.75433345211e-129
3,0,0,0.731154326178,0.062889394942,0.20595627888
4,2,0,0.844481261694,0.017444872373,0.138073865933
5,1,1,3.67403340065e-54,1.0,3.67403340065e-54
6,2,2,0.00111747028052,0.000508355727904,0.998374173992
7,2,2,5.14842228697e-19,9.97203553072e-19,1.0
8,1,2,0.0220985216668,0.168939127616,0.808962350717
9,2,2,0.00115086424045,0.000268262810928,0.998580872949
10,2,0,0.995724515641,0.00117522898974,0.00310025536957
11,2,2,0.121130899006,0.0386830926748,0.840186008319
12,2,2,6.9774985443e-84,1.83591986882e-88,1.0
13,2,2,1.92250905718e-15,6.97224118851e-16,1.0
14,2,2,0.197792501624,0.34489211902,0.457315379356
15,1,1,1.36978053838e-05,0.999963157609,2.31445851761e-05
16,2,2,3.84701986923e-189,1.09172887849e-192,1.0
17,2,2,2.01781452196e-22,1.37683498106e-22,1.0
18,2,0,0.599735191013,0.108054563643,0.292210245344
19,0,0,1.0,6.86798868443e-195,6.86798868443e-195
20,1,2,0.0483060089236,0.262861231086,0.68883275999
21,1,1,1.27663007887e-15,1.0,1.27663007887e-15
22,2,2,0.0249589649539,0.195956960737,0.779084074309
23,1,1,0.195159203326,0.411148392099,0.393692404574
24,2,2,1.44631314977e-22,1.44631314977e-22,1.0
25,1,2,4.11202911707e-13,1.31853182799e-13,0.999999999999
26,2,2,0.183919666932,0.279415247992,0.536665085076
27,0,0,1.0,3.14431590668e-183,4.73315661992e-181
28,1,1,3.90080280729e-53,1.0,3.90080280729e-53
29,1,1,2.29045379101e-46,1.0,2.29045379101e-46
30,1,1,1.65949709974e-177,1.0,9.07208234632e-184
31,0,0,1.0,4.53685907652e-90,9.12652062575e-89
32,1,1,5.86553284756e-06,0.999971748648,2.23858196089e-05
33,1,1,0.0361982027029,0.794167492198,0.169634305099
34,2,2,2.27066955325e-22,3.26709524146e-23,1.0
35,2,0,0.463245408514,0.134800137906,0.40195445358
36,2,2,8.68347962997e-34,8.68347962997e-34,1.0
37,0,0,1.0,8.38459258439e-86,1.77665795862e-84
38,1,1,1.71411707788e-07,0.999999657177,1.71411707788e-07
39,2,2,7.46964263784e-259,7.59783930464e-264,1.0
40,1,2,0.0359979870703,0.210085801136,0.753916211794
41,2,2,4.45570704011e-128,2.22888364558e-129,1.0
42,2,2,2.74494249796e-14,2.74494249796e-14,1.0
43,1,2,9.12652062575e-89,4.53685907652e-90,1.0
44,2,2,2.11282390395e-109,1.0523473589e-110,1.0
45,1,1,8.20611393174e-10,0.999999997203,1.97683211764e-09
46,1,1,6.84720551205e-16,1.0,6.84720551205e-16
47,2,2,2.33907252149e-12,8.29719027298e-12,0.999999999989
48,2,2,1.50185461229e-130,9.24714106491e-132,1.0
49,2,2,2.11282390395e-109,1.0523473589e-110,1.0
50,0,2,0.336178582727,0.0519787819569,0.611842635316
51,2,2,0.0120225757426,0.00485630029418,0.983121123963
52,2,2,0.00369620692899,0.0115436610069,0.984760132064
53,2,2,0.22293028891,0.0901151744326,0.686954536658
54,1,2,3.26711022075e-08,9.52339700365e-13,0.999999967328
55,2,0,0.999999959047,7.55301031606e-09,3.33999630961e-08
56,2,2,1.82592597317e-72,9.18289161033e-74,1.0
57,2,2,5.41116798712e-07,1.85468475481e-07,0.999999273415
58,0,0,1.0,1.50948531677e-237,1.50948531677e-237
59,0,0,1.0,4.90288186419e-32,2.89983859014e-31
60,2,2,0.0991212518583,0.174593802129,0.726284946012
61,2,2,2.74515150369e-21,6.969665007e-21,1.0
62,2,2,4.44697775081e-13,1.93470577696e-12,0.999999999998
63,1,2,0.0273972890167,0.0997967606434,0.87280595034
64,2,2,3.98977586039e-07,1.30604820249e-06,0.999998294974
65,2,2,0.000370192785499,7.72422607033e-05,0.999552564954
66,2,2,0.20285433318,0.123976983661,0.67316868316
67,2,2,3.09206142445e-44,3.09206142445e-44,1.0
68,1,2,0.000935835595432,0.00239016025742,0.996674004147
69,2,0,0.99973821341,0.000194417121021,6.73694692856e-05
70,1,2,0.0632126419148,0.372407966604,0.564379391481
71,2,2,6.13407760117e-114,3.05888704724e-115,1.0
72,1,2,0.0592308857448,0.335675947202,0.605093167053
73,2,0,1.0,0.0,0.0
74,2,2,1.62408311269e-05,6.42017681041e-06,0.999977338992
75,0,0,1.0,4.45570704011e-128,2.22888364558e-129
76,2,2,0.0163240577114,0.130022884989,0.853653057299
77,1,1,0.0562667073305,0.545581473547,0.398151819123
78,0,0,1.0,1.30136272578e-145,5.37525881224e-142
79,2,2,7.12633293156e-59,3.35870027352e-60,1.0
80,2,0,0.999954475929,1.36565659347e-05,3.18675046678e-05
81,1,1,3.32261922141e-13,0.999999999999,9.11270586602e-13
82,0,0,1.0,8.70199971778e-80,1.75095924963e-78
83,1,1,0.0566521082264,0.573383809267,0.369964082507
84,1,2,0.0712057664534,0.429396605572,0.499397627974
85,2,0,0.988456721205,0.000179104632827,0.0113641741623
86,2,2,2.52194846099e-19,7.12805432141e-19,1.0
87,1,1,0.0488609937348,0.573270310704,0.377868695562
88,2,2,4.14995237397e-54,4.14995237397e-54,1.0
89,2,0,0.995169070816,0.000782862385328,0.00404806679843
90,1,1,1.29064315495e-137,1.0,8.16806384609e-139
91,2,2,0.00176232405409,0.0112131422674,0.987024533679
92,1,1,0.0380902611426,0.695209225128,0.266700513729
93,2,2,1.93649418913e-164,5.07975791012e-169,1.0
94,2,2,2.11282390395e-109,1.0523473589e-110,1.0
95,2,2,1.87709065694e-19,1.87709065694e-19,1.0
96,1,1,0.000425844306346,0.99665295925,0.00292119644392
97,2,2,1.56055329071e-48,1.56055329071e-48,1.0
98,2,2,1.06368184561e-284,1.06368184561e-284,1.0
99,1,1,0.0407534391324,0.843056017424,0.116190543444
100,0,0,1.0,5.62708091186e-136,5.62708091186e-136
101,2,2,0.0034669656857,0.000371830215874,0.996161204098
102,1,1,1.13906071934e-08,0.999999977219,1.13906071934e-08
103,2,2,9.12652062575e-89,4.53685907652e-90,1.0
104,2,2,6.0745230234e-53,6.0745230234e-53,1.0
105,1,1,0.010946615259,0.646390249334,0.342663135407
106,1,1,1.83939629218e-11,0.999999999963,1.83939629218e-11
107,2,1,0.0548886550034,0.597780759579,0.347330585417
108,1,1,6.49185008762e-51,1.0,6.49185008762e-51
109,2,2,0.289013119664,0.0422511742915,0.668735706044
110,2,2,4.26986456183e-62,9.80086675222e-67,1.0
111,1,2,0.0466545618414,0.350353924974,0.602991513185
112,0,0,0.996437873865,0.000990129044812,0.00257199709007
113,0,0,1.0,4.89162199423e-59,4.89162199423e-59
114,1,1,1.01380212133e-12,0.999999999998,1.01380212133e-12
115,1,1,1.57432549252e-27,1.0,2.75241700817e-28
116,1,2,0.0137995950323,0.0872181525641,0.898982252404
117,1,1,0.0974425959047,0.463146069437,0.439411334659
118,1,1,3.33443085321e-15,1.0,3.33443085321e-15
119,1,1,9.78577664151e-45,1.0,9.78577664151e-45
120,1,1,0.0197195252212,0.820937526319,0.15934294846
121,1,1,0.000140456356744,0.999023724475,0.000835819168383
122,1,1,0.0477598855137,0.69749891407,0.254741200417
123,1,1,0.0427879718779,0.829955456109,0.127256572013
124,1,2,0.0147874685154,0.101334965657,0.883877565827
125,1,2,0.00735306171827,0.0335145847648,0.959132353517
126,0,0,1.0,2.24584353979e-63,2.24584353979e-63
127,2,2,3.51268548407e-05,2.05742417999e-05,0.999944298903
128,2,2,6.53628839422e-258,6.53628839422e-258,1.0
129,2,2,1.37700129462e-62,1.37700129462e-62,1.0
130,1,1,0.0107841566792,0.917991376356,0.071224466965
131,2,2,2.3930927522e-22,9.85344015948e-23,1.0
132,1,1,0.0331386820372,0.852076637967,0.114784679996
133,2,2,2.23143510921e-20,8.52677511178e-20,1.0
134,2,2,2.69292835028e-195,9.72634686114e-195,1.0
135,2,2,3.31292238908e-06,6.73205906524e-07,0.999996013872
136,2,2,3.15937717509e-164,2.06816734093e-165,1.0
137,0,0,0.988689798377,0.00316240364551,0.00814779797725
138,1,1,0.0433938020449,0.672237390568,0.284368807387
139,2,2,7.72046113987e-21,7.72046113987e-21,1.0
140,2,2,3.42438340303e-09,8.25390251908e-09,0.999999988322
141,2,2,3.89466455855e-198,3.17654874955e-201,1.0
142,0,0,1.0,8.32747536008e-199,7.19988088229e-198
143,1,1,4.89162199423e-59,1.0,4.89162199423e-59
144,0,0,1.0,3.29107042761e-18,9.18308744668e-18
145,2,2,9.45059520501e-07,2.03349117264e-07,0.999998851591
146,1,1,2.17240281065e-08,0.999999886395,9.18808697324e-08
147,1,1,2.74494249796e-14,1.0,2.74494249796e-14
148,0,0,1.0,4.76813290426e-130,3.69633024081e-129
149,1,1,0.0113142139422,0.929393223373,0.0592925626848
150,1,2,7.67868939847e-44,3.62567143578e-45,1.0
151,2,0,0.542621219362,0.123853052425,0.333525728212
152,0,0,1.0,1.0523473589e-110,2.11282390395e-109
153,1,1,0.0489784307195,0.625261584868,0.325759984413
154,2,2,1.78494374217e-13,1.78494374217e-13,1.0
155,2,0,0.510461295491,0.138989590329,0.35054911418
156,2,2,6.63324206751e-50,6.63324206751e-50,1.0
157,2,0,0.872734385087,0.0401342953226,0.0871313195902
158,2,2,0.00366847362475,0.00103481463883,0.995296711736
159,2,2,4.31108649255e-08,1.08312148553e-08,0.999999946058
160,2,2,0.423980827105,0.133472063271,0.442547109624
161,1,1,0.000629616612984,0.995925944189,0.00344443919834
162,0,0,1.0,3.86135239282e-133,4.40417421739e-132
163,2,2,0.0200039603944,0.010792550445,0.969203489161
164,1,1,1.35264013071e-07,0.999999729472,1.35264013071e-07
165,2,2,1.39272865096e-39,6.58221154718e-78,1.0
166,1,2,0.0203486513959,0.0631355737329,0.916515774871
167,1,1,2.35090921992e-06,0.999988054635,9.59445537543e-06
168,2,0,0.999310557097,0.000214476091286,0.000474966811477
169,0,0,1.0,4.02825838287e-128,5.22042495519e-127
170,0,0,1.0,3.5749550797e-53,7.10026705757e-52
171,0,0,0.872734385087,0.0401342953226,0.0871313195902
172,1,2,0.000676690483457,0.00589859232551,0.993424717191
173,2,2,1.77570598686e-13,1.77570598686e-13,1.0
174,2,2,1.34352375329e-05,7.48447256009e-05,0.999911720037
175,2,2,2.96645939352e-15,5.90370030742e-15,1.0
176,0,0,1.0,1.58398052512e-47,1.71853439776e-41
177,2,2,1.75095924963e-78,8.70199971778e-80,1.0
178,2,2,3.09735391116e-16,1.11574712497e-16,1.0
179,0,0,1.0,1.00863674511e-19,2.73853155607e-19
180,0,0,1.0,2.22888364558e-129,4.45570704011e-128
181,2,2,0.385844755884,0.170694384318,0.443460859798
182,1,1,0.0325120354392,0.855513530032,0.111974434528
183,1,1,0.00152469806686,0.993298371174,0.00517693075944
184,2,2,6.0745230234e-53,6.0745230234e-53,1.0
185,1,1,0.0472214967465,0.640774290123,0.31200421313
186,1,1,7.70045772496e-06,0.999963317709,2.89818331835e-05
187,1,2,0.0446192290988,0.285150253388,0.670230517513
188,1,1,0.0584429589787,0.644432287886,0.297124753135
189,1,1,0.0536544880875,0.578905283094,0.367440228819
190,2,0,0.991482690123,0.000850917416433,0.00766639246075
191,1,2,7.55301031606e-09,3.33999630961e-08,0.999999959047
192,2,0,0.67921911271,0.0407949227872,0.279985964503
193,1,1,1.90502133237e-197,1.0,5.93084558232e-252
194,1,2,0.0204101506059,0.171858940741,0.807730908653
195,2,2,1.22963621123e-11,1.98281754076e-11,0.999999999968
196,2,0,0.805754375587,0.0489570946854,0.145288529728
197,1,2,4.45570704011e-128,2.22888364558e-129,1.0
198,2,2,2.68107763425e-147,2.68107763425e-147,1.0
199,1,1,8.03282649629e-40,1.0,8.03282649629e-40
200,1,1,8.24177182867e-08,0.999999835165,8.24177182867e-08
201,2,2,1.54989602622e-53,1.54989602622e-53,1.0
202,1,2,2.71278449471e-24,1.85115739768e-24,1.0
203,2,2,6.913015933e-06,6.913015933e-06,0.999986173968
204,0,0,0.578864717728,0.118332959311,0.30280232296
205,0,0,0.996492578914,0.000624733687213,0.00288268739872
206,2,0,0.966442477135,0.0160485443741,0.017508978491
207,2,2,1.18377895498e-79,2.75439852835e-84,1.0
208,2,2,2.11282390395e-109,1.0523473589e-110,1.0
209,2,0,1.0,9.57622619876e-24,2.50665404212e-23
210,1,1,0.0339336152406,0.879767647831,0.0862987369283
211,0,0,1.0,8.74386631359e-109,1.75178711423e-107
212,1,1,5.37525881224e-142,1.0,1.30136272578e-145
213,2,2,0.00682386163275,0.0340697540255,0.959106384342
214,2,2,0.0973651702882,0.0253406381434,0.877294191568
215,2,2,5.73757558573e-27,2.40164503219e-27,1.0
216,1,2,7.66124639866e-12,1.94453206581e-11,0.999999999973
217,2,2,6.11696292158e-05,1.49473894376e-05,0.999923882981
218,1,1,0.0503442308162,0.623689729024,0.325966040159
219,2,2,2.09579544626e-11,8.70440230914e-12,0.99999999997
220,1,1,0.013878704933,0.891227245305,0.0948940497617
221,2,0,0.632385374377,0.0451328861861,0.322481739437
222,1,1,0.049489132001,0.613511228967,0.336999639032
223,2,2,1.18927801309e-58,6.48198660451e-63,1.0
224,2,2,0.0,0.0,1.0
225,2,2,1.77665795862e-84,8.38459258439e-86,1.0
226,1,1,0.0256077534542,0.864719524468,0.109672722078
227,1,1,7.73730724072e-12,0.999999999985,7.73730724072e-12
228,2,2,1.75708965604e-09,1.75708965604e-09,0.999999996486
229,1,2,0.0254637405055,0.189390565783,0.785145693711
230,1,1,0.053159064565,0.567544831632,0.379296103803
231,1,1,1.27157793523e-148,1.0,1.27157793523e-148
232,2,2,1.27293760439e-65,2.82721066334e-67,1.0
233,2,2,0.141610193522,0.0376182283616,0.820771578117
234,1,2,1.25850037883e-24,3.40047717699e-24,1.0
235,1,1,2.04393500572e-14,1.0,2.04393500572e-14
236,2,2,3.25645230454e-18,3.25645230454e-18,1.0
237,0,0,1.0,8.82170769864e-52,8.82170769864e-52
238,1,2,2.71278449471e-24,1.85115739768e-24,1.0
239,2,0,0.919181081713,0.0088708135983,0.0719481046882
240,1,1,3.33443085321e-15,1.0,3.33443085321e-15
241,2,2,0.000362898982189,0.00091846516288,0.998718635855
242,2,2,3.71663210651e-247,3.21266005736e-250,1.0
243,0,0,0.970704438971,0.00842519267761,0.0208703683514
244,2,2,1.16802102474e-40,1.16802102474e-40,1.0
245,1,1,0.175755275173,0.490787463262,0.333457261565
246,0,0,1.0,3.00865820199e-104,6.03506815343e-103
247,2,2,3.44387769465e-05,1.27818466149e-05,0.999952779376
248,1,1,0.000351340150569,0.996712978478,0.00293568137132
249,2,2,7.46964263784e-259,7.59783930464e-264,1.0
250,2,0,0.469328284054,0.139804205223,0.390867510723
251,1,1,1.05752652084e-15,1.0,1.05752652084e-15
252,2,2,9.6131274002e-22,9.6131274002e-22,1.0
253,1,1,0.0441004197155,0.668366871903,0.287532708381
254,2,2,0.0210780978361,0.0275427429951,0.951379159169
255,2,2,0.343764637338,0.0501427867388,0.606092575924
256,1,1,3.55376537389e-174,1.0,3.15197373079e-175
257,1,1,1.28116582448e-57,1.0,1.28116582448e-57
258,2,0,0.593785400752,0.0520322517184,0.354182347529
259,2,2,8.79475734561e-97,3.27604890742e-53,1.0
260,1,1,5.28810746536e-08,0.999999894238,5.28810746536e-08
261,1,1,2.16075109928e-15,1.0,2.16075109928e-15
262,1,1,2.61225519819e-12,0.999999999995,2.61225519819e-12
263,1,1,5.70899705095e-197,1.0,6.14850285826e-198
264,1,1,1.2223126695e-07,0.999999607689,2.70079743109e-07
265,0,0,1.0,3.33501140845e-24,1.31453921603e-24
266,2,2,1.12815051087e-06,2.63312599353e-06,0.999996238723
267,1,1,2.23080365725e-17,1.0,2.23080365725e-17
268,1,1,7.84223168882e-12,0.999999999984,7.84223168882e-12
269,1,1,0.0303219214767,0.859943032864,0.109735045659
270,2,2,4.45570704011e-128,2.22888364558e-129,1.0
271,1,1,0.062200324032,0.590452283644,0.347347392324
272,2,2,6.13407760117e-114,3.05888704724e-115,1.0
273,2,2,1.33656945889e-07,3.14994446074e-08,0.999999834844
274,2,2,0.00023211234063,5.06871685071e-05,0.999717200491
275,1,2,4.40416950712e-193,4.66500724702e-194,1.0
276,2,2,1.86464226305e-53,1.86464226305e-53,1.0
277,1,2,0.0535448954576,0.354550859233,0.591904245309
278,2,2,0.0847610973754,0.0117663360008,0.903472566624
279,1,1,2.10136660865e-59,1.0,2.10136660865e-59
280,2,0,0.999999573577,7.70177422154e-08,3.4940502025e-07
281,0,0,1.0,1.52185740411e-293,1.52185740411e-293
282,1,1,2.06533730212e-06,0.999990907688,7.02697515261e-06
283,2,2,1.77707570899e-105,8.8767760764e-107,1.0
284,0,0,1.0,3.06347411062e-18,8.0170597899e-19
285,2,0,0.413337786374,0.34885976527,0.237802448356
286,1,1,0.0234610731089,0.795959527807,0.180579399084
287,1,1,0.0517871950148,0.598897499947,0.349315305038
288,0,0,0.999977338992,6.42017681041e-06,1.62408311269e-05
289,2,2,0.243052598659,0.0275554441867,0.729391957154
290,2,2,1.81802036338e-07,4.21600850827e-07,0.999999396597
291,1,1,1.14832498042e-25,1.0,2.52767985441e-39
292,2,2,3.26336266432e-33,7.75512459184e-20,1.0
293,2,0,0.998244260049,0.000301945947657,0.00145379400371
294,2,2,1.06490991676e-89,1.22595489996e-92,1.0
295,0,0,1.0,2.58066394467e-163,6.06238930702e-170
296,2,2,0.00515359335037,0.00103199558213,0.993814411067
297,1,1,2.16952482401e-08,0.99999995661,2.16952482401e-08
298,1,1,4.12984031674e-05,0.999595319508,0.000363382088545
299,2,2,6.969665007e-21,2.74515150369e-21,1.0
300,2,2,0.0621686103224,0.0114816000874,0.92634978959
301,1,2,0.0334377678492,0.225274116017,0.741288116133
302,2,2,1.37874194476e-12,6.26744700699e-13,0.999999999998
303,1,1,2.2149051822e-49,1.0,2.2149051822e-49
304,1,1,1.02436899059e-147,1.0,1.02436899059e-147
305,1,1,0.0376710477067,0.722149773015,0.240179179278
306,0,0,1.0,2.89899386917e-200,2.89899386917e-200
307,1,1,1.01884832803e-06,0.999994068881,4.91227065391e-06
308,2,0,0.999739249282,3.68201513799e-05,0.000223930566788
309,0,0,1.0,2.04283381077e-242,1.98793487163e-237
310,2,2,0.206087265214,0.130955079908,0.662957654878
311,0,0,1.0,1.34495334538e-104,1.50287841317e-100
312,2,2,0.0057705539802,0.00050230372903,0.993727142291
313,1,1,1.30236217119e-212,1.0,1.30236217119e-212
314,1,1,2.6323978268e-29,1.0,6.48296437546e-29
315,2,1,2.20646160929e-12,0.999999999996,2.20646160929e-12
316,1,1,2.04393500572e-14,1.0,2.04393500572e-14
317,2,2,1.49775475614e-13,1.49775475614e-13,1.0
318,2,0,0.972815398127,0.00258583912233,0.0245987627509
319,2,2,0.0368887064071,0.120509233761,0.842602059832
320,2,2,2.1288740701e-09,1.31399508678e-09,0.999999996557
321,1,1,0.0167363492206,0.869316951565,0.113946699215
322,2,2,4.45570704011e-128,2.22888364558e-129,1.0
323,2,2,0.321993802607,0.0494261197466,0.628580077646
324,0,0,1.0,1.07589592588e-18,1.07589592588e-18
325,2,2,0.312114017243,0.128900151383,0.558985831374
326,2,2,3.18499912342e-24,3.18499912342e-24,1.0
327,2,0,1.0,6.51820242926e-117,1.30612386105e-115
328,1,2,0.052983766483,0.378280945287,0.56873528823
329,2,2,0.000120504601745,2.09921676068e-05,0.999858503231
330,2,0,0.87642192068,0.017220552421,0.106357526899
331,2,2,0.146537527682,0.393806555934,0.459655916384
332,2,2,0.154815508493,0.376596850951,0.468587640557
333,2,2,3.19922711631e-07,7.029220171e-06,0.999992650857
334,0,2,0.3408967416,0.0508580613987,0.608245197001
335,2,2,5.8207142511e-55,5.8207142511e-55,1.0
336,1,1,1.66744888925e-06,0.999992339167,5.99338446787e-06
337,1,1,1.31399508678e-09,0.999999996557,2.1288740701e-09
338,1,1,8.03282649629e-40,1.0,8.03282649629e-40
339,2,2,9.65261272661e-05,0.0019693466819,0.997934127191
340,2,0,0.453869375006,0.134993254224,0.41113737077
341,2,2,1.54966510232e-168,2.60688569043e-170,1.0
342,1,1,6.7449866682e-13,0.999999999998,1.5796266723e-12
343,2,2,3.14771855561e-05,4.32693301922e-06,0.999964195881
344,0,0,1.0,4.44897762123e-143,2.68370181058e-141
345,2,2,2.11282390395e-109,1.0523473589e-110,1.0
346,2,2,1.08447313409e-06,5.54153233859e-06,0.999993373995
347,2,0,0.691877551064,0.0397842410998,0.268338207836
348,1,1,6.14118423835e-17,1.0,4.19087856422e-17
349,1,1,0.0120975312391,0.870905366491,0.11699710227
350,2,2,0.338426695176,0.0490021676263,0.612571137198
351,2,2,9.19321977254e-128,1.70479507314e-131,1.0
352,1,1,2.75903065151e-51,1.0,2.75903065151e-51
353,1,1,3.82547270738e-11,0.999999999923,3.82547270738e-11
354,2,0,0.999426517833,5.93384907348e-05,0.000514143676165
355,2,2,3.33443085321e-15,3.33443085321e-15,1.0
356,2,2,4.36832855118e-22,4.36832855118e-22,1.0
357,0,0,0.999985111498,2.92296307695e-06,1.19655393394e-05
358,1,2,0.0626773312185,0.349889408784,0.587433259998
359,1,2,0.0026045029207,0.0251061328374,0.972289364242
360,2,2,8.06201532877e-06,3.34769780294e-06,0.999988590287
361,1,2,0.038877513952,0.227059886914,0.734062599134
362,1,2,2.71278449471e-24,1.85115739768e-24,1.0
363,1,1,1.01380212133e-12,0.999999999998,1.01380212133e-12
364,1,2,0.0445670211631,0.292906107564,0.662526871273
365,2,2,1.52406150152e-09,6.40815865353e-09,0.999999992068
366,0,0,1.0,3.90080280729e-53,3.90080280729e-53
367,1,1,2.42831643155e-05,0.999755583804,0.000220133031516
368,1,1,9.45261977364e-11,0.999999999633,2.72408582353e-10
369,2,1,0.0274581419709,0.789600048518,0.182941809511
370,2,2,1.01372945522e-146,1.01372945522e-146,1.0
371,2,2,2.63030806222e-171,2.52245721793e-173,1.0
372,2,2,5.53240819498e-05,6.72331073279e-06,0.999937952607
373,1,2,0.0284249476502,0.217806964882,0.753768087468
374,1,1,5.85592928565e-68,1.0,2.88872955618e-69
375,2,0,0.426609698579,0.164572346912,0.408817954509
376,1,1,2.04393500572e-14,1.0,2.04393500572e-14
377,1,2,0.000102480489788,0.000483495768051,0.999414023742
378,2,0,0.682962294799,0.042024054774,0.275013650427
379,1,1,1.27663007887e-15,1.0,1.27663007887e-15
380,2,2,2.95698432383e-72,1.96712851531e-108,1.0
381,2,2,0.187830263185,0.117337779143,0.694831957673
382,2,2,1.33035500227e-130,6.64671728127e-132,1.0
383,1,2,0.000237220422139,0.00101402986604,0.998748749712
384,1,1,2.8529410504e-06,0.999978253034,1.88940245633e-05
385,0,0,1.0,1.98406043943e-100,3.98452819357e-99
386,1,2,0.114400017713,0.285564426314,0.600035555973
387,2,1,2.28758650117e-10,0.999999999399,3.71946934212e-10
388,2,2,6.35946398043e-05,1.44077452701e-05,0.999921997615
389,2,2,0.266395181919,0.0407596948526,0.692845123228
390,1,1,0.0507881445595,0.60295993206,0.34625192338
391,0,0,1.0,2.22888364558e-129,4.45570704011e-128
392,2,0,0.453869375006,0.134993254224,0.41113737077
393,2,2,1.77557625647e-10,4.51914067562e-10,0.999999999371
394,2,2,1.86464226305e-53,1.86464226305e-53,1.0
395,0,0,1.0,2.13754144165e-15,8.16731348132e-15
396,1,1,7.00022027941e-205,1.0,7.63880620039e-206
397,1,1,0.000969585505255,0.995593481906,0.00343693258887
398,2,2,0.00193781871623,0.00109113802061,0.996971043263
399,2,2,3.17497651619e-118,3.65214860858e-121,1.0
400,2,2,3.36966181199e-120,3.36966181199e-120,1.0
401,0,0,1.0,4.23187899581e-196,1.7459588795e-192
402,2,2,6.04958408873e-78,2.85600778237e-79,1.0
403,1,2,0.0679694069796,0.409519054571,0.522511538449
404,0,0,1.0,1.67233070546e-86,2.74925173996e-88
405,1,1,5.83234959938e-68,1.0,1.99175845044e-69
406,2,2,0.000342534455701,0.00119074125442,0.99846672429
407,1,1,1.59738355894e-231,1.0,1.59738355894e-231
408,2,2,1.03619127135e-45,1.03619127135e-45,1.0
409,2,2,3.60665678902e-307,0.0,1.0
410,2,2,0.0848961780982,0.0206355843349,0.894468237567
411,1,1,0.0154187561841,0.849202896668,0.135378347148
412,2,1,0.0582051942914,0.536973986765,0.404820818944
413,2,2,8.26488855368e-10,8.26488855368e-10,0.999999998347
414,1,2,0.000676690483457,0.00589859232551,0.993424717191
415,2,2,2.26857325827e-287,2.26857325827e-287,1.0
416,2,2,3.18499912342e-24,3.18499912342e-24,1.0
417,1,1,1.73748535288e-298,1.0,1.73748535288e-298
418,2,0,0.999907111711,1.46372885548e-05,7.82510003759e-05
419,1,2,4.89162199423e-59,4.89162199423e-59,1.0
420,2,2,4.45570704011e-128,2.22888364558e-129,1.0
421,0,0,1.0,1.30612386105e-115,6.51820242926e-117
422,1,1,0.0567642616696,0.522615945013,0.420619793318
423,1,1,1.21713635871e-13,1.0,9.71185051207e-14
424,1,1,1.5890072076e-241,1.0,1.5890072076e-241
425,1,1,1.05752652084e-15,1.0,1.05752652084e-15
426,1,1,2.30782704845e-96,1.0,5.41116182106e-97
427,1,1,1.83086089954e-12,0.999999999995,2.96758624489e-12
428,1,2,0.0496017325495,0.36718201476,0.58321625269
429,1,1,0.00647264539853,0.960700060013,0.0328272945887
430,1,1,1.05752652084e-15,1.0,1.05752652084e-15
431,0,0,1.0,5.48160679847e-40,5.48160679847e-40
432,0,0,1.0,2.22888364558e-129,4.45570704011e-128
433,1,1,0.00732831844989,0.979049850722,0.0136218308283
434,2,2,1.63468216895e-09,4.12175882069e-10,0.999999997953
435,2,2,3.7292011775e-07,8.1461892252e-08,0.999999545618
436,2,2,0.0336471532351,0.00320392951188,0.963148917253
437,2,2,3.72325723348e-106,5.14095977506e-80,1.0
438,1,1,4.0018139934e-13,0.999999999999,5.73008175042e-13
439,0,2,0.268030552028,0.053247430168,0.678722017804
440,1,1,0.0325120354392,0.855513530032,0.111974434528
441,2,2,1.54362428423e-18,3.32081650367e-19,1.0
442,2,2,1.03021186737e-05,2.57871642335e-06,0.999987119165
443,1,1,2.04393500572e-14,1.0,2.04393500572e-14
444,2,0,0.991132972462,0.00133399152574,0.00753303601257
445,2,2,1.88600811972e-83,6.1847016967e-85,1.0
446,2,0,0.492243357869,0.137132076794,0.370624565337
447,2,2,2.44430981787e-45,5.14474154078e-43,1.0
448,2,2,6.05671107816e-07,1.30713024576e-07,0.999999263616
449,2,2,0.425036353901,0.134550797537,0.440412848562
450,1,1,0.0601218635535,0.662008266212,0.277869870235
451,1,2,0.00493341052589,0.0190172914035,0.976049298071
452,1,1,5.70899705095e-197,1.0,6.14850285826e-198
453,1,1,2.40164503219e-27,1.0,5.73757558573e-27
454,1,1,0.000836166186365,0.995966961352,0.003196872462
455,2,2,2.33478497759e-56,2.33478497759e-56,1.0
456,2,1,3.27648148289e-05,0.999849829999,0.000117405186296
457,0,0,1.0,1.0523473589e-110,2.11282390395e-109
458,2,0,0.933372702527,0.0199890496615,0.0466382478115
459,2,2,0.0002958029972,6.43014515491e-05,0.999639895551
460,2,0,0.999987698099,3.50682665354e-06,8.79507475256e-06
461,2,0,0.885776895185,0.0259108434308,0.0883122613842
462,1,2,7.12633293156e-59,3.35870027352e-60,1.0
463,2,2,2.23023304072e-16,7.72002724296e-17,1.0
464,2,2,2.04393500572e-14,2.04393500572e-14,1.0
465,2,2,3.70845944987e-05,8.08246237373e-06,0.999954832943
466,2,2,5.13651808929e-86,2.41650120519e-87,1.0
467,2,0,0.467807893757,0.360052906327,0.172139199916
468,2,2,2.37035731428e-179,6.14725626574e-184,1.0
469,1,2,2.71278449471e-24,1.85115739768e-24,1.0
470,1,2,2.71278449471e-24,1.85115739768e-24,1.0
471,2,2,1.40522033261e-50,1.40522033261e-50,1.0
472,2,2,1.77665795862e-84,8.38459258439e-86,1.0
473,2,2,5.70899705095e-197,6.14850285826e-198,1.0
474,0,0,1.0,3.05888704724e-115,6.13407760117e-114
475,1,1,6.93637253855e-48,1.0,6.93637253855e-48
476,1,2,0.000572913553635,0.0026744869632,0.996752599483
477,2,2,1.83960621911e-105,9.16072183094e-107,1.0
478,0,0,1.0,3.05888704724e-115,6.13407760117e-114
479,2,2,8.62194162005e-175,8.62194162005e-175,1.0
480,2,2,9.34234158836e-06,3.47925975276e-05,0.999955865061
481,2,2,0.00708645804569,0.00136931908528,0.991544222869
482,2,2,1.16802102474e-40,1.16802102474e-40,1.0
483,2,0,0.992568125985,0.000752292401583,0.00667958161332
484,2,2,0.276892244887,0.102116788459,0.620990966654
485,1,1,0.0143684037591,0.938881626444,0.0467499697966
486,2,2,1.75178711423e-107,8.74386631359e-109,1.0
487,2,2,0.0012894677669,0.000639475114254,0.998071057119
488,2,0,0.99245550311,0.00206789081915,0.00547660607107
489,2,2,2.71278449471e-24,1.85115739768e-24,1.0
490,2,2,1.45706674722e-21,5.28444008089e-22,1.0
491,0,0,1.0,2.65309541373e-243,2.36603360174e-242
492,1,1,3.40918974623e-05,0.999822283235,0.000143624867737
493,2,2,0.389896580076,0.133498149269,0.476605270655
494,2,2,2.71278449471e-24,1.85115739768e-24,1.0
495,1,2,0.0491518439209,0.328110543043,0.622737613036
496,2,0,0.987830712866,0.00115003241146,0.0110192547226
497,2,2,2.72658463472e-14,2.72658463472e-14,1.0
498,2,2,2.56717341879e-17,2.56717341879e-17,1.0
499,0,0,1.0,6.79945501683e-144,1.04630239231e-204
500,1,2,0.0581946791886,0.334718144242,0.60708717657
501,2,2,3.42438340303e-09,8.25390251908e-09,0.999999988322
502,2,0,0.943215248622,0.00699338545115,0.0497913659273
503,2,2,1.29404969864e-65,2.88020232015e-70,1.0
504,2,2,0.36984800631,0.048492090187,0.581659903503
505,2,2,1.13115176453e-92,5.63745193627e-94,1.0
506,2,2,1.7459588795e-192,4.23187899581e-196,1.0
507,1,1,1.05752652084e-15,1.0,1.05752652084e-15
508,2,2,8.4723297077e-45,8.4723297077e-45,1.0
509,1,1,1.86464226305e-53,1.0,1.86464226305e-53
510,1,1,2.14977429777e-51,1.0,2.14977429777e-51
511,0,0,1.0,2.70976832987e-168,4.06212050159e-166
512,1,1,2.46671124711e-15,1.0,2.46671124711e-15
513,1,2,0.0346450611482,0.212992915514,0.752362023338
514,2,2,0.00122663211581,0.00292073649419,0.99585263139
515,2,2,6.03506815343e-103,3.00865820199e-104,1.0
516,0,0,1.0,1.14694465118e-200,9.16663184223e-204
517,0,0,1.0,8.54837148426e-127,4.79660986114e-129
518,1,1,6.93637253855e-48,1.0,6.93637253855e-48
519,0,0,0.970704438971,0.00842519267761,0.0208703683514
520,2,2,2.11282390395e-109,1.0523473589e-110,1.0
521,2,0,0.503879693962,0.128470166074,0.367650139964
522,2,0,0.699651112686,0.0417210054822,0.258627881831
523,0,0,1.0,7.55767391502e-89,1.34594571406e-86
524,1,2,0.000743010474799,0.00380367159459,0.995453317931
525,2,2,3.43920491354e-05,4.2684984772e-06,0.999961339452
526,0,0,0.907105866046,0.0281046114575,0.0647895224968
527,2,0,0.485275919814,0.135537091766,0.37918698842
528,2,2,0.010455280882,0.048180811341,0.941363907777
529,1,1,0.0407596948526,0.692845123228,0.266395181919
530,2,2,5.80955748052e-21,5.80955748052e-21,1.0
531,2,2,0.0188704528805,0.147611787975,0.833517759144
532,2,2,8.70674451025e-83,1.73820657581e-84,1.0
533,2,0,0.99646213362,0.000987084663804,0.00255078171576
534,0,0,0.999987698099,3.50682665354e-06,8.79507475256e-06
535,2,2,1.0683884819e-166,2.01568726506e-171,1.0
536,2,2,1.9179477562e-94,9.61077424021e-96,1.0
537,2,2,0.0884002138483,0.0227465054743,0.888853280677
538,0,0,0.999810603577,3.5610083513e-05,0.000153786339168
539,2,0,0.918734048582,0.0302198080436,0.0510461433748
540,2,2,5.30818852586e-16,1.6448222376e-15,1.0
541,1,1,0.0440179655961,0.823503982957,0.132478051447
542,1,1,2.0028796329e-07,0.999998855167,9.44545288631e-07
543,1,1,1.52468649386e-14,1.0,1.52468649386e-14
544,0,0,1.0,1.98406043943e-100,3.98452819357e-99
545,0,0,1.0,2.01875714053e-29,4.59588231731e-52
546,0,0,0.630183248068,0.0471412506057,0.322675501326
547,2,2,4.92663361263e-09,1.24102581118e-09,0.999999993832
548,2,2,2.19518210124e-71,1.08786315049e-72,1.0
549,2,2,0.00339582201928,0.000714424804527,0.995889753176
550,2,0,0.60449457602,0.110166558619,0.285338865361
551,0,0,1.0,6.51820242926e-117,1.30612386105e-115
552,2,2,2.34124182544e-16,2.34124182544e-16,1.0
553,2,2,3.98452819357e-99,1.98406043943e-100,1.0
554,1,1,1.85310133369e-07,0.999999516038,2.98651444937e-07
555,0,0,1.0,4.14995237397e-54,4.14995237397e-54
556,2,2,2.11282390395e-109,1.0523473589e-110,1.0
557,2,2,1.41006170113e-129,1.9069224501e-130,1.0
558,2,2,6.13407760117e-114,3.05888704724e-115,1.0
559,1,1,8.94561199115e-45,1.0,1.86180308432e-42
560,2,2,1.97648783562e-97,9.89373015142e-99,1.0
561,2,2,1.62194318358e-168,1.15316048934e-169,1.0
562,1,2,0.0163240577114,0.130022884989,0.853653057299
563,1,1,1.24554850008e-10,0.999999999444,4.31370499444e-10
564,1,1,0.0541129336006,0.577108017636,0.368779048764
565,2,2,7.92240485034e-207,7.59722332448e-206,1.0
566,0,0,1.0,3.24797499284e-50,3.24797499284e-50
567,2,2,0.00256589183166,0.0149805496919,0.982453558476
568,2,2,0.199267103438,0.12319919945,0.677533697112
569,2,2,9.70672086017e-07,1.79801200235e-07,0.999998849527
570,2,2,1.62408311269e-05,6.42017681041e-06,0.999977338992
571,0,0,1.0,1.0523473589e-110,2.11282390395e-109
572,2,2,5.29610029232e-177,4.87458158792e-178,1.0
573,2,2,2.74494249796e-14,2.74494249796e-14,1.0
574,2,2,7.12633293156e-59,3.35870027352e-60,1.0
575,1,1,6.84720551205e-16,1.0,6.84720551205e-16
576,2,2,1.77665795862e-84,8.38459258439e-86,1.0
577,1,2,0.00452668923553,0.0173711440621,0.978102166702
578,2,2,0.199236971992,0.0682677768532,0.732495251154
579,1,1,0.0395932665869,0.735282367145,0.225124366268
580,2,0,0.83836911178,0.0198142161681,0.141816672051
581,2,2,7.12633293156e-59,3.35870027352e-60,1.0
582,2,2,0.26784345238,0.0448148191636,0.687341728456
583,1,1,6.14850285826e-198,1.0,5.70899705095e-197
584,2,0,1.0,3.24860022975e-55,6.58654428201e-54
585,2,2,0.243851527922,0.0365160437064,0.719632428372
586,2,0,0.999999952326,8.91704063741e-09,3.87567863011e-08
587,2,2,1.62881295179e-23,1.62881295179e-23,1.0
588,2,2,6.28174299909e-74,3.11852771262e-75,1.0
589,2,2,0.182772150742,0.107000416064,0.710227433194
590,2,2,8.70025595568e-32,1.4251208535e-32,1.0
591,1,1,3.2385065204e-05,0.999706894342,0.000260720592481
592,2,2,6.0745230234e-53,6.0745230234e-53,1.0
593,1,1,2.74494249796e-14,1.0,2.74494249796e-14
594,1,1,2.74494249796e-14,1.0,2.74494249796e-14
595,1,2,0.0072489097381,0.0377929319946,0.954958158267
596,1,2,0.0554370278635,0.355605663716,0.58895730842
597,2,2,0.0336095108085,0.200248805877,0.766141683315
598,1,1,6.59145675613e-06,0.999968665421,2.47431219988e-05
599,1,1,2.9621029801e-86,1.0,2.9621029801e-86
600,1,1,8.03282649629e-40,1.0,8.03282649629e-40
601,2,2,1.05952219122e-06,2.34806728953e-07,0.999998705671
602,2,0,0.526472419733,0.127165786432,0.346361793835
603,2,2,1.76378628032e-79,8.30002077986e-81,1.0
604,2,2,0.0235164406537,0.132932364798,0.843551194548
605,0,0,0.971395968241,0.00463952663419,0.0239645051246
606,2,2,0.212061060463,0.134660770787,0.65327816875
607,2,2,8.66103207741e-174,3.62319531849e-154,1.0
608,2,2,0.000576513867681,0.00255821104867,0.996865275084
609,2,2,1.16674697353e-05,4.27439382253e-06,0.999984058136
610,1,1,0.000817940685876,0.996976121291,0.00220593802354
611,1,2,0.015618277094,0.0962443138474,0.888137409059
612,2,2,1.84271022871e-91,8.96721536366e-93,1.0
613,2,2,0.0814162184188,0.114978390781,0.8036053908
614,2,2,0.366029894054,0.0532855710644,0.580684534882
615,0,0,1.0,1.98406043943e-100,3.98452819357e-99
616,1,1,0.00128206499352,0.991721425269,0.00699650973716
617,1,1,0.054389367159,0.517987531039,0.427623101802
618,2,2,0.000201681545498,2.24429841108e-05,0.99977587547
619,1,1,5.12516634671e-08,0.9999996872,2.6154830431e-07
620,1,2,0.0390878653604,0.256560167452,0.704351967188
621,2,2,0.151829569067,0.322207114497,0.525963316437
622,2,2,1.72272308912e-99,3.57060401077e-101,1.0
623,2,2,0.235239855492,0.0415344703633,0.723225674144
624,1,1,6.45122327279e-90,1.0,6.45122327279e-90
625,2,2,2.11282390395e-109,1.0523473589e-110,1.0
626,0,0,1.0,1.0523473589e-110,2.11282390395e-109
627,1,2,0.0432395491861,0.281266462993,0.675493987821
628,1,1,2.39860809699e-05,0.999880989794,9.50241251442e-05
629,1,2,1.31335713023e-23,3.13892888312e-23,1.0
630,1,1,3.15937717509e-164,1.0,2.06816734093e-165
631,0,0,0.989377703152,0.00143691463417,0.00918538221388
632,2,2,3.29228276947e-125,5.92018597492e-126,1.0
633,1,1,7.07561381187e-76,1.0,6.32402903012e-77
634,1,1,0.0487362571309,0.614367579787,0.336896163082
635,2,2,9.12522666608e-16,3.38583378098e-16,1.0
636,2,2,6.27757528513e-26,1.91960973728e-26,1.0
637,2,2,0.389354465152,0.0770401318902,0.533605402958
638,2,2,0.000125104711392,1.18795345468e-07,0.999874776493
639,2,0,0.640051536785,0.0440899723158,0.3158584909
640,2,2,1.28116582448e-57,1.28116582448e-57,1.0
641,2,2,1.00483334483e-32,1.00483334483e-32,1.0
642,2,2,0.18062519539,0.115129007995,0.704245796615
643,2,2,0.0282917107598,0.00296465150125,0.968743637739
644,2,2,1.2091470361e-05,2.88789405356e-06,0.999985020636
645,2,0,0.602686204397,0.0509513476384,0.346362447964
646,1,1,1.04480071355e-206,1.0,1.04480071355e-206
647,1,1,0.0433387490963,0.696728351595,0.259932899309
648,2,2,9.40044848374e-183,6.58697079562e-184,1.0
649,0,0,1.0,6.51820242926e-117,1.30612386105e-115
650,2,2,3.69820768154e-29,3.69820768154e-29,1.0
651,1,1,0.0420160153936,0.827221160128,0.130762824478
652,1,2,0.000676690483457,0.00589859232551,0.993424717191
653,1,1,0.0478187301043,0.609782417928,0.342398851967
654,2,2,2.96879738045e-72,1.65422033933e-101,1.0
655,0,0,0.907105866046,0.0281046114575,0.0647895224968
656,1,1,6.12413894773e-09,0.999999977783,1.60924250976e-08
657,2,2,6.63324206751e-50,6.63324206751e-50,1.0
658,1,1,9.44778622065e-05,0.999319974163,0.000585547975123
659,2,2,2.11282390395e-109,1.0523473589e-110,1.0
660,0,0,1.0,3.1921095792e-95,6.36483392015e-94
661,2,2,2.11282390395e-109,1.0523473589e-110,1.0
662,1,1,2.96738372546e-14,1.0,2.96738372546e-14
663,1,1,3.33443085321e-15,1.0,3.33443085321e-15
664,1,2,0.063019269212,0.419691461085,0.517289269703
665,2,2,2.01376819161e-40,4.02369352933e-43,1.0
666,1,1,0.0533900340536,0.528864922839,0.417745043107
667,2,2,1.09553711731e-07,2.4515530098e-08,0.999999865931
668,2,2,8.2498118619e-14,8.2498118619e-14,1.0
669,1,2,0.073857985938,0.460255606326,0.465886407736
670,1,2,0.00783120065148,0.0607243818116,0.931444417537
671,2,2,1.31394337577e-51,1.31394337577e-51,1.0
672,1,1,0.00181052979824,0.992165418003,0.00602405219924
673,1,1,3.00081929546e-08,0.999999836929,1.33062415537e-07
674,1,2,4.93977781666e-11,1.25420804441e-10,0.999999999825
675,2,0,0.966450218111,0.00285856055596,0.030691221333
676,2,2,0.00112411751076,0.00539640814345,0.993479474346
677,2,2,2.11282390395e-109,1.0523473589e-110,1.0
678,1,1,6.52731088368e-14,1.0,6.30331179393e-14
679,1,1,7.178574629e-06,0.99996369913,2.91222956372e-05
680,2,2,0.208800420589,0.1295237362,0.661675843211
681,2,2,0.336896163082,0.0487362571309,0.614367579787
682,2,1,0.0329564695349,0.763939759129,0.203103771336
683,2,0,0.553585182598,0.280046160343,0.166368657058
684,0,0,1.0,1.99684097132e-37,1.99684097132e-37
685,0,0,1.0,1.86464226305e-53,1.86464226305e-53
686,1,1,0.0470370002433,0.63090762378,0.322055375977
687,2,2,2.33478497759e-56,2.33478497759e-56,1.0
688,0,0,0.982557690193,0.00377663348103,0.0136656763256
689,2,2,2.11282390395e-109,1.0523473589e-110,1.0
690,2,0,0.772784204071,0.0314865217666,0.195729274163
691,2,0,1.0,1.0523473589e-110,2.11282390395e-109
692,1,1,2.09031928092e-146,1.0,2.09031928092e-146
693,2,2,1.86464226305e-53,1.86464226305e-53,1.0
694,2,2,4.03847071036e-64,1.90314768071e-65,1.0
695,2,2,0.00625902706831,0.00191027948269,0.991830693449
696,2,2,2.18392976964e-60,1.02637658119e-61,1.0
697,1,1,0.00371104574332,0.973145768298,0.0231431859587
698,1,1,0.0508601892792,0.622336848039,0.326802962681
699,1,1,0.0562366291596,0.514024834063,0.429738536778
700,2,2,0.000102480489788,0.000483495768051,0.999414023742
701,2,2,9.74398740723e-15,2.47672355473e-14,1.0
702,1,2,1.30612386105e-115,6.51820242926e-117,1.0
703,1,2,0.00526451234342,0.0436861052603,0.951049382396
704,1,1,6.93637253855e-48,1.0,6.93637253855e-48
705,1,1,0.0576856630573,0.625509205238,0.316805131705
706,2,0,1.0,1.0523473589e-110,2.11282390395e-109
707,2,2,0.0244882157372,0.187029677668,0.788482106595
708,2,2,3.25645230454e-18,3.25645230454e-18,1.0
709,0,0,1.0,1.98406043943e-100,3.98452819357e-99
710,1,1,0.0332034197593,0.772549707627,0.194246872614
711,2,2,6.63681846848e-19,6.63681846848e-19,1.0
712,2,2,2.11282390395e-109,1.0523473589e-110,1.0
713,2,2,0.000237220422139,0.00101402986604,0.998748749712
714,2,2,9.97091427472e-14,9.97091427472e-14,1.0
715,2,2,3.25645230454e-18,3.25645230454e-18,1.0
716,2,1,0.0716243596978,0.729980349391,0.198395290912
717,1,1,3.33443085321e-15,1.0,3.33443085321e-15
718,1,1,0.0440900925291,0.708656601963,0.247253305508
719,1,1,0.000415759594053,0.998224719562,0.0013595208436
720,2,2,0.00310025536957,0.00117522898974,0.995724515641
721,1,1,0.0490270329246,0.571461478595,0.37951148848
722,2,2,2.26564132711e-96,5.18959331302e-80,1.0
723,1,2,0.0235621152258,0.139777692172,0.836660192603
724,1,1,8.03282649629e-40,1.0,8.03282649629e-40
725,0,0,1.0,6.63324206751e-50,6.63324206751e-50
726,2,2,2.11282390395e-109,1.0523473589e-110,1.0
727,2,2,2.17751126955e-26,5.27396749545e-26,1.0
728,2,2,2.15059460228e-05,5.90576090299e-06,0.999972588293
729,2,0,0.537306491804,0.129012426177,0.333681082019
730,2,0,0.968975288604,0.00975221997566,0.0212724914203
731,2,2,3.98452819357e-99,1.98406043943e-100,1.0
732,1,2,3.25645230454e-18,3.25645230454e-18,1.0
733,1,1,2.09031928092e-146,1.0,2.09031928092e-146
734,2,2,1.47003868691e-49,1.47003868691e-49,1.0
735,1,1,2.43068884639e-12,0.999999999996,1.5112384806e-12
736,0,0,1.0,8.94866233605e-131,1.00657688286e-129
737,2,2,0.00100270144731,0.000450182329033,0.998547116224
738,1,2,0.0204495130332,0.156701503167,0.8228489838
739,1,1,0.051505838464,0.600039628355,0.348454533181
740,2,0,0.577788712787,0.0578035890848,0.364407698128
741,2,2,1.45206786448e-199,2.47543376376e-201,1.0
742,2,0,0.463245408514,0.134800137906,0.40195445358
743,0,0,1.0,1.0523473589e-110,2.11282390395e-109
744,2,0,0.871122079099,0.0313299229574,0.097547997944
745,2,2,5.11384197139e-07,7.79957216594e-08,0.99999941062
746,1,1,1.76674436846e-14,1.0,1.76674436846e-14
747,2,0,0.995724515641,0.00117522898974,0.00310025536957
748,1,1,0.0449128246166,0.725614928376,0.229472247007
749,2,2,9.43291308733e-58,4.66299943508e-76,1.0
750,1,2,0.0174275858172,0.138476256153,0.84409615803
751,2,2,2.27386764782e-116,2.07503358055e-117,1.0
752,2,2,2.86328750777e-18,1.95400604761e-18,1.0
753,2,2,1.84271022871e-91,8.96721536366e-93,1.0
754,2,0,0.485275919814,0.135537091766,0.37918698842
755,2,2,0.0215762246382,0.000485552980067,0.977938222382
756,2,2,0.375617012191,0.0525741626979,0.571808825111
757,1,1,2.71278449471e-24,1.0,1.85115739768e-24
758,1,2,0.000264259598924,0.00232457201473,0.997411168386
759,0,0,1.0,3.15937717509e-164,2.06816734093e-165
760,2,2,4.05333025503e-142,4.03482956363e-141,1.0
761,2,2,1.97794451934e-15,5.37259575863e-15,1.0
762,2,2,1.41748413062e-45,1.41748413062e-45,1.0
763,1,1,8.48470004298e-123,1.0,7.20798810873e-124
764,2,2,1.77665795862e-84,8.38459258439e-86,1.0
765,1,2,0.0188529710115,0.111665302432,0.869481726557
766,2,2,1.45874306611e-05,2.0686045972e-06,0.999983343965
767,2,2,2.59517661286e-19,2.59517661286e-19,1.0
768,1,1,6.93637253855e-48,1.0,6.93637253855e-48
769,2,2,2.11282390395e-109,1.0523473589e-110,1.0
770,2,2,0.000676690483457,0.00589859232551,0.993424717191
771,1,1,0.0381676753918,0.760073539555,0.201758785053
772,2,0,1.0,3.33080129379e-91,5.44375098963e-93
773,2,2,9.12652062575e-89,4.53685907652e-90,1.0
774,2,2,3.25645230454e-18,3.25645230454e-18,1.0
775,2,2,6.3607191142e-49,6.3607191142e-49,1.0
776,2,0,0.995828728199,0.00114849184273,0.00302277995822
777,2,2,0.073726327289,0.297964510458,0.628309162253
778,2,0,1.0,4.58099787703e-136,5.22682104688e-135
779,2,2,1.31394337577e-51,1.31394337577e-51,1.0
780,2,0,0.640433444067,0.0479676842077,0.311598871726
781,0,0,1.0,1.0523473589e-110,2.11282390395e-109
782,1,1,2.74494249796e-14,1.0,2.74494249796e-14
783,2,2,0.0992224464702,0.0145392290782,0.886238324452
784,1,2,1.07251676571e-95,1.07251676571e-95,1.0
785,2,2,3.92944379321e-23,2.83461800033e-23,1.0
786,2,2,0.438007929271,0.0565245369652,0.505467533764
787,1,1,3.33443085321e-15,1.0,3.33443085321e-15
788,2,0,0.99999585167,1.04376103811e-06,3.10456915284e-06
789,0,0,1.0,2.35799732415e-189,2.7047478025e-190
790,2,2,0.000134923451703,1.78210566724e-05,0.999847255492
791,1,1,2.74494249796e-14,1.0,2.74494249796e-14
792,2,2,0.000535736573906,0.00459232723162,0.994871936194
793,2,1,0.178479431526,0.429116337623,0.392404230851
794,1,2,0.0664172066509,0.335240387034,0.598342406315
795,1,2,0.00645133107873,0.0222119027888,0.971336766132
796,2,2,1.30612386105e-115,6.51820242926e-117,1.0
797,2,2,9.77762477022e-42,4.5344430793e-43,1.0
798,2,2,6.94305517326e-05,1.56723196671e-05,0.999914897129
799,2,2,1.16674697353e-05,4.27439382253e-06,0.999984058136
800,0,0,1.0,1.98406043943e-100,3.98452819357e-99
801,2,0,0.519343724395,0.133917340124,0.346738935481
802,1,1,2.11282390395e-109,1.0,1.0523473589e-110
803,1,1,0.0421480811413,0.72770645001,0.230145468849
804,0,0,1.0,4.00283291059e-32,3.0362077033e-32
805,1,1,0.053159064565,0.567544831632,0.379296103803
806,2,0,0.519343724395,0.133917340124,0.346738935481
807,2,2,2.38005317987e-93,1.18929310418e-94,1.0
808,2,0,0.97533484679,0.00386634081165,0.0207988123985
809,2,2,3.98452819357e-99,1.98406043943e-100,1.0
810,2,0,0.995724515641,0.00117522898974,0.00310025536957
811,2,2,1.98256086944e-148,1.77165764557e-152,1.0
812,2,2,3.98452819357e-99,1.98406043943e-100,1.0
813,0,0,0.685116749678,0.119208383138,0.195674867184
814,2,2,1.16674697353e-05,4.27439382253e-06,0.999984058136
815,1,1,2.57623088583e-14,1.0,2.57623088583e-14
816,2,2,0.068575797353,0.213099277944,0.718324924704
817,1,1,0.0520371564079,0.495625765666,0.452337077926
818,0,0,1.0,3.68455527516e-24,1.45567775437e-24
819,1,2,0.00837225768301,0.058019336998,0.933608405319
820,2,2,0.0424255763661,0.0129836629087,0.944590760725
821,2,0,1.0,1.31725904216e-82,4.43565185744e-77
822,1,1,1.27663007887e-15,1.0,1.27663007887e-15
823,2,2,4.45570704011e-128,2.22888364558e-129,1.0
824,1,2,0.000170246510691,0.000876169715227,0.998953583774
825,2,2,8.03282649629e-40,8.03282649629e-40,1.0
826,2,2,2.56650452699e-212,2.56650452699e-212,1.0
827,2,0,0.99795264587,0.00035832080928,0.00168903332092
828,2,0,0.58326892788,0.116861192284,0.299869879836
829,1,2,0.0077220687791,0.064942330122,0.927335601099
830,2,2,3.98452819357e-99,1.98406043943e-100,1.0
831,1,1,1.93535814294e-05,0.999905851199,7.47952199515e-05
832,2,2,5.14842228697e-19,9.97203553072e-19,1.0
833,2,2,0.348454533181,0.051505838464,0.600039628355
834,2,2,2.14977429777e-51,2.14977429777e-51,1.0
835,2,2,6.93637253855e-48,6.93637253855e-48,1.0
836,2,2,3.72325723348e-106,5.14095977506e-80,1.0
837,1,2,0.013966518132,0.0590308586195,0.927002623248
838,1,1,2.74494249796e-14,1.0,2.74494249796e-14
839,2,2,0.389896580076,0.133498149269,0.476605270655
840,0,0,1.0,4.90288186419e-32,2.89983859014e-31
841,1,1,3.33443085321e-15,1.0,3.33443085321e-15
842,1,1,2.74494249796e-14,1.0,2.74494249796e-14
843,2,2,1.00703824463e-05,2.34357255051e-06,0.999987586045
844,0,0,1.0,6.75075516559e-116,1.34711396252e-114
845,2,2,3.17497651619e-118,3.65214860858e-121,1.0
846,1,1,0.00295694854017,0.98401647962,0.0130265718398
847,2,2,0.000676690483457,0.00589859232551,0.993424717191
848,1,1,3.34304317643e-12,0.999999999992,4.93948307783e-12
849,1,1,0.00185235914717,0.989209141865,0.00893849898833
850,1,2,5.08951970894e-09,2.19471982564e-08,0.999999972963
851,0,0,1.0,3.40110959226e-81,2.29888585462e-86
852,2,0,1.0,6.93637253855e-48,6.93637253855e-48
853,2,0,0.999991382883,9.74639717918e-08,8.51965329897e-06
854,2,2,1.2574933743e-131,1.2574933743e-131,1.0
855,2,2,1.92250905718e-15,6.97224118851e-16,1.0
856,1,1,1.86464226305e-53,1.0,1.86464226305e-53
857,2,0,0.99245550311,0.00206789081915,0.00547660607107
858,2,2,3.98452819357e-99,1.98406043943e-100,1.0
859,2,2,6.93637253855e-48,6.93637253855e-48,1.0
860,2,2,4.62846327344e-06,1.27045542399e-06,0.999994101081
861,2,2,1.99118501915e-134,3.77294868929e-139,1.0
862,2,2,1.50185461229e-130,9.24714106491e-132,1.0
863,1,2,2.63030806222e-171,2.52245721793e-173,1.0
864,2,2,3.98452819357e-99,1.98406043943e-100,1.0
865,1,1,3.33443085321e-15,1.0,3.33443085321e-15
866,1,2,0.0157525972407,0.0968703021834,0.887377100576
867,2,2,3.86135239282e-133,4.40417421739e-132,1.0
868,1,1,6.59145675613e-06,0.999968665421,2.47431219988e-05
869,1,2,0.00296465150125,0.0282917107598,0.968743637739
870,1,2,0.00463952663419,0.0239645051246,0.971395968241
871,2,2,6.93637253855e-48,6.93637253855e-48,1.0
872,2,2,2.11282390395e-109,1.0523473589e-110,1.0
873,2,0,0.994586945949,0.000709491372876,0.00470356267784
874,1,1,0.051505838464,0.600039628355,0.348454533181
875,2,2,4.53735761235e-15,1.07342145488e-14,1.0
876,1,1,0.0524142793538,0.581627285576,0.36595843507
877,0,0,1.0,3.15937717509e-164,2.06816734093e-165
878,2,2,6.96726932659e-87,3.27942912378e-88,1.0
879,1,1,0.0564377103909,0.516538205607,0.427024084002
880,2,2,8.79507475256e-06,3.50682665354e-06,0.999987698099
881,1,2,0.00122223981755,0.0106278491146,0.988149911068
882,2,2,4.45951548439e-43,1.46137892431e-37,1.0
883,0,0,0.99245550311,0.00206789081915,0.00547660607107
884,2,2,5.23042134997e-05,0.000299194582145,0.999648501204
885,0,0,1.0,2.69651250739e-36,2.69651250739e-36
886,2,0,1.0,1.38663156923e-48,1.38663156923e-48
887,2,2,5.316821042e-18,1.7208512967e-36,1.0
888,1,1,0.0400580109083,0.830006603186,0.129935385906
889,0,0,1.0,3.15937717509e-164,2.06816734093e-165
890,2,0,0.901707079342,0.00407996301837,0.09421295764
891,1,1,0.0293333591518,0.867408880961,0.103257759887
892,2,2,1.31394337577e-51,1.31394337577e-51,1.0
893,1,1,2.17858217991e-82,1.0,2.17858217991e-82
894,1,1,4.10721076671e-133,1.0,4.10721076671e-133
895,2,2,1.36018300937e-07,2.98530067006e-08,0.999999834129
896,0,0,1.0,1.0523473589e-110,2.11282390395e-109
897,2,2,0.00133020542217,0.000662284786262,0.998007509792
898,2,2,2.11282390395e-109,1.0523473589e-110,1.0
899,2,2,0.225688009803,0.154975312749,0.619336677448
900,1,1,0.0609255136888,0.744226695399,0.194847790912
901,2,2,1.44564366653e-15,3.40253257032e-15,1.0
902,2,2,6.56917441552e-08,1.4169216185e-07,0.999999792616
903,0,0,1.0,1.8688465549e-54,1.8688465549e-54
904,0,0,1.0,1.82997201737e-206,2.03910645559e-207
905,2,0,1.0,6.78568159132e-15,4.27331861336e-15
906,1,1,5.29084570876e-241,1.0,5.29084570876e-241
907,2,2,1.22122766622e-17,3.1757668095e-18,1.0
908,0,0,1.0,2.97287353235e-21,7.47500988215e-21
909,2,2,7.07516296237e-18,8.28485747374e-18,1.0
910,2,2,0.429340979206,0.0571352190986,0.513523801695
911,1,1,4.06225398752e-235,1.0,4.06225398752e-235
912,2,2,0.000828187665079,0.000481378636362,0.998690433699
913,2,2,0.0163601001597,0.0104980127243,0.973141887116
914,1,1,0.00523734563633,0.974624095604,0.02013855876
915,1,1,1.38944687195e-08,0.999999972211,1.38944687195e-08
916,1,1,2.53184188101e-253,1.0,7.40984300447e-255
917,0,0,1.0,1.24314068647e-46,1.24314068647e-46
918,2,0,1.0,1.34347304069e-25,3.5408213826e-25
919,1,1,4.57888693747e-20,1.0,4.57888693747e-20
920,2,2,1.15840083909e-16,3.40435271369e-17,1.0
921,2,2,0.294229155106,0.0438799033103,0.661890941584
922,2,2,9.51140555342e-305,9.51140555342e-305,1.0
923,2,2,1.35452156064e-243,1.35452156064e-243,1.0
924,1,2,0.0559432044023,0.369520523254,0.574536272344
925,2,2,7.21133538114e-231,8.78855576384e-237,1.0
926,2,2,0.0913177966344,0.0245738161372,0.884108387228
927,2,2,0.0,0.0,1.0
928,2,2,3.57855608961e-06,9.70905809651e-07,0.999995450538
929,2,0,0.475863085676,0.131314136366,0.392822777958
930,1,1,1.29241957774e-149,1.0,1.29241957774e-149
931,2,1,0.0514398732467,0.539659045182,0.408901081571
932,1,2,0.00665623438071,0.0320341135356,0.961309652084
933,1,1,6.27514037321e-157,1.0,6.27514037321e-157
934,1,2,0.0480556532899,0.434446875896,0.517497470815
935,2,0,0.61873549479,0.153995471477,0.227269033732
936,0,0,0.999716069482,9.76841721779e-05,0.000186246345879
937,2,2,1.69882778603e-245,1.9510875028e-246,1.0
938,1,1,1.85136075883e-06,0.999996297278,1.85136075883e-06
939,1,1,1.35324864809e-27,1.0,3.60747114485e-27
940,1,1,3.83304988554e-198,1.0,3.83304988554e-198
941,0,0,1.0,7.61649534125e-23,2.07304130302e-23
942,2,2,2.7250184121e-10,3.71288684868e-10,0.999999999356
943,2,2,2.75835092286e-79,3.2662363033e-84,1.0
944,1,1,5.80079707053e-77,1.0,8.80033731063e-79
945,2,2,0.0428436866767,0.387364688315,0.569791625008
946,1,2,0.0337117949933,0.071306010275,0.894982194732
947,1,2,2.97980103631e-06,1.03716040331e-05,0.999986648595
948,1,1,9.91199561156e-08,0.99999980176,9.91199561156e-08
949,1,2,0.000102318191347,0.000770718483461,0.999126963325
950,0,0,0.889196026187,0.0107428096276,0.100061164185
951,2,2,0.000478296284729,0.000161674667587,0.999360029048
952,1,1,0.00117241591444,0.991613826848,0.00721375723733
953,1,2,1.05490813851e-23,1.05490813851e-23,1.0
954,0,0,0.999999817672,8.36930293728e-08,9.86348967127e-08
955,1,1,0.0378098892324,0.714775735429,0.247414375339
956,2,2,1.75790456458e-55,1.75790456458e-55,1.0
957,2,2,0.228163029892,0.340792425775,0.431044544332
958,2,2,6.05008940555e-201,6.49291744212e-236,1.0
959,2,2,5.356430281e-19,5.356430281e-19,1.0
960,2,2,0.266483719163,0.106876303097,0.626639977741
961,2,2,0.0422410528186,0.00552131688589,0.952237630296
962,0,2,0.286476019963,0.0490503794987,0.664473600538
963,0,0,1.0,4.1110608456e-205,4.96159524846e-206
964,2,2,1.39811834534e-152,1.27870398396e-146,1.0
965,1,1,3.31307279983e-136,1.0,1.67126595567e-139
966,0,0,1.0,0.0,0.0
967,2,0,0.782402963609,0.0240276319436,0.193569404448
968,1,1,1.79105197052e-10,0.999999999728,9.28396277852e-11
969,0,0,1.0,4.99448962468e-16,5.73821938843e-17
970,2,0,0.565747818748,0.0507747365013,0.383477444751
971,1,1,6.51419779528e-05,0.999793271022,0.000141587000087
972,1,1,6.34143042281e-20,1.0,1.59574418103e-19
973,2,2,2.53147983577e-64,2.13560565404e-67,1.0
974,1,2,0.0115807680811,0.0513143881782,0.937104843741
975,2,2,6.12306213508e-10,8.69091066066e-10,0.999999998519
976,2,2,0.000125568108536,1.53630105194e-05,0.999859068881
977,2,2,0.11721231347,0.404279334851,0.478508351679
978,1,2,0.000436854837728,0.00166814304259,0.99789500212
979,2,2,5.71122753096e-159,5.71122753096e-159,1.0
980,1,1,4.1110608456e-205,1.0,4.96159524846e-206
981,1,1,0.0101873422882,0.962435527721,0.0273771299907
982,2,2,1.2997658367e-174,1.08556345338e-172,1.0
983,1,2,8.3467140079e-06,3.48448916758e-05,0.999956808394
984,2,0,0.50190513531,0.0696119000209,0.428482964669
985,1,1,1.48419605696e-24,1.0,3.66959675484e-24
986,2,2,6.94418745843e-05,3.08133592179e-05,0.999899744766
987,1,1,0.000382643706715,0.998450920886,0.00116643540714
988,1,1,5.29084570876e-241,1.0,5.29084570876e-241
989,2,2,6.34143042281e-20,1.59574418103e-19,1.0
990,2,2,8.50357238506e-20,1.41978939844e-19,1.0
991,1,1,0.0678287788332,0.799491873842,0.132679347324
992,1,1,6.52921902492e-128,1.0,6.52921902492e-128
993,2,2,3.67543450574e-05,4.48768430588e-06,0.999958757971
994,0,0,1.0,1.87001981944e-288,1.11208665002e-289
995,2,2,5.64399550581e-240,4.65260470515e-239,1.0
996,2,0,1.0,6.55116029569e-250,5.06416137601e-251
997,2,0,0.999989455732,2.32252492603e-06,8.22174333755e-06
998,2,0,0.998539738957,0.000475957596794,0.000984303446517
999,1,1,4.81414789604e-12,0.999999999983,1.22331516683e-11
1000,2,2,0.0450878230346,0.295150213863,0.659761963102
1001,1,2,0.00510226011618,0.0198940088079,0.975003731076
1002,1,1,8.12642895284e-14,1.0,8.12642895284e-14
1003,1,2,0.0481326544903,0.271208746879,0.680658598631
1004,2,0,1.0,1.7353262295e-20,3.30289550763e-20
1005,1,2,0.0311301794637,0.186623599044,0.782246221492
1006,2,2,1.02972667782e-19,1.02972667782e-19,1.0
1007,1,1,4.44261108463e-20,1.0,7.3144901742e-20
1008,0,0,1.0,4.67759900999e-35,1.09053609931e-34
1009,1,1,1.62606245707e-226,1.0,2.16753829429e-227
1010,1,1,7.48604182866e-21,1.0,7.48604182866e-21
1011,1,2,0.000184211260466,0.000957620938841,0.998858167801
1012,1,2,0.0535358245132,0.335286924995,0.611177250492
1013,0,0,1.0,5.93164061799e-36,1.62646691411e-35
1014,2,0,0.998479823295,0.000139238600809,0.0013809381037
1015,2,0,1.0,2.00010852276e-152,5.10667508792e-156
1016,2,0,0.99680317944,0.000566055546069,0.00263076501406
1017,2,0,0.469187158902,0.162055433318,0.368757407779
1018,1,1,4.5264814164e-232,1.0,2.50526865579e-233
1019,1,1,0.000139238600809,0.998479823295,0.0013809381037
1020,2,2,0.0594428481334,0.292541967832,0.648015184035
1021,2,2,3.44919759484e-16,3.44919759484e-16,1.0
1022,2,2,7.48604182866e-21,7.48604182866e-21,1.0
1023,0,0,1.0,3.41165948069e-204,3.36376635983e-205
1024,1,1,0.0109627519497,0.902724668343,0.0863125797069
1025,2,2,1.06600057409e-06,3.19870693784e-07,0.999998614129
1026,2,2,0.342972819506,0.0495901724714,0.607437008022
1027,1,1,4.50515020609e-148,1.0,4.20660338657e-149
1028,1,1,0.0,1.0,0.0
1029,1,1,2.51820347022e-18,1.0,2.51820347022e-18
1030,2,2,1.63790144956e-05,4.37287087418e-06,0.999979248115
1031,2,0,0.999999999799,1.87839496955e-10,1.31899757068e-11
1032,2,2,4.94108866082e-32,1.37888541086e-31,1.0
1033,2,2,0.000514153086859,0.0018417480264,0.997644098887
1034,1,1,0.0541487134198,0.589584072625,0.356267213956
1035,0,0,1.0,1.62606245707e-226,2.16753829429e-227
1036,1,1,0.075112662252,0.499052760049,0.425834577699
1037,1,2,0.132721168482,0.327880816595,0.539398014923
1038,2,2,7.48604182866e-21,7.48604182866e-21,1.0
1039,1,2,0.00103291701785,0.00933766639743,0.989629416585
1040,2,2,2.76278750013e-18,2.76278750013e-18,1.0
1041,2,2,4.66312631272e-08,1.12394060295e-07,0.999999840975
1042,2,2,0.143124597645,0.110187266643,0.746688135712
1043,1,2,8.70765772419e-06,7.18589490924e-05,0.999919433393
1044,2,2,3.44395568873e-17,3.44395568873e-17,1.0
1045,0,0,0.999934068085,9.56552827761e-06,5.63663868286e-05
1046,1,1,6.61633571885e-13,0.999999999999,6.61633571885e-13
1047,2,2,3.41165948069e-204,3.36376635983e-205,1.0
1048,2,0,0.445096892672,0.133348159333,0.421554947995
1049,0,0,1.0,6.65367194451e-36,6.7138014241e-36
1050,0,0,1.0,3.84033787252e-21,1.25430626771e-20
1051,1,1,2.75283035713e-193,1.0,3.99124612018e-194
1052,1,1,0.0556019303656,0.574773242047,0.369624827588
1053,2,2,0.0987682558461,0.0263696387217,0.874862105432
1054,2,2,0.00320890278209,0.00194521424751,0.99484588297
1055,1,2,0.0514453296422,0.296624644005,0.651930026353
1056,0,0,0.999999999822,2.72488355898e-11,1.50684772384e-10
1057,2,2,9.81860735034e-08,2.1610045858e-07,0.999999685713
1058,1,1,0.0114370959885,0.93333191943,0.0552309845813
1059,2,2,2.69314563078e-19,2.69314563078e-19,1.0
1060,2,2,1.62606245707e-226,2.16753829429e-227,1.0
1061,1,1,4.70660810328e-163,1.0,2.47590113356e-164
1062,1,1,5.3388509344e-23,1.0,1.74066171262e-22
1063,1,1,3.41165948069e-204,1.0,3.36376635983e-205
1064,2,2,2.39354015076e-09,1.08676667315e-09,0.99999999652
1065,2,2,1.23759249462e-17,4.62609508442e-17,1.0
1066,1,1,0.138683461617,0.436774073987,0.424542464396
1067,2,2,3.80162374031e-05,1.70621628941e-05,0.9999449216
1068,2,2,7.48604182866e-21,7.48604182866e-21,1.0
1069,2,2,2.99792151949e-08,2.99792151949e-08,0.999999940042
1070,1,1,1.53422325049e-22,1.0,1.53422325049e-22
1071,1,1,3.63631150946e-80,1.0,7.5231394664e-89
1072,2,2,1.63790144956e-05,4.37287087418e-06,0.999979248115
1073,2,2,1.39772626558e-20,3.76350965245e-21,1.0
1074,2,2,1.02972667782e-19,1.02972667782e-19,1.0
1075,2,2,3.11393916822e-08,6.57136304874e-08,0.999999903147
1076,1,1,5.28640472552e-07,0.999999301999,1.69360747908e-07
1077,1,1,3.41165948069e-204,1.0,3.36376635983e-205
1078,2,2,0.0100333718635,0.034898223891,0.955068404246
1079,1,1,1.10788705769e-192,1.0,1.07590959725e-193
1080,0,0,1.0,4.89069652973e-178,4.71398824058e-179
1081,2,2,4.15880981943e-07,4.15880981943e-07,0.999999168238
1082,2,2,6.03152607601e-09,1.20310970237e-09,0.999999992765
1083,2,2,2.51820347022e-18,2.51820347022e-18,1.0
1084,1,1,5.42102310055e-06,0.999973669749,2.09092276064e-05
1085,1,1,0.000434740902784,0.998087839855,0.00147741924174
1086,1,1,0.0565066646045,0.550268380018,0.393224955378
1087,2,2,7.24583903031e-15,7.24583903031e-15,1.0
1088,1,2,0.0542609908259,0.380142820949,0.565596188225
1089,0,2,0.201312464104,0.140864790263,0.657822745633
1090,2,2,0.0370001684159,0.194194085627,0.768805745957
1091,0,0,1.0,4.89069652973e-178,4.71398824058e-179
1092,2,0,1.0,6.08404277299e-17,6.08404277299e-17
1093,2,0,0.997175929044,0.000451155885624,0.00237291507063
1094,2,0,1.0,8.60378247177e-27,3.07571701691e-27
1095,2,2,0.368619164691,0.136458234839,0.49492260047
1096,1,1,0.0538182695171,0.565505698765,0.380676031717
1097,1,1,0.136818576811,0.660076919527,0.203104503662
1098,1,2,4.67759900999e-35,1.09053609931e-34,1.0
1099,1,2,0.00048350866495,0.00488252292058,0.994633968414
1100,2,2,0.0473920826012,0.010376138236,0.942231779163
1101,0,0,1.0,4.67759900999e-35,1.09053609931e-34
1102,1,2,0.018548735188,0.121595223393,0.859856041419
1103,0,0,0.646282835566,0.100871021884,0.25284614255
1104,1,2,3.44919759484e-16,3.44919759484e-16,1.0
1105,0,0,0.999399382436,0.000105907053683,0.000494710510728
1106,2,2,3.44919759484e-16,3.44919759484e-16,1.0
1107,1,1,1.23785554839e-15,1.0,1.23785554839e-15
1108,1,1,4.37287087418e-06,0.999979248115,1.63790144956e-05
1109,2,2,3.26640958667e-175,4.62173235306e-178,1.0
1110,2,2,5.14892152524e-163,4.8383807804e-164,1.0
1111,2,2,0.00185366947867,0.0173520992569,0.980794231264
1112,2,0,0.991551550975,0.00240747193132,0.00604097709401
1113,2,2,0.402202063507,0.0570545313092,0.540743405184
1114,0,0,1.0,3.53773789123e-80,1.11727349743e-92
1115,2,2,0.0713992246493,0.0386256968928,0.889975078458
1116,1,1,1.01979117881e-14,1.0,1.01979117881e-14
1117,1,1,4.63176551064e-14,1.0,4.63176551064e-14
1118,2,2,1.75487954129e-06,3.22640281431e-06,0.999995018718
1119,2,2,1.83501085374e-22,9.50447778055e-22,1.0
1120,2,2,0.000960170188802,0.000960170188802,0.998079659622
1121,1,1,5.75739874631e-17,1.0,5.75739874631e-17
1122,2,2,3.44919759484e-16,3.44919759484e-16,1.0
1123,2,2,3.62256702488e-13,1.89197516374e-14,1.0
1124,1,1,4.89069652973e-178,1.0,4.71398824058e-179
1125,0,0,1.0,4.12254591999e-51,2.71290148387e-51
1126,2,2,0.0392840889883,0.258675072017,0.702040838995
1127,1,1,1.22420363461e-126,1.0,6.45372150377e-128
1128,1,2,0.00197956822296,0.00908123812892,0.988939193648
1129,2,2,1.41907205677e-209,1.36692233551e-208,1.0
1130,2,0,0.683739665543,0.0438602335761,0.272400100881
1131,1,1,4.89069652973e-178,1.0,4.71398824058e-179
1132,2,2,0.0662879768838,0.278829227343,0.654882795773
1133,2,2,1.53422325049e-22,1.53422325049e-22,1.0
1134,2,0,0.510790988129,0.132943587249,0.356265424622
1135,2,2,2.68505478274e-15,2.68505478274e-15,1.0
1136,0,0,1.0,1.89360843292e-230,6.11607281373e-229
1137,2,0,1.0,1.29641258817e-28,3.63823983144e-28
1138,2,2,4.81722154107e-05,0.000203970666753,0.999747857118
1139,1,1,3.41165948069e-204,1.0,3.36376635983e-205
1140,2,2,7.48604182866e-21,7.48604182866e-21,1.0
1141,2,2,3.44919759484e-16,3.44919759484e-16,1.0
1142,2,2,2.09092276064e-05,5.42102310055e-06,0.999973669749
1143,1,1,4.90834517362e-40,1.0,4.90834517362e-40
1144,1,2,0.0125758106587,0.0555057313313,0.93191845801
1145,2,2,0.000646567076479,0.000131717078451,0.999221715845
1146,2,2,3.85617253374e-14,3.85617253374e-14,1.0
1147,1,1,1.62606245707e-226,1.0,2.16753829429e-227
1148,2,2,0.00135505787344,0.0124142688654,0.986230673261
1149,2,2,0.315798418513,0.048069526766,0.636132054721
1150,2,2,1.93892404642e-08,6.45512355158e-09,0.999999974156
1151,0,0,1.0,1.38719986814e-24,3.8982421635e-24
1152,2,2,0.379249040947,0.0498359225148,0.570915036539
1153,1,2,0.0410035258936,0.245407501147,0.71358897296
1154,1,1,1.66690354943e-21,1.0,7.26512798069e-22
1155,1,1,1.10788705769e-192,1.0,1.07590959725e-193
1156,2,2,2.51820347022e-18,2.51820347022e-18,1.0
1157,1,1,6.28174554511e-195,1.0,7.4772040062e-196
1158,1,1,0.00347156325237,0.974581835336,0.0219466014117
1159,2,2,0.26189558782,0.326580521747,0.411523890433
1160,1,2,0.076843640635,0.416214741487,0.506941617878
1161,1,1,7.48604182866e-21,1.0,7.48604182866e-21
1162,2,2,1.32202955593e-140,2.38296675615e-154,1.0
1163,1,2,0.000566055546069,0.00263076501406,0.99680317944
1164,0,0,1.0,1.07590959725e-193,1.10788705769e-192
1165,1,1,3.41165948069e-204,1.0,3.36376635983e-205
1166,2,0,1.0,2.07022939528e-103,1.86615591439e-104
1167,2,2,5.42102310055e-06,2.09092276064e-05,0.999973669749
1168,0,0,0.999956591579,5.10049972332e-06,3.83079211606e-05
1169,1,1,8.70765772419e-06,0.999919433393,7.18589490924e-05
1170,2,2,0.1493258397,0.0810202141802,0.76965394612
1171,1,1,2.69016481995e-39,1.0,2.69016481995e-39
1172,1,2,6.85575774981e-11,2.27341935882e-10,0.999999999704
1173,2,2,4.12074637637e-07,1.03667342745e-07,0.999999484258
1174,2,2,1.39772626558e-20,3.76350965245e-21,1.0
1175,2,2,0.296191548745,0.221858222165,0.481950229091
1176,1,1,2.89965082102e-108,1.0,1.53831149018e-109
1177,2,2,2.94201164119e-14,2.94201164119e-14,1.0
1178,2,2,1.54853445647e-16,1.54853445647e-16,1.0
1179,2,2,1.0083189427e-09,2.3523109629e-09,0.999999996639
1180,2,0,0.944607059251,0.0047040458103,0.0506888949388
1181,1,1,0.0135683581428,0.86226248073,0.124169161127
1182,2,2,1.42670095717e-08,4.0126962367e-08,0.999999945606
1183,1,1,0.0426377498144,0.660794517208,0.296567732978
1184,0,0,1.0,0.0,0.0
1185,1,1,5.42102310055e-06,0.999973669749,2.09092276064e-05
1186,1,1,1.58018073881e-15,1.0,1.58018073881e-15
1187,1,1,0.051729247292,0.497540351821,0.450730400887
1188,0,0,0.99996664451,4.01513510309e-06,2.93403552597e-05
1189,2,0,1.0,4.94108866082e-32,1.37888541086e-31
1190,1,1,4.89069652973e-178,1.0,4.71398824058e-179
1191,2,2,0.0426654903622,0.0181940266688,0.939140482969
1192,1,1,2.76509386303e-17,1.0,2.76509386303e-17
1193,2,2,3.89787757755e-07,1.37350858966e-06,0.999998236704
1194,2,2,1.90256366373e-287,1.90256366373e-287,1.0
1195,2,2,0.0862773239853,0.0206960180078,0.893026658007
1196,1,1,1.36692233551e-208,1.0,1.41907205677e-209
1197,2,2,2.51820347022e-18,2.51820347022e-18,1.0
1198,2,2,1.40325351821e-06,4.97531768217e-06,0.999993621429
1199,1,2,2.36602104293e-167,6.99433379191e-176,1.0
1200,2,2,5.27255581815e-09,1.58081012496e-08,0.999999978919
1201,2,2,2.17826561099e-10,1.02621316666e-10,0.99999999968
1202,0,0,1.0,1.10788705769e-192,1.07590959725e-193
1203,2,2,0.0,0.0,1.0
1204,2,2,1.39772626558e-20,3.76350965245e-21,1.0
1205,0,0,1.0,0.0,0.0
1206,0,0,1.0,1.24969205314e-238,1.37355052978e-236
1207,1,1,0.0258173859356,0.767487651659,0.206694962406
1208,1,2,0.0490655412376,0.325357542242,0.62557691652
1209,1,1,1.62606245707e-226,1.0,2.16753829429e-227
1210,2,2,3.72535827203e-08,3.72535827203e-08,0.999999925493
1211,1,1,1.10788705769e-192,1.0,1.07590959725e-193
1212,2,2,3.44395568873e-17,3.44395568873e-17,1.0
1213,2,2,1.40435694158e-16,1.40435694158e-16,1.0
1214,2,2,1.39772626558e-20,3.76350965245e-21,1.0
1215,2,2,4.14196838215e-21,4.14196838215e-21,1.0
1216,2,2,0.0389890985323,0.226822179304,0.734188722163
1217,2,2,0.0476968349045,0.309186077662,0.643117087434
1218,1,2,0.0557768879937,0.0855424293675,0.858680682639
1219,2,2,2.0785563433e-18,2.0785563433e-18,1.0
1220,1,1,0.001234872611,0.997530254778,0.001234872611
1221,1,1,0.0426826567192,0.662659290892,0.294658052389
1222,1,1,0.0162720554498,0.906913685416,0.0768142591339
1223,0,0,1.0,3.41165948069e-204,3.36376635983e-205
1224,0,0,1.0,1.32901655762e-249,4.12291989736e-251
1225,2,2,2.01938863722e-07,3.25021629419e-08,0.999999765559
1226,1,2,0.0455060559035,0.306755984291,0.647737959805
1227,2,0,0.718160085703,0.0341626751372,0.24767723916
1228,2,2,3.63092227304e-19,3.63092227304e-19,1.0
1229,0,0,1.0,1.21670943252e-188,1.20915017863e-189
1230,1,2,0.0227146464824,0.0859600475057,0.891325306012
1231,2,2,0.168683905763,0.0969728612433,0.734343232994
1232,0,0,1.0,4.71398824058e-179,4.89069652973e-178
1233,1,1,1.56045695175e-14,1.0,1.56045695175e-14
1234,1,1,0.148066819421,0.484070900238,0.367862280341
1235,1,1,3.35653880251e-24,1.0,3.35653880251e-24
1236,2,0,0.999997282784,3.15751888009e-07,2.40146366795e-06
1237,2,2,0.0997823703698,0.014988130483,0.885229499147
1238,2,2,3.66872910631e-31,3.95152417016e-31,1.0
1239,2,2,1.99839243486e-10,4.31758324126e-10,0.999999999368
1240,2,2,1.62606245707e-226,2.16753829429e-227,1.0
1241,2,2,1.28554257109e-05,2.03603666207e-07,0.999986940971
1242,1,1,1.67038190161e-07,0.999999543223,2.89738575223e-07
1243,2,2,2.74666049345e-183,2.77279819278e-184,1.0
1244,2,2,1.0014254308e-08,2.13398433522e-09,0.999999987852
1245,1,1,1.23789109123e-35,1.0,2.86819151533e-35
1246,2,2,0.0,0.0,1.0
1247,2,2,9.45429256812e-06,2.06049438521e-05,0.999969940764
1248,1,2,0.0526765391798,0.450226126695,0.497097334125
1249,0,0,1.0,8.3706213316e-162,8.10083482727e-163
1250,0,0,1.0,1.12712757585e-167,1.26813111834e-168
1251,1,2,0.0551496410148,0.377096358528,0.567754000457
1252,1,2,0.0566480152713,0.337496691289,0.605855293439
1253,2,2,0.150385386112,0.0218019704619,0.827812643426
1254,1,1,2.50700367836e-10,0.999999999499,2.50700367836e-10
1255,0,0,1.0,2.63257820075e-126,1.44574301976e-118
1256,1,2,0.048682386974,0.311956295071,0.639361317955
1257,2,2,5.14892152524e-163,4.8383807804e-164,1.0
1258,1,1,2.75563815252e-05,0.999857434988,0.000115008630107
1259,2,2,0.439635701154,0.052310287336,0.50805401151
1260,2,2,0.151996691423,0.343088920571,0.504914388005
1261,0,0,1.0,1.62134414e-188,1.62009541141e-187
1262,2,2,1.03664458446e-270,3.13736062171e-272,1.0
1263,2,2,2.41638126487e-05,6.25636906104e-06,0.999969579818
1264,2,2,8.11625775947e-16,8.11625775947e-16,1.0
1265,1,1,0.0242832592802,0.796533963034,0.179182777685
1266,2,2,4.89069652973e-178,4.71398824058e-179,1.0
1267,1,1,1.62606245707e-226,1.0,2.16753829429e-227
1268,1,1,1.22954365562e-34,1.0,4.49470506018e-35
1269,2,2,0.378196081777,0.0559727140396,0.565831204183
1270,2,2,0.0935850687155,0.0284866682971,0.877928262987
1271,0,0,1.0,1.62606245707e-226,2.16753829429e-227
1272,2,0,0.829867419488,0.0640843876032,0.106048192908
1273,2,2,2.3231693806e-13,2.3231693806e-13,1.0
1274,2,2,1.28897428867e-17,2.66003056069e-19,1.0
1275,2,2,0.0,0.0,1.0
1276,0,0,1.0,6.32720816929e-119,6.6666444035e-122
1277,1,1,1.10788705769e-192,1.0,1.07590959725e-193
1278,1,1,0.0,1.0,0.0
1279,1,2,0.0639232493929,0.347208861791,0.588867888816
1280,2,2,0.0844449095844,0.0210771904315,0.894477899984
1281,2,2,2.51820347022e-18,2.51820347022e-18,1.0
1282,1,1,0.046593098266,0.820622461016,0.132784440718
1283,1,1,1.36089995432e-21,1.0,1.36089995432e-21
1284,1,2,0.0534998390261,0.364075464968,0.582424696006
1285,2,0,0.736912617116,0.0959049172933,0.16718246559
1286,1,1,4.38283721562e-13,0.999999999998,1.99743927302e-12
1287,0,0,1.0,3.83175032938e-129,4.01085443708e-130
1288,1,1,1.4310573886e-132,1.0,2.68362529048e-140
1289,0,0,1.0,9.14422103777e-290,9.07889342242e-292
1290,2,2,0.398438530975,0.0552741003337,0.546287368691
1291,2,2,0.124834970586,0.03905156902,0.836113460394
1292,2,2,0.0168185319012,0.116529919588,0.866651548511
1293,1,2,2.31766313284e-08,7.46111612935e-08,0.999999902212
1294,2,2,2.37636117693e-247,4.49003141088e-249,1.0
1295,1,2,0.0357849274877,0.133700252532,0.83051481998
1296,2,2,0.141707928833,0.150048787835,0.708243283331
1297,0,0,1.0,3.29152215753e-206,5.94362195957e-201
1298,1,1,8.3706213316e-162,1.0,8.10083482727e-163
1299,1,1,0.0790077842416,0.707086919918,0.213905295841
1300,1,1,2.84645710738e-126,1.0,3.62558518097e-131
1301,0,0,0.995308101394,0.00159048259677,0.00310141600905
1302,1,2,0.0543443440449,0.090104741991,0.855550913964
1303,2,2,4.31441473362e-05,1.02706250308e-05,0.999946585228
1304,2,2,0.364659472588,0.0520710180108,0.583269509401
1305,1,1,0.00564623425523,0.960614921104,0.0337388446406
1306,1,2,0.0525548211299,0.456971021547,0.490474157323
1307,2,2,1.63790144956e-05,4.37287087418e-06,0.999979248115
1308,2,2,0.131042182567,0.0728559556111,0.796101861822
1309,2,2,2.28861263378e-141,2.28861263378e-141,1.0
1310,2,2,0.212357371363,0.0319491921144,0.755693436523
1311,1,1,3.44395568873e-17,1.0,3.44395568873e-17
1312,1,2,0.14309990048,0.195888853065,0.661011246455
1313,0,0,1.0,8.42873587559e-47,3.50144732548e-46
1314,2,2,6.28174554511e-195,7.4772040062e-196,1.0
1315,2,2,2.15405503371e-22,2.15405503371e-22,1.0
1316,1,1,7.52801340165e-163,1.0,4.0962230354e-164
1317,2,2,0.419748629979,0.0617056970668,0.518545672954
1318,0,0,1.0,1.95892771335e-18,6.96793801713e-18
1319,2,2,1.07384616468e-23,1.07384616468e-23,1.0
1320,2,2,4.97038478738e-06,4.97038478738e-06,0.99999005923
1321,2,2,9.67294453998e-09,4.14555564626e-09,0.999999986181
1322,1,1,3.59223421895e-156,1.0,5.29165921135e-155
1323,2,2,7.31832546213e-11,7.31832546213e-11,0.999999999854
1324,2,2,0.349062753666,0.0564246296608,0.594512616673
1325,2,2,1.30482393933e-26,2.98642519514e-26,1.0
1326,1,1,7.27338386678e-184,1.0,7.3600387297e-186
1327,1,2,0.00394921982177,0.0284282177701,0.967622562408
1328,2,2,1.02972667782e-19,1.02972667782e-19,1.0
1329,2,2,1.52926608044e-06,4.90452337591e-07,0.999997980282
1330,2,2,7.28695265856e-14,7.28695265856e-14,1.0
1331,1,1,9.23009748158e-06,0.999920200224,7.0569678989e-05
1332,1,1,5.52889549948e-12,0.999999999989,5.52889549948e-12
1333,0,0,1.0,1.52565806649e-161,1.43805709744e-162
1334,0,0,1.0,1.23789109123e-35,2.86819151533e-35
1335,1,1,0.0,1.0,0.0
1336,2,2,0.205692645177,0.134710086958,0.659597267865
1337,2,0,0.526752397991,0.0530828268073,0.420164775201
1338,0,0,1.0,1.62606245707e-226,2.16753829429e-227
1339,1,2,0.0398989608559,0.273907675492,0.686193363652
1340,2,0,0.502808355079,0.0514546368082,0.445737008113
1341,2,0,1.0,8.10083482727e-163,8.3706213316e-162
1342,1,1,2.60135469472e-225,1.0,4.00000112349e-226
1343,2,2,9.13345119275e-20,2.21047954952e-20,1.0
1344,0,0,1.0,1.07590959725e-193,1.10788705769e-192
1345,2,2,1.56045695175e-14,1.56045695175e-14,1.0
1346,2,2,0.400903159286,0.0552487876031,0.543848053111
1347,1,1,9.1560107832e-06,0.999954781628,3.60623612141e-05
1348,2,2,1.02972667782e-19,1.02972667782e-19,1.0
1349,2,2,7.48604182866e-21,7.48604182866e-21,1.0
1350,1,1,2.35585932925e-17,1.0,2.35585932925e-17
1351,1,1,4.37287087418e-06,0.999979248115,1.63790144956e-05
1352,2,2,8.70205308521e-142,1.29620520158e-142,1.0
1353,2,2,1.27761843167e-09,3.02093488049e-09,0.999999995701
1354,1,2,0.000722863673897,0.0034241706391,0.995852965687
1355,0,0,1.0,3.07571701691e-27,8.60378247177e-27
1356,0,0,1.0,3.48196314274e-217,2.5535231084e-218
1357,2,2,1.29448662259e-15,1.29448662259e-15,1.0
1358,1,1,1.01702419617e-157,1.0,6.68517558103e-159
1359,1,2,0.0307090975214,0.189538703924,0.779752198555
1360,2,2,0.175873770113,0.115706432075,0.708419797812
1361,2,2,1.02972667782e-19,1.02972667782e-19,1.0
1362,1,1,0.0583103477884,0.535610909167,0.406078743044
1363,1,1,0.0148520005581,0.925639731688,0.0595082677534
1364,1,1,3.15031840559e-138,1.0,2.13373336736e-139
1365,2,2,1.0920293275e-15,1.0920293275e-15,1.0
1366,2,2,5.90091422848e-24,7.99512535565e-24,1.0
1367,0,0,0.999999968792,2.13466878643e-08,9.86164758394e-09
1368,2,2,0.0151114746757,0.0639397515316,0.920948773793
1369,0,0,1.0,0.0,0.0
1370,2,2,1.39772626558e-20,3.76350965245e-21,1.0
1371,0,0,1.0,1.62606245707e-226,2.16753829429e-227
1372,1,1,0.000449006830518,0.997922653322,0.00162833984747
1373,1,1,0.134743794647,0.661311520601,0.203944684752
1374,2,2,4.10294636209e-05,1.68771584011e-05,0.999942093378
1375,1,2,0.0292876028056,0.1704591909,0.800253206294
1376,2,0,0.578778523262,0.116147178473,0.305074298265
1377,1,1,0.0490963027169,0.614471780951,0.336431916333
1378,1,1,0.0047040458103,0.944607059251,0.0506888949388
1379,2,2,1.21484504365e-16,4.32028297202e-16,1.0
1380,2,0,0.996054907343,0.000362518687447,0.00358257396945
1381,2,2,1.02972667782e-19,1.02972667782e-19,1.0
1382,0,2,0.403612225286,0.0596057534486,0.536782021265
1383,2,0,0.866941336359,0.0425070921326,0.0905515715081
1384,1,1,3.78662832458e-16,1.0,3.78662832458e-16
1385,1,1,5.21701845166e-15,1.0,5.21701845166e-15
1386,0,0,1.0,1.19730727029e-36,2.50145796096e-36
1387,1,2,0.0533749174983,0.369243102457,0.577381980044
1388,0,0,1.0,3.41165948069e-204,3.36376635983e-205
1389,1,1,2.3231693806e-13,1.0,2.3231693806e-13
1390,2,2,1.2548622411e-16,1.2548622411e-16,1.0
1391,1,1,5.75426166266e-204,1.0,4.18720213145e-205
1392,2,2,0.000615957300744,0.00141526566176,0.997968777037
1393,0,0,1.0,8.45701447918e-16,2.34296289281e-15
1394,2,2,0.407305228088,0.156615967093,0.436078804819
1395,1,1,2.16753829429e-227,1.0,1.62606245707e-226
1396,2,2,1.39712899273e-26,1.39712899273e-26,1.0
1397,1,1,0.00900323259716,0.929735358793,0.0612614086096
1398,1,1,4.13355017539e-18,1.0,4.13355017539e-18
1399,1,1,0.0375739162769,0.759519637638,0.202906446085
1400,1,1,0.0537284227788,0.580775627963,0.365495949259
1401,1,2,0.0353912000419,0.204685333916,0.759923466042
1402,1,2,0.0539109899768,0.46903348541,0.477055524613
1403,1,2,3.2936144488e-10,7.11597838539e-10,0.999999998959
1404,2,2,1.23785554839e-15,1.23785554839e-15,1.0
1405,1,1,5.75740983141e-21,1.0,1.61046510711e-20
1406,2,0,0.600646689883,0.109744797662,0.289608512455
1407,2,2,0.379249040947,0.0498359225148,0.570915036539
1408,2,2,2.19558948793e-12,1.0173213009e-12,0.999999999997
1409,2,2,0.0987682558461,0.0263696387217,0.874862105432
1410,2,2,0.00506691825822,0.00107733057321,0.993855751169
1411,2,2,2.47027165243e-22,6.86093858369e-22,1.0
1412,0,0,1.0,1.98040658535e-45,8.24327077077e-84
1413,2,2,5.26775139418e-10,2.45813313277e-10,0.999999999227
1414,1,1,2.62646933219e-07,0.999999474706,2.62646933219e-07
1415,1,1,2.6915636094e-167,1.0,6.31905540399e-172
1416,0,0,1.0,1.62606245707e-226,2.16753829429e-227
1417,1,2,5.49494100345e-09,3.04976233143e-08,0.999999964007
1418,2,2,0.00392182771574,0.032341458648,0.963736713636
1419,2,0,1.0,5.29165921135e-155,3.59223421895e-156
1420,2,2,7.48604182866e-21,7.48604182866e-21,1.0
1421,1,2,0.0340765554216,0.175853861117,0.790069583462
1422,2,2,0.0508826176865,0.0172270550287,0.931890327285
1423,2,2,1.63790144956e-05,4.37287087418e-06,0.999979248115
1424,2,2,9.06492848534e-05,4.20141705658e-05,0.999867336545
1425,1,2,0.0168185319012,0.116529919588,0.866651548511
1426,1,2,0.0411064560227,0.097341356069,0.861552187908
1427,2,2,2.54181470474e-23,3.86172114671e-24,1.0
1428,2,2,0.0122720321412,0.0555699887827,0.932157979076
1429,1,2,0.0398989608559,0.273907675492,0.686193363652
1430,2,0,0.99985050221,1.78750378161e-05,0.000131622752095
1431,2,2,0.0506888949388,0.0047040458103,0.944607059251
1432,1,1,0.0313196993969,0.740376330122,0.228303970481
1433,0,0,0.998477128548,0.000340515999424,0.00118235545303
1434,1,1,2.08787723924e-12,0.999999999993,4.60129646239e-12
1435,1,1,0.0238190932647,0.85668130069,0.119499606046
1436,1,2,0.00990807808532,0.0453254354163,0.944766486498
1437,1,2,4.82093578672e-11,4.82093578672e-11,0.999999999904
1438,1,1,1.05727054187e-12,0.999999999997,2.28382268409e-12
1439,1,1,5.02249700104e-05,0.99973436284,0.000215412189827
1440,0,0,0.86226248073,0.0135683581428,0.124169161127
1441,2,2,1.70901965705e-304,1.82201333086e-306,1.0
1442,2,2,0.0656626792662,0.377125462212,0.557211858522
1443,1,1,0.0151114746757,0.920948773793,0.0639397515316
1444,0,0,1.0,3.7872953325e-174,3.73277337397e-175
1445,1,1,9.28437334053e-71,1.0,1.72217875485e-97
1446,2,2,2.08787723924e-12,4.60129646239e-12,0.999999999993
1447,2,2,0.0243154196524,0.00639040367475,0.969294176673
1448,2,2,5.14892152524e-163,4.8383807804e-164,1.0
1449,2,2,0.0760780475756,0.0200764768854,0.903845475539
1450,1,2,0.00268673089386,0.0194464624815,0.977866806625
1451,2,2,2.24412157781e-70,2.84002554602e-72,1.0
1452,0,0,1.0,3.41165948069e-204,3.36376635983e-205
1453,1,1,1.62606245707e-226,1.0,2.16753829429e-227
1454,2,2,7.74655114983e-16,7.74655114983e-16,1.0
1455,2,2,2.75959156095e-15,2.75959156095e-15,1.0
1456,2,2,0.000222003204041,4.9485094383e-05,0.999728511702
1457,1,2,0.00438915850448,0.0176513965625,0.977959444933
1458,2,0,0.991551550975,0.00240747193132,0.00604097709401
1459,0,0,1.0,1.54801134183e-190,1.97369177112e-191
1460,2,2,0.161015874789,0.354124969005,0.484859156206
1461,2,2,1.63790144956e-05,4.37287087418e-06,0.999979248115
1462,2,2,9.14036792079e-12,9.14036792079e-12,0.999999999982
1463,1,2,0.00513167427086,0.0404876779547,0.954380647774
1464,2,0,1.0,2.23754939321e-33,6.29919094101e-33
1465,0,0,1.0,4.97950693963e-172,5.08843779234e-173
1466,2,2,9.1560107832e-06,3.60623612141e-05,0.999954781628
1467,2,0,1.0,1.29540083147e-143,1.11230737635e-144
1468,0,0,1.0,1.07590959725e-193,1.10788705769e-192
1469,1,2,0.0472456341505,0.308489693897,0.644264671953
1470,2,2,0.265329418633,0.0449589311266,0.68971165024
1471,1,1,0.0,1.0,0.0
1472,1,1,0.037755398192,0.696377071758,0.26586753005
1473,2,2,3.35754421778e-14,3.35754421778e-14,1.0
1474,2,2,0.215209948585,0.136078752475,0.64871129894
1475,2,2,1.62606245707e-226,2.16753829429e-227,1.0
1476,2,2,0.36944876166,0.132093041085,0.498458197255
1477,1,1,2.6915636094e-167,1.0,6.31905540399e-172
1478,1,1,2.14552705081e-06,0.999994317187,3.53728642744e-06
1479,2,2,2.61333773806e-05,2.61333773806e-05,0.999947733245
1480,2,2,5.29165921135e-155,3.59223421895e-156,1.0
1481,2,2,0.13237872846,0.154700811196,0.712920460344
1482,1,1,0.0,1.0,0.0
1483,2,2,2.27993008593e-153,3.41907452951e-161,1.0
1484,1,1,1.36089995432e-21,1.0,1.36089995432e-21
1485,1,2,0.00237947734335,0.0101671177109,0.987453404946
1486,2,2,1.62606245707e-226,2.16753829429e-227,1.0
1487,1,2,0.0369965121511,0.236601219824,0.726402268025
1488,2,2,4.17875159633e-05,9.89929591206e-06,0.999948313188
1489,1,1,2.81847298843e-16,1.0,7.71660733931e-17
1490,0,2,0.41788693673,0.0610454881775,0.521067575092
1491,1,1,9.52100898513e-222,1.0,4.97942097416e-223
1492,1,1,4.89069652973e-178,1.0,4.71398824058e-179
1493,2,2,1.40435694158e-16,1.40435694158e-16,1.0
1494,1,1,6.2480637638e-13,0.999999999998,1.31497215105e-12
1495,0,0,1.0,5.14892152524e-163,4.8383807804e-164
1496,0,0,1.0,7.55024302259e-210,9.94648485534e-211
1497,2,2,5.84388342206e-19,1.55281217982e-19,1.0
1498,2,0,0.814491104308,0.0248023857716,0.16070650992
1499,2,2,1.22954365562e-34,4.49470506018e-35,1.0
