epoch, iter, loss_train, loss_val, pre_val, rec_val, f01_val, f1_val, f10_val, ece_val
0, 0, 0.651053891563788, 0.7024180889129639, 0.0, 0.0, 0.0, 0.0, 0.0, 0.024052537516155104
0, 100, 0.7233493404462933, 0.6916165351867676, 0.5483870967741935, 0.0752212389380531, 0.5162357185808779, 0.132295719844358, 0.07586938270513897, 0.05122448952324621
1, 0, 0.7094568511936814, 0.6914188265800476, 0.5757575757575758, 0.084070796460177, 0.5442427680090755, 0.14671814671814673, 0.08478769937701587, 0.057331875757833495
1, 100, 0.7012877393048256, 0.6887173056602478, 0.5396039603960396, 0.4823008849557522, 0.5389699402722021, 0.5093457943925234, 0.4828085255679325, 0.0646074269197684
2, 0, 0.6870261954609305, 0.6893651485443115, 0.5274725274725275, 0.8495575221238938, 0.5294599464861027, 0.6508474576271187, 0.8444521860303082, 0.0826548169144487
2, 100, 0.6610651720780879, 0.687955379486084, 0.5348837209302325, 0.40707964601769914, 0.5332262137036612, 0.4623115577889447, 0.40804496750395225, 0.06589990814702701
3, 0, 0.699014739319682, 0.6879709959030151, 0.5446685878962536, 0.8362831858407079, 0.546555574643532, 0.6596858638743455, 0.8318734475094783, 0.08854570523300004
3, 100, 0.690351497940719, 0.686702311038971, 0.5406360424028268, 0.6769911504424779, 0.5417163289630512, 0.6011787819253438, 0.6753048114320677, 0.08901207597382302
4, 0, 0.674478718265891, 0.6863759756088257, 0.5494880546075085, 0.7123893805309734, 0.5507349454717875, 0.6204238921001927, 0.7103044598785655, 0.08671269321863634
4, 100, 0.7426666409242898, 0.6861467361450195, 0.541501976284585, 0.6061946902654868, 0.5420747473164617, 0.5720250521920668, 0.605478492976852, 0.0756377145252397
5, 0, 0.7116864369250835, 0.685799241065979, 0.5396825396825397, 0.6017699115044248, 0.5402344057264218, 0.5690376569037657, 0.6010852441799405, 0.07495006246376884
5, 100, 0.6658370261779055, 0.6886144280433655, 0.5833333333333334, 0.15486725663716813, 0.5677802762608417, 0.24475524475524474, 0.1560017652250662, 0.06051157269857633
6, 0, 0.7031112383119762, 0.6871156096458435, 0.5324324324324324, 0.8716814159292036, 0.5344920217052598, 0.6610738255033557, 0.8662168045276449, 0.09535620935195313
6, 100, 0.6579343313816934, 0.6887399554252625, 0.5286458333333334, 0.8982300884955752, 0.5308082638637188, 0.6655737704918033, 0.8920553428471981, 0.10509884687124099
7, 0, 0.7049489024560898, 0.6847314834594727, 0.5497382198952879, 0.4646017699115044, 0.548742626513505, 0.5035971223021581, 0.465315256022114, 0.0734936285731012
7, 100, 0.6953709924593567, 0.6840920448303223, 0.5786163522012578, 0.40707964601769914, 0.5762123279176485, 0.4779220779220779, 0.4082780438507843, 0.0660278613192845
8, 0, 0.6887896828819067, 0.6831032633781433, 0.5575757575757576, 0.8141592920353983, 0.5593210136639981, 0.6618705035971224, 0.8104666375926733, 0.08252464379884496
8, 100, 0.7069050989113749, 0.6822790503501892, 0.5535714285714286, 0.8230088495575221, 0.5553716076390942, 0.6619217081850535, 0.8190617370073247, 0.08979212505891256
9, 0, 0.7084947496186942, 0.6818873882293701, 0.5664739884393064, 0.4336283185840708, 0.5647609266233026, 0.4912280701754386, 0.4346375093312256, 0.07269679089035606
9, 100, 0.6517519491724669, 0.6799818277359009, 0.5728643216080402, 0.504424778761062, 0.5720957964821624, 0.536470588235294, 0.5050221500943024, 0.0706189514129563
10, 0, 0.662703599082306, 0.678581714630127, 0.5665236051502146, 0.584070796460177, 0.5666921703647029, 0.5751633986928105, 0.5838917356457759, 0.07336653089892545
10, 100, 0.683185423631221, 0.6770156621932983, 0.5664556962025317, 0.7920353982300885, 0.568057562998806, 0.6605166051660516, 0.7889247687205446, 0.09396428239029066
11, 0, 0.6583028202876449, 0.6751272678375244, 0.5938864628820961, 0.6017699115044248, 0.593963504280896, 0.5978021978021978, 0.601690831836699, 0.08133443688924334
11, 100, 0.6834067225689069, 0.6733408570289612, 0.6111111111111112, 0.5353982300884956, 0.6102566663337661, 0.5707547169811321, 0.536055794367927, 0.08381492011578733
12, 0, 0.6828672158997506, 0.671623170375824, 0.5696594427244582, 0.8141592920353983, 0.571358297977003, 0.6703096539162113, 0.8107141299131877, 0.09145063840973695
12, 100, 0.6837460766080767, 0.667240560054779, 0.631578947368421, 0.6371681415929203, 0.631633805263615, 0.6343612334801763, 0.6371123182057122, 0.09469733894926259
13, 0, 0.7103673681616782, 0.66475510597229, 0.5789473684210527, 0.7787610619469026, 0.5804218637758768, 0.6641509433962265, 0.7761089765979741, 0.1100835672258276
13, 100, 0.7118995786411687, 0.665742814540863, 0.8157894736842105, 0.2743362831858407, 0.8001533350370561, 0.41059602649006627, 0.2761509966484388, 0.058256614524706214
14, 0, 0.6414833045564592, 0.6553393602371216, 0.6221374045801527, 0.7212389380530974, 0.6229849390751533, 0.668032786885246, 0.7201032280640364, 0.12453150168984341
14, 100, 0.6593322880100458, 0.651245653629303, 0.5880398671096345, 0.7831858407079646, 0.5894941634241244, 0.6717267552182163, 0.7806209335836863, 0.10804221462623206
15, 0, 0.6260870122583583, 0.6451151371002197, 0.6, 0.7699115044247787, 0.6013138985834531, 0.6744186046511628, 0.7677588466579292, 0.12634716024704742
15, 100, 0.6767990233842283, 0.6402228474617004, 0.6118881118881119, 0.7743362831858407, 0.6131617289946576, 0.68359375, 0.7723062134055755, 0.10223801816459249
16, 0, 0.6163855680730193, 0.6343382000923157, 0.6700507614213198, 0.584070796460177, 0.6690755796446854, 0.624113475177305, 0.5848137912883274, 0.09265283903980676
16, 100, 0.6952120019355789, 0.6312829852104187, 0.6747572815533981, 0.6150442477876106, 0.674109286468837, 0.6435185185185186, 0.6155836183460492, 0.08878670105364472
17, 0, 0.644176607998088, 0.6349166035652161, 0.6324110671936759, 0.7079646017699115, 0.6330799968659406, 0.6680584551148224, 0.7071281669802651, 0.10167951209355246
17, 100, 0.5726422731531784, 0.6314854025840759, 0.6385542168674698, 0.7035398230088495, 0.6391387407466369, 0.6694736842105262, 0.7028316337695304, 0.09393610937141737
18, 0, 0.612095445068553, 0.6280117630958557, 0.6434426229508197, 0.6946902654867256, 0.6439129375456835, 0.6680851063829788, 0.6941428821572405, 0.09936189447092797
18, 100, 0.6363094553351403, 0.6229677200317383, 0.6842105263157895, 0.5752212389380531, 0.6829293664828877, 0.6249999999999999, 0.5761298815269856, 0.06962754132341491
19, 0, 0.6374141830485314, 0.6203988790512085, 0.6666666666666666, 0.6814159292035398, 0.6668095687215982, 0.6739606126914661, 0.6812666987867373, 0.08292774500045104
19, 100, 0.5298992967000231, 0.6165929436683655, 0.6834862385321101, 0.6592920353982301, 0.6832379914646328, 0.6711711711711712, 0.659523183451661, 0.0707591991970497
20, 0, 0.5280185200972483, 0.6171858310699463, 0.6836734693877551, 0.5929203539823009, 0.6826389589428024, 0.6350710900473934, 0.5937006492367082, 0.07156402944067937
20, 100, 0.5605337282642722, 0.6156546473503113, 0.6680327868852459, 0.7212389380530974, 0.6685210752862828, 0.6936170212765957, 0.7206706356154791, 0.09446611631233083
21, 0, 0.5258247620658949, 0.6130034923553467, 0.6666666666666666, 0.7168141592920354, 0.6671287613145234, 0.6908315565031983, 0.7162806986823097, 0.09790640986994306
21, 100, 0.5359116280451417, 0.6112840175628662, 0.7049180327868853, 0.5707964601769911, 0.7032818741228544, 0.6308068459657702, 0.571873765526928, 0.06605520527974698
22, 0, 0.45896408017724755, 0.6043025255203247, 0.673728813559322, 0.7035398230088495, 0.6740115839838832, 0.6883116883116883, 0.7032317393589069, 0.10375884132443278
22, 100, 0.6095125355757773, 0.6164371371269226, 0.6472727272727272, 0.7876106194690266, 0.6484166486330519, 0.7105788423153693, 0.7859234972677598, 0.1051159557119935
23, 0, 0.6299042601836844, 0.6222283840179443, 0.6395759717314488, 0.8008849557522124, 0.6408539577928907, 0.7111984282907661, 0.7988900056810733, 0.10988596404811977
23, 100, 0.6425417901016772, 0.597378134727478, 0.6738197424892703, 0.6946902654867256, 0.6740202329337753, 0.6840958605664488, 0.6944772916392941, 0.09661296069358302
24, 0, 0.4925699130631983, 0.6033718585968018, 0.6984924623115578, 0.6150442477876106, 0.6975554009738647, 0.6541176470588236, 0.6157726216062108, 0.06266920222381578
24, 100, 0.5122433693613857, 0.603224515914917, 0.7085427135678392, 0.6238938053097345, 0.7075921693332008, 0.6635294117647057, 0.6246326593271635, 0.0680010900296996
25, 0, 0.698486786452122, 0.6157177090644836, 0.6559139784946236, 0.8097345132743363, 0.6571499680011378, 0.7247524752475247, 0.8078587350845754, 0.11564276367425917
25, 100, 0.5155413563828914, 0.6001417636871338, 0.7014218009478673, 0.6548672566371682, 0.7009284441526775, 0.6773455377574371, 0.6552978826004996, 0.07834395037683767
26, 0, 0.5783399655949324, 0.6047965288162231, 0.7127659574468085, 0.5929203539823009, 0.7113423735940293, 0.6473429951690822, 0.593909074951729, 0.05027508580711035
26, 100, 0.550155684701167, 0.5994294285774231, 0.6901408450704225, 0.6504424778761062, 0.6897240546316084, 0.6697038724373576, 0.6508131328628413, 0.06513008109368053
27, 0, 0.5833555693738162, 0.6051841378211975, 0.6732283464566929, 0.7566371681415929, 0.6739639428705221, 0.7125, 0.7557101601470202, 0.09219056697545853
27, 100, 0.5809922421583906, 0.6040613055229187, 0.7025641025641025, 0.6061946902654868, 0.7014600020277806, 0.65083135391924, 0.6070190831322659, 0.04224726689600312
28, 0, 0.4265396237839013, 0.6065362691879272, 0.6782945736434108, 0.7743362831858407, 0.6791285637439484, 0.7231404958677685, 0.7732522530405109, 0.09295833420700733
28, 100, 0.4035095746861771, 0.5968488454818726, 0.6764705882352942, 0.7123893805309734, 0.6768084575043702, 0.6939655172413792, 0.71201506261494, 0.09628281439036394
29, 0, 0.5783124445006251, 0.6039942502975464, 0.7128205128205128, 0.6150442477876106, 0.7117002940281862, 0.6603325415676958, 0.6158806755867514, 0.04351319039685538
29, 100, 0.4710082482080906, 0.600864827632904, 0.6772727272727272, 0.6592920353982301, 0.6770898947178979, 0.6681614349775785, 0.6594653812445225, 0.06806712502003769
30, 0, 0.44269749205559494, 0.6139779686927795, 0.717391304347826, 0.584070796460177, 0.7157736497369268, 0.6439024390243901, 0.5851474719101124, 0.03350693574257653
30, 100, 0.4971497518476098, 0.605661928653717, 0.696078431372549, 0.6283185840707964, 0.6953359837098807, 0.6604651162790697, 0.6289247500438518, 0.047588778610250584
31, 0, 0.562003752682358, 0.6447045207023621, 0.7423312883435583, 0.5353982300884956, 0.7395013917463391, 0.622107969151671, 0.5368800246013268, 0.04380790487063669
31, 100, 0.5769059164682403, 0.6027255058288574, 0.6944444444444444, 0.6637168141592921, 0.6941262714194081, 0.6787330316742082, 0.6640077138849931, 0.04839295557642404
32, 0, 0.5122466889210046, 0.6039345264434814, 0.6882591093117408, 0.7522123893805309, 0.6888389633314611, 0.718816067653277, 0.7515209874381756, 0.07397440375875583
32, 100, 0.4767346585635095, 0.6000548005104065, 0.6837606837606838, 0.7079646017699115, 0.6839922119698637, 0.6956521739130435, 0.7077165630200577, 0.07685030136356312
33, 0, 0.42527326568961143, 0.6127495765686035, 0.6995073891625616, 0.6283185840707964, 0.6987235701062069, 0.6620046620046619, 0.6289523308336622, 0.03854298720185737
33, 100, 0.47783241998404263, 0.6218767166137695, 0.7035175879396985, 0.6194690265486725, 0.7025737851535327, 0.6588235294117647, 0.620202640466687, 0.04015623443487999
34, 0, 0.7810634166933597, 0.6259765028953552, 0.7098445595854922, 0.6061946902654868, 0.7086448837447505, 0.6539379474940334, 0.6070723467731322, 0.04128804656190682
34, 100, 0.40300165652297437, 0.6612061858177185, 0.7365269461077845, 0.5442477876106194, 0.7339595887982985, 0.6259541984732825, 0.5456581894847806, 0.046777645373238926
35, 0, 0.3990969277452677, 0.6283952593803406, 0.7091836734693877, 0.6150442477876106, 0.7081105618884294, 0.6587677725118483, 0.6158536585365854, 0.0334224348179007
35, 100, 0.44951617366168645, 0.6364960670471191, 0.7135416666666666, 0.6061946902654868, 0.7122928034592814, 0.6555023923444976, 0.6070989820989823, 0.027895398932484383
36, 0, 0.4077043947065249, 0.6416183710098267, 0.7219251336898396, 0.5973451327433629, 0.7204374933953291, 0.6537530266343825, 0.5983674902356608, 0.04572949520584231
36, 100, 0.6009618751704693, 0.6378665566444397, 0.71, 0.6283185840707964, 0.7090873133590428, 0.6666666666666667, 0.6290350877192982, 0.03533513975881896
37, 0, 0.6473989296238869, 0.6277436017990112, 0.6936936936936937, 0.6814159292035398, 0.6935699634352983, 0.6875, 0.6815353606169485, 0.03272920365618392
37, 100, 0.4332101421197876, 0.6433889269828796, 0.7142857142857143, 0.6194690265486725, 0.7132048824775548, 0.6635071090047393, 0.6202842603965607, 0.026741567554067727
38, 0, 0.653462624293752, 0.6502659320831299, 0.7040816326530612, 0.6106194690265486, 0.703016241299304, 0.6540284360189573, 0.6114230566766098, 0.03629915149206609
38, 100, 0.42606634735129767, 0.6349305510520935, 0.6877637130801688, 0.7212389380530974, 0.6880799130652847, 0.7041036717062636, 0.7208915356658055, 0.04628814493132905
39, 0, 0.4699720245786011, 0.6659680008888245, 0.7150259067357513, 0.6106194690265486, 0.713817474137048, 0.6587112171837709, 0.6115035317860745, 0.029738125828119504
39, 100, 0.37716286284849043, 0.6454873085021973, 0.6972477064220184, 0.672566371681416, 0.6969944610914375, 0.6846846846846848, 0.6728021737224998, 0.050198702388896344
40, 0, 0.4130436146864667, 0.7692500948905945, 0.7591240875912408, 0.46017699115044247, 0.75427258365647, 0.5730027548209367, 0.46197827329902796, 0.08977804225828268
40, 100, 0.6132477338192984, 0.6705577373504639, 0.7098445595854922, 0.6061946902654868, 0.7086448837447505, 0.6539379474940334, 0.6070723467731322, 0.036783150471417246
41, 0, 0.44495312564540657, 0.6618877053260803, 0.7061611374407583, 0.6592920353982301, 0.7056644471537092, 0.6819221967963386, 0.659725570996449, 0.03864441477421636
41, 100, 0.5028847642242908, 0.7093904614448547, 0.7262569832402235, 0.5752212389380531, 0.7243738276508882, 0.6419753086419753, 0.5764080951753807, 0.05096501258688163
42, 0, 0.4409680200507864, 0.6604682207107544, 0.6653386454183267, 0.7389380530973452, 0.665995419726763, 0.70020964360587, 0.7381296223360028, 0.07404391756034004
42, 100, 0.37122084174770864, 0.6754921674728394, 0.7069767441860465, 0.672566371681416, 0.7066187977538433, 0.6893424036281179, 0.6728906421214115, 0.04260216633566712
43, 0, 0.3440889681456611, 0.7347924709320068, 0.7209302325581395, 0.5486725663716814, 0.7186962010788477, 0.6231155778894473, 0.5499736518531531, 0.060110360845527816
43, 100, 0.3740682877367362, 0.7570170760154724, 0.7407407407407407, 0.5309734513274337, 0.7378546207232436, 0.6185567010309277, 0.5324663913540111, 0.068936917749522
44, 0, 0.4390336326090619, 0.6957440376281738, 0.7095238095238096, 0.6592920353982301, 0.7089889757844154, 0.6834862385321102, 0.6597544936431391, 0.05649275603020085
44, 100, 0.30804523872211576, 0.8289874792098999, 0.7552447552447552, 0.4778761061946903, 0.7509293680297398, 0.5853658536585366, 0.479620102888801, 0.11217176305146609
45, 0, 0.46101113478653133, 0.7078964710235596, 0.7122641509433962, 0.668141592920354, 0.7117987491832354, 0.6894977168949772, 0.6685516394879889, 0.058439924752554044
45, 100, 0.6803712775697932, 0.7801225781440735, 0.7485029940119761, 0.5530973451327433, 0.7458938910551813, 0.6361323155216284, 0.5545306803707121, 0.07564661967510405
46, 0, 0.3813689044909552, 0.8971925377845764, 0.7481481481481481, 0.4469026548672566, 0.7431881101559086, 0.5595567867036011, 0.44869144490873103, 0.13096067669545922
46, 100, 0.34300239640288055, 0.7840636968612671, 0.7383720930232558, 0.5619469026548672, 0.7360840123952713, 0.6381909547738693, 0.5632794660108906, 0.08688796574530085
47, 0, 0.31846323064528403, 0.7875204086303711, 0.7352941176470589, 0.5530973451327433, 0.7329037501451295, 0.6313131313131313, 0.554457619675011, 0.0804117600293418
47, 100, 0.3165068664122373, 0.8500770926475525, 0.7532467532467533, 0.5132743362831859, 0.7497760143350827, 0.6105263157894738, 0.5148984793882395, 0.10553667185811604
48, 0, 0.27534321607090534, 0.7651838660240173, 0.7035175879396985, 0.6194690265486725, 0.7025737851535327, 0.6588235294117647, 0.620202640466687, 0.07587374342127448
48, 100, 0.38770005223341286, 0.8966847062110901, 0.7482993197278912, 0.48672566371681414, 0.7443387377730136, 0.5898123324396783, 0.48841605486437767, 0.12456778787999553
49, 0, 0.44253191754687576, 0.9563908576965332, 0.7368421052631579, 0.4336283185840708, 0.7317758391246488, 0.5459610027855153, 0.4354022786257864, 0.14552510167117666
49, 100, 0.46227586595341563, 0.9191084504127502, 0.7448275862068966, 0.4778761061946903, 0.740730680429173, 0.5822102425876011, 0.47957792921521214, 0.13624222993652907
50, 0, 0.2796286286087707, 0.8865456581115723, 0.7388535031847133, 0.5132743362831859, 0.7356523923144543, 0.6057441253263707, 0.5148306015731422, 0.11308239418518755
50, 100, 0.4372410808689892, 0.8327645063400269, 0.6717948717948717, 0.5796460176991151, 0.6707391260265638, 0.6223277909738717, 0.580434305768809, 0.09871616298580063
51, 0, 0.1721352285705507, 0.7900406718254089, 0.6625514403292181, 0.7123893805309734, 0.663010682540977, 0.6865671641791045, 0.7118592128879744, 0.09728532031475179
51, 100, 0.3053363315295428, 0.9425008296966553, 0.738562091503268, 0.5, 0.735089527244622, 0.5963060686015831, 0.5016041840636399, 0.13629435381102087
52, 0, 0.28451801945921035, 1.086959719657898, 0.752, 0.415929203539823, 0.7460317460317459, 0.5356125356125356, 0.41777777777777775, 0.17291194340626223
52, 100, 0.2238937467569485, 0.8652740120887756, 0.6927083333333334, 0.588495575221239, 0.6914959332852878, 0.6363636363636365, 0.5893734643734644, 0.11307409953787527
53, 0, 0.28146584071218966, 1.1186150312423706, 0.7521367521367521, 0.3893805309734513, 0.7452624517860139, 0.5131195335276969, 0.39124884447770386, 0.18730797345000033
53, 100, 0.2900141941383481, 1.0161234140396118, 0.7394366197183099, 0.4646017699115044, 0.7351310134479413, 0.5706521739130435, 0.4663178260487203, 0.15326067397321486
54, 0, 0.4676498525543138, 0.969434916973114, 0.7212121212121212, 0.5265486725663717, 0.7185818486189166, 0.6086956521739131, 0.5279595870854381, 0.1423435332335993
54, 100, 0.2924995783250779, 0.9580488801002502, 0.7052023121387283, 0.5398230088495575, 0.7030697249800296, 0.6115288220551378, 0.5410793483511175, 0.14136817424961948
55, 0, 0.25422970033250747, 1.0102871656417847, 0.7152317880794702, 0.4778761061946903, 0.7117316977684981, 0.5729442970822282, 0.4794514526833985, 0.15567863814170121
55, 100, 0.30050422488711775, 1.190947413444519, 0.7297297297297297, 0.3584070796460177, 0.7223203249161222, 0.4807121661721068, 0.360221918893928, 0.20194884841289135
56, 0, 0.2573266133433208, 1.124336838722229, 0.728, 0.4026548672566372, 0.7222222222222222, 0.5185185185185185, 0.4044444444444444, 0.18267016393025365
56, 100, 0.4429397694999352, 0.9922885298728943, 0.7058823529411765, 0.5309734513274337, 0.7035876001393243, 0.6060606060606061, 0.5322793148880105, 0.14954099350040204
57, 0, 0.3552778743673116, 1.0279237031936646, 0.7225806451612903, 0.49557522123893805, 0.7193183263385475, 0.5879265091863517, 0.49712151175565805, 0.15443817732146886
57, 100, 0.3984681651927531, 1.0280317068099976, 0.7160493827160493, 0.5132743362831859, 0.7132594666991355, 0.5979381443298969, 0.5147175116422107, 0.16020217904639722
58, 0, 0.24113793941214684, 1.1511940956115723, 0.753968253968254, 0.42035398230088494, 0.7480898175580851, 0.5397727272727272, 0.4222036434040306, 0.19145061166347127
58, 100, 0.32105409950017927, 1.0765845775604248, 0.7086092715231788, 0.47345132743362833, 0.7051415894558266, 0.5676392572944298, 0.4750120873807746, 0.17792868991670885
59, 0, 0.2209559487178922, 1.0920552015304565, 0.7328767123287672, 0.47345132743362833, 0.7289221637663564, 0.5752688172043011, 0.47511650400070343, 0.1888442428667197
59, 100, 0.3490119431167841, 1.0280011892318726, 0.6914285714285714, 0.5353982300884956, 0.6894392417917183, 0.6034912718204489, 0.536597145993414, 0.17218517634061584
60, 0, 0.2827511536423117, 1.3758583068847656, 0.7419354838709677, 0.3053097345132743, 0.7315767373504094, 0.43260188087774293, 0.30709910545102015, 0.23606839181805866
60, 100, 0.1746733695268631, 1.1047289371490479, 0.7046979865771812, 0.4646017699115044, 0.7011106703689013, 0.56, 0.46617433733350916, 0.17432018499656587
61, 0, 0.30410731949377806, 1.1986942291259766, 0.7327586206896551, 0.37610619469026546, 0.7259428378149838, 0.4970760233918129, 0.37792745201620004, 0.20176748705582812
61, 100, 0.33308345270343126, 1.2116308212280273, 0.7280701754385965, 0.3672566371681416, 0.7210562532255291, 0.4882352941176471, 0.3690675354406973, 0.19871088837693748
62, 0, 0.28172873838338996, 1.2796838283538818, 0.7238095238095238, 0.336283185840708, 0.7156442289763192, 0.459214501510574, 0.33807531380753136, 0.22187059219366156
62, 100, 0.3661018176935613, 1.195146918296814, 0.7327586206896551, 0.37610619469026546, 0.7259428378149838, 0.4970760233918129, 0.37792745201620004, 0.20325498403239564
63, 0, 0.2812011264031753, 1.1317687034606934, 0.726027397260274, 0.4690265486725664, 0.7221098070956428, 0.5698924731182796, 0.47067616284181846, 0.18601478245603825
63, 100, 0.27332240538671615, 1.2090932130813599, 0.7304347826086957, 0.37168141592920356, 0.7235203820569673, 0.4926686217008798, 0.37349768875192607, 0.20541312529054367
64, 0, 0.2147149518597871, 1.2256147861480713, 0.7241379310344828, 0.37168141592920356, 0.71740233384069, 0.4912280701754386, 0.37348124669836247, 0.19895318979644672
64, 100, 0.14924606983549893, 1.0960276126861572, 0.7037037037037037, 0.504424778761062, 0.7009618896870814, 0.5876288659793815, 0.5058430717863105, 0.17774427664029394
65, 0, 0.27901221630163486, 1.1832631826400757, 0.7307692307692307, 0.42035398230088494, 0.7254649931952215, 0.5337078651685393, 0.4221293444786626, 0.2036388996922601
65, 100, 0.21000650897622108, 1.3938686847686768, 0.7727272727272727, 0.3008849557522124, 0.7609129182362063, 0.43312101910828027, 0.30271509167842037, 0.23890441161605105
66, 0, 0.3286619299091399, 1.289522409439087, 0.7383177570093458, 0.3495575221238938, 0.7302764049057294, 0.47447447447447444, 0.35138943937992695, 0.22547507872887423
66, 100, 0.19301422210410238, 1.2415094375610352, 0.7304347826086957, 0.37168141592920356, 0.7235203820569673, 0.4926686217008798, 0.37349768875192607, 0.20594293307677836
67, 0, 0.1440199496690184, 1.275936245918274, 0.7387387387387387, 0.36283185840707965, 0.7312378597916299, 0.48664688427299707, 0.3646691030778037, 0.2162645702637666
67, 100, 0.1835211981087923, 1.2407803535461426, 0.7288135593220338, 0.3805309734513274, 0.722268418426742, 0.4999999999999999, 0.3823399947178448, 0.21220118656292958
68, 0, 0.2352114375680685, 1.3477619886398315, 0.7272727272727273, 0.3185840707964602, 0.7181512936993878, 0.44307692307692303, 0.3203665359707476, 0.23239893085463387
68, 100, 0.2426450302824378, 1.3704460859298706, 0.7666666666666667, 0.3053097345132743, 0.7553652720572297, 0.4367088607594936, 0.3071397091229616, 0.23536736539573266
69, 0, 0.1534005937166512, 1.1664279699325562, 0.7226277372262774, 0.43805309734513276, 0.7180094786729858, 0.5454545454545454, 0.4397677793904209, 0.19208756778224378
69, 100, 0.22117835078388454, 1.3008277416229248, 0.7247706422018348, 0.3495575221238938, 0.7171490203127809, 0.47164179104477616, 0.3513584922277512, 0.2281853870645297
70, 0, 0.2124174573458731, 1.3496471643447876, 0.7578947368421053, 0.3185840707964602, 0.7476866132017272, 0.44859813084112155, 0.32042300066093854, 0.2332442181629945
70, 100, 0.1521831186953932, 1.2600288391113281, 0.7241379310344828, 0.37168141592920356, 0.71740233384069, 0.4912280701754386, 0.37348124669836247, 0.21747799199569012
71, 0, 0.1373256604652852, 1.230737566947937, 0.7272727272727273, 0.3893805309734513, 0.7210773973714101, 0.5072046109510087, 0.391179965670525, 0.21435440694336344
71, 100, 0.3858580339467153, 1.3440899848937988, 0.7425742574257426, 0.33185840707964603, 0.7335851249273678, 0.45871559633027525, 0.333685740716268, 0.2295678549701661
72, 0, 0.15199763318523765, 1.15180242061615, 0.710691823899371, 0.5, 0.7077390549423291, 0.587012987012987, 0.5014719451645504, 0.18459966747436374
72, 100, 0.12610417762771248, 1.2979025840759277, 0.7207207207207207, 0.35398230088495575, 0.7134027900406146, 0.47477744807121663, 0.3557747347100524, 0.22115598226674887
73, 0, 0.21861950056627394, 1.2897489070892334, 0.7256637168141593, 0.36283185840707965, 0.7185493666493146, 0.4837758112094395, 0.3646369920309955, 0.21877291941998808
73, 100, 0.14124878570437432, 1.2504533529281616, 0.7131147540983607, 0.38495575221238937, 0.7071463061323032, 0.5, 0.38671771851069453, 0.20524257322592018
74, 0, 0.24258556398563091, 1.3162378072738647, 0.7155963302752294, 0.34513274336283184, 0.7080711846126191, 0.46567164179104475, 0.34691091637676696, 0.22558028377856296
74, 100, 0.17037622882053255, 1.383742094039917, 0.7326732673267327, 0.3274336283185841, 0.7238039899283363, 0.4525993883792049, 0.32923659750671774, 0.23869073362938598
75, 0, 0.25663302317261694, 1.5625264644622803, 0.803030303030303, 0.2345132743362832, 0.7842074421330207, 0.36301369863013694, 0.23616871084443658, 0.26067504041160644
75, 100, 0.22530816374346613, 1.3585400581359863, 0.7474747474747475, 0.3274336283185841, 0.738099940746593, 0.45538461538461544, 0.3292656064143794, 0.22978913050507552
76, 0, 0.16906108697876335, 1.389037013053894, 0.7263157894736842, 0.3053097345132743, 0.716533004318322, 0.42990654205607476, 0.30707204230006613, 0.23266818384285518
76, 100, 0.16421203478239477, 1.448995590209961, 0.75, 0.2920353982300885, 0.738533126523377, 0.42038216560509556, 0.29381170662905504, 0.2454694135988181
77, 0, 0.1361803414300084, 1.3172357082366943, 0.7297297297297297, 0.3584070796460177, 0.7223203249161222, 0.4807121661721068, 0.360221918893928, 0.2162841686204207
77, 100, 0.13641538496594877, 1.2175829410552979, 0.7181208053691275, 0.47345132743362833, 0.7144651593283088, 0.5706666666666667, 0.4750538485208141, 0.19366015980135548
78, 0, 0.19130840431898832, 1.3713692426681519, 0.75, 0.33185840707964603, 0.740758849990221, 0.46012269938650313, 0.33370044052863435, 0.23118500821951743
78, 100, 0.13548034299165013, 1.4908262491226196, 0.7710843373493976, 0.2831858407079646, 0.7581515364766598, 0.41423948220064727, 0.28497112374906314, 0.2596139449263568
79, 0, 0.1371269582770765, 1.492814064025879, 0.7619047619047619, 0.2831858407079646, 0.7493623927660561, 0.4129032258064516, 0.2849585611003351, 0.25395641652290274
79, 100, 0.18031716654077173, 1.3978283405303955, 0.7684210526315789, 0.3230088495575221, 0.7580711494961958, 0.45482866043613707, 0.32487332011456266, 0.2372751728656281
80, 0, 0.18034570612944661, 1.3138967752456665, 0.7345132743362832, 0.3672566371681416, 0.7273121638035744, 0.4896755162241888, 0.36908378461673935, 0.21281998103435062
80, 100, 0.13226251732558014, 1.3510215282440186, 0.7238095238095238, 0.336283185840708, 0.7156442289763192, 0.459214501510574, 0.33807531380753136, 0.22300981304946196
81, 0, 0.17213280326686803, 1.5130411386489868, 0.7721518987341772, 0.26991150442477874, 0.758183608171302, 0.4, 0.27166100798095144, 0.25359665900798495
81, 100, 0.1278182242065668, 1.362809419631958, 0.7264150943396226, 0.3407079646017699, 0.7183631997044153, 0.463855421686747, 0.34250858803840395, 0.22647653445931135
82, 0, 0.12517184810712934, 1.3613214492797852, 0.719626168224299, 0.3407079646017699, 0.7117883946549515, 0.4624624624624625, 0.3424935042057515, 0.21940673928938614
82, 100, 0.15039183711633086, 1.5023095607757568, 0.7710843373493976, 0.2831858407079646, 0.7581515364766598, 0.41423948220064727, 0.28497112374906314, 0.25107279680339634
83, 0, 0.26593553214333954, 1.4046071767807007, 0.7422680412371134, 0.3185840707964602, 0.7326213983477735, 0.4458204334365325, 0.320394765828083, 0.2321102025267561
83, 100, 0.12205808069556952, 1.4540599584579468, 0.7419354838709677, 0.3053097345132743, 0.7315767373504094, 0.43260188087774293, 0.30709910545102015, 0.24004415552898317
84, 0, 0.22090923464857043, 1.3785961866378784, 0.7238095238095238, 0.336283185840708, 0.7156442289763192, 0.459214501510574, 0.33807531380753136, 0.22968062702401548
84, 100, 0.14304976421408355, 1.4662201404571533, 0.7752808988764045, 0.3053097345132743, 0.7636423405654175, 0.43809523809523804, 0.30715324606637573, 0.2401635719677516
85, 0, 0.14798604855313896, 1.5038020610809326, 0.7647058823529411, 0.28761061946902655, 0.7523493009397204, 0.41800643086816713, 0.2893982808022923, 0.24607988702446482
85, 100, 0.12289056787267326, 1.3944118022918701, 0.7272727272727273, 0.3185840707964602, 0.7181512936993878, 0.44307692307692303, 0.3203665359707476, 0.22919111110401888
86, 0, 0.13817176492884753, 1.5179862976074219, 0.7647058823529411, 0.28761061946902655, 0.7523493009397204, 0.41800643086816713, 0.2893982808022923, 0.24702147593870102
86, 100, 0.12842026120051742, 1.4998842477798462, 0.7386363636363636, 0.28761061946902655, 0.7273432306669622, 0.4140127388535032, 0.2893600141043724, 0.2501275986103358
87, 0, 0.14400431979447603, 1.5124703645706177, 0.7647058823529411, 0.28761061946902655, 0.7523493009397204, 0.41800643086816713, 0.2893982808022923, 0.252973241352402
87, 100, 0.13032233505509794, 1.497976541519165, 0.7471264367816092, 0.28761061946902655, 0.7354918216446337, 0.41533546325878595, 0.2893727685458633, 0.2462747828227229
88, 0, 0.2522549834568053, 1.4996836185455322, 0.7674418604651163, 0.2920353982300885, 0.7552685248130523, 0.4230769230769231, 0.2938376090981222, 0.24700895177645496
88, 100, 0.21607919316738844, 1.5425249338150024, 0.7590361445783133, 0.27876106194690264, 0.746305418719212, 0.4077669902912621, 0.280518449940484, 0.2517711685195697
89, 0, 0.2322404836304486, 1.5328510999679565, 0.7619047619047619, 0.2831858407079646, 0.7493623927660561, 0.4129032258064516, 0.2849585611003351, 0.24864476396644541
89, 100, 0.15579107366502287, 1.5816150903701782, 0.7761194029850746, 0.23008849557522124, 0.7583020502454518, 0.3549488054607509, 0.2317024749636035, 0.2573108527380808
90, 0, 0.23348165513016284, 1.4397600889205933, 0.7282608695652174, 0.29646017699115046, 0.7179079142796522, 0.42138364779874216, 0.2982108231976027, 0.2355555798858404
90, 100, 0.12283379482105375, 1.4401172399520874, 0.7346938775510204, 0.3185840707964602, 0.725314183123878, 0.4444444444444445, 0.3203806502775575, 0.23815113236814467
91, 0, 0.12013818239793181, 1.623473882675171, 0.7741935483870968, 0.21238938053097345, 0.7544351073762838, 0.3333333333333333, 0.21392639661106694, 0.2721833768506757
91, 100, 0.11903549255803228, 1.4148637056350708, 0.7142857142857143, 0.33185840707964603, 0.7062278575424203, 0.45317220543806647, 0.33362695441532697, 0.23146485626301935
92, 0, 0.20853060688823463, 1.262171745300293, 0.7019867549668874, 0.4690265486725664, 0.6985514811431555, 0.5623342175066313, 0.4705727220781504, 0.20839540538402782
92, 100, 0.13466664699371905, 1.519748330116272, 0.7586206896551724, 0.2920353982300885, 0.7468070804391665, 0.4217252396166134, 0.2938246572927227, 0.24906989801839924
93, 0, 0.23590617654845117, 1.4288625717163086, 0.7326732673267327, 0.3274336283185841, 0.7238039899283363, 0.4525993883792049, 0.32923659750671774, 0.23012400233903818
93, 100, 0.2479947831016034, 1.5438679456710815, 0.7411764705882353, 0.27876106194690264, 0.7292000916800366, 0.4051446945337621, 0.2804937183160678, 0.24964643770878292
94, 0, 0.12105529578402638, 1.5300284624099731, 0.7471264367816092, 0.28761061946902655, 0.7354918216446337, 0.41533546325878595, 0.2893727685458633, 0.2491097553773264
94, 100, 0.11857466297224165, 1.4025499820709229, 0.7358490566037735, 0.34513274336283184, 0.7276925919083688, 0.4698795180722891, 0.3469567515194222, 0.22809927607268357
95, 0, 0.19132467228919267, 1.4887287616729736, 0.7555555555555555, 0.3008849557522124, 0.7444179492737915, 0.43037974683544306, 0.3026884089907448, 0.24180626758761642
95, 100, 0.132547090947628, 1.4376929998397827, 0.75, 0.33185840707964603, 0.740758849990221, 0.46012269938650313, 0.33370044052863435, 0.23455861992145013
96, 0, 0.17536117392592132, 1.5879713296890259, 0.7532467532467533, 0.25663716814159293, 0.7390865505929851, 0.38283828382838286, 0.25832341138598586, 0.26060565514902106
96, 100, 0.14701380992773921, 1.5434480905532837, 0.7415730337078652, 0.2920353982300885, 0.730440499671269, 0.41904761904761906, 0.2937987571069682, 0.24912181893874583
97, 0, 0.15552115668542685, 1.4691510200500488, 0.7395833333333334, 0.3141592920353982, 0.7297984937919806, 0.4409937888198757, 0.3159587592527317, 0.23761959891535533
97, 100, 0.12311685746535658, 1.5509274005889893, 0.7529411764705882, 0.2831858407079646, 0.7407746963098785, 0.4115755627009646, 0.2849459995591801, 0.2524406478567197
98, 0, 0.12336909640580417, 1.4469705820083618, 0.7281553398058253, 0.33185840707964603, 0.719646589397682, 0.45592705167173253, 0.3336563449764348, 0.23392359668438412
98, 100, 0.17797634946182372, 1.5703229904174805, 0.7590361445783133, 0.27876106194690264, 0.746305418719212, 0.4077669902912621, 0.280518449940484, 0.24949438322698123
99, 0, 0.19654491799883544, 1.4674394130706787, 0.7473684210526316, 0.3141592920353982, 0.7373020769072589, 0.44236760124610586, 0.3159726812073144, 0.2361975350145218
99, 100, 0.12627207320183514, 1.5582228899002075, 0.75, 0.27876106194690264, 0.7376536053790865, 0.40645161290322585, 0.2805060835831423, 0.25239827722904434
