text_id,gold_label,DS_label,DSconf0,DSconf1,DSconf2
0,2,2,0.0605647326967,7.28146488105e-58,0.939435267303
1,1,1,7.60674029228e-313,1.0,1.1666192837e-13
2,1,1,0.0,1.0,2.1563955261e-20
3,0,0,0.996310409758,6.66897374271e-128,0.00368959024244
4,2,0,0.9994669738,4.1034777493e-108,0.0005330261999
5,1,1,0.0,1.0,7.03805843213e-75
6,2,2,0.250293246812,1.96111013823e-39,0.749706753188
7,2,2,0.00127837572683,0.00713564966648,0.991585974607
8,1,2,1.3806867101e-30,0.0520551755187,0.947944824481
9,2,2,0.0590999669817,1.14352316165e-39,0.940900033018
10,2,0,0.99935077953,2.25489370673e-108,0.000649220469798
11,2,0,0.982056932254,3.21445380313e-34,0.0179430677456
12,2,2,0.0355330343784,6.17905085123e-30,0.964466965622
13,2,2,0.0260566039525,7.53147892928e-87,0.973943396048
14,2,0,0.778649963245,1.08691618467e-38,0.221350036755
15,1,1,8.97366581677e-130,0.996671580452,0.00332841954838
16,2,2,0.000880077058417,0.00798418555334,0.991135737388
17,2,2,0.00734791991875,0.00315560993329,0.989496470148
18,2,0,1.0,0.0,1.57474863551e-18
19,0,0,1.0,0.0,6.11377025572e-28
20,1,1,0.0,1.0,4.78888061055e-225
21,1,1,3.98582296209e-161,1.0,2.76653543578e-20
22,2,2,2.81519217405e-37,7.21493603801e-20,1.0
23,1,1,2.63395281029e-34,0.78783496936,0.21216503064
24,2,2,0.00626614684906,5.57685411337e-37,0.993733853151
25,1,2,0.0201579393214,0.0137721322291,0.966069928449
26,2,2,0.150068651747,9.35549987394e-39,0.849931348253
27,0,0,0.999812151768,8.80169825273e-108,0.000187848231638
28,1,1,1.39088665003e-196,1.0,2.94534040303e-21
29,1,1,0.0,1.0,1.03719666182e-20
30,1,1,1.2144328916e-115,1.0,1.6891755995e-19
31,0,0,1.0,0.0,5.23077448331e-14
32,1,1,0.0,1.0,1.84757936483e-49
33,1,1,3.28328661478e-93,0.849396909055,0.150603090945
34,2,2,1.2643634267e-37,7.70376033033e-15,1.0
35,2,0,0.907126226073,2.51601123675e-75,0.0928737739272
36,2,2,0.00194991155541,0.00793390405212,0.990116184392
37,0,0,0.999979236597,3.45775652088e-152,2.07634025553e-05
38,1,1,1.14116385573e-101,0.999881680196,0.00011831980409
39,2,2,0.00161028761653,0.00724220289677,0.991147509487
40,1,1,9.93921472884e-41,0.66397102527,0.33602897473
41,2,2,0.000400945814417,0.00122375571316,0.998375298472
42,2,2,0.000468554836016,0.000964596929899,0.998566848234
43,1,2,0.00352372431236,0.000617987613316,0.995858288074
44,2,2,0.000722636232251,0.00132784359264,0.997949520175
45,1,1,5.23203103284e-94,0.999722399,0.000277600999983
46,1,1,7.91412222214e-154,1.0,4.6592001388e-21
47,2,2,4.76659675225e-41,1.10203222489e-38,1.0
48,2,2,2.92254011564e-62,0.00233079152305,0.997669208477
49,2,2,0.000722636232251,0.00132784359264,0.997949520175
50,0,0,1.0,0.0,6.38815744977e-18
51,2,0,0.608985146612,0.0,0.391014853388
52,2,2,6.42772223413e-35,0.0360634483894,0.963936551611
53,2,0,0.52468978598,3.76608653822e-95,0.47531021402
54,1,2,0.00900827523284,0.0833557035705,0.907636021197
55,2,0,0.999995161796,4.60992395938e-169,4.83820439892e-06
56,2,2,0.00711216545996,0.00343463199841,0.989453202542
57,2,2,0.0629633601402,1.06209205121e-46,0.93703663986
58,0,0,0.999997399378,2.6691204314e-181,2.60062168802e-06
59,0,0,0.999759686375,1.11170242972e-107,0.000240313624802
60,2,2,7.26486996769e-21,0.0,1.0
61,2,2,9.27051027575e-05,0.0025285034792,0.997378791418
62,2,2,1.04981489011e-32,0.0118552418752,0.988144758125
63,1,2,5.50193719583e-40,0.02986398307,0.97013601693
64,2,2,2.4773185352e-52,0.00817590227532,0.991824097725
65,2,2,0.134916111958,2.93559943979e-40,0.865083888042
66,2,2,1.45095454602e-05,7.27638257481e-38,0.999985490455
67,2,2,3.84400635598e-27,0.000443993649445,0.999556006351
68,1,2,0.00894389009809,4.11420801952e-29,0.991056109902
69,2,0,1.0,1.37516214983e-111,4.23822566266e-62
70,1,1,0.0,1.0,1.60913496447e-16
71,2,2,0.000548251970753,0.00132416886725,0.998127579162
72,1,1,1.27856150092e-34,0.979671225269,0.0203287747308
73,2,0,0.999998833886,1.77125772964e-202,1.16611371167e-06
74,2,2,0.0904026883075,3.47686975604e-40,0.909597311692
75,0,0,1.0,0.0,8.39537174764e-22
76,2,2,6.26091527784e-38,0.07068963062,0.92931036938
77,1,1,1.0479756356e-41,0.872180886275,0.127819113725
78,0,0,0.999999999999,0.0,1.016608546e-12
79,2,2,0.00161098437459,0.00198762731647,0.996401388309
80,2,0,0.999462953046,3.87213587825e-104,0.000537046954333
81,1,1,3.41140174019e-73,0.99994051409,5.94859098161e-05
82,0,0,1.0,0.0,6.18154695302e-53
83,1,1,0.0,1.0,1.60395976462e-15
84,1,1,4.12807590763e-70,0.881528220928,0.118471779072
85,2,0,0.990245169323,1.20149784354e-74,0.00975483067701
86,2,2,0.00479252056677,0.0273983600794,0.967809119354
87,1,1,2.93974494459e-102,0.997958533562,0.00204146643792
88,2,2,0.000123245371011,0.000156146804172,0.999720607825
89,2,0,1.0,0.0,5.78455888018e-22
90,1,1,8.12596015843e-154,1.0,1.40876685658e-20
91,2,2,4.6701615348e-39,0.00407867809073,0.995921321909
92,1,1,1.75580818619e-120,1.0,9.912810155e-18
93,2,2,0.00726604164423,0.00468890724818,0.988045051108
94,2,2,0.000722636232251,0.00132784359264,0.997949520175
95,2,2,0.00721635471223,1.01589932057e-39,0.992783645288
96,1,1,1.46024559133e-72,0.983850315116,0.0161496848837
97,2,2,0.000446075376144,9.09982442971e-32,0.999553924624
98,2,2,0.000498017679318,0.000929748379686,0.998572233941
99,1,1,6.99974065558e-80,0.99075809726,0.00924190274014
100,0,0,0.999999718197,0.0,2.81802791004e-07
101,2,0,0.506857923301,2.54233072467e-123,0.493142076699
102,1,1,8.00605505423e-105,0.999967003524,3.29964761192e-05
103,2,2,0.00352372431236,0.000617987613316,0.995858288074
104,2,2,0.000193430105984,0.000217882731581,0.999588687162
105,1,2,5.26517936822e-70,0.48101336873,0.51898663127
106,1,1,1.9662193635e-147,0.999980759043,1.92409566312e-05
107,2,1,1.43582642678e-65,0.984654493831,0.0153455061685
108,1,1,9.00784988848e-176,0.999998463741,1.53625859949e-06
109,2,2,0.287143650578,6.17474499378e-94,0.712856349422
110,2,2,0.0045009570777,0.0161695723974,0.979329470525
111,1,1,0.0,1.0,0.0
112,0,0,0.999999999971,0.0,2.87132640353e-11
113,0,0,1.0,0.0,4.97014583824e-31
114,1,1,1.58392478822e-116,1.0,8.88276702754e-20
115,1,1,0.0,1.0,6.53604706566e-35
116,1,1,0.0,0.709923058724,0.290076941276
117,1,2,9.1295676475e-34,0.354796687553,0.645203312447
118,1,1,8.20429024229e-151,1.0,1.80182499571e-20
119,1,1,0.0,0.999968369873,3.16301267398e-05
120,1,1,0.0,1.0,1.67563087945e-34
121,1,1,0.0,0.936411184684,0.0635888153163
122,1,2,1.06041377901e-38,0.290820332593,0.709179667407
123,1,1,1.98985167463e-67,0.998904469785,0.00109553021467
124,1,2,4.52389808772e-36,0.256124710864,0.743875289136
125,1,2,1.01879720586e-37,0.0818651589086,0.918134841091
126,0,0,1.0,0.0,9.08064403598e-30
127,2,2,0.0107322767388,2.11606405846e-39,0.989267723261
128,2,2,0.0015364196473,0.00319981997767,0.995263760375
129,2,2,0.00393278718472,0.00516726736718,0.990899945448
130,1,1,1.34283229276e-63,0.939118005979,0.0608819940207
131,2,2,0.00869995150984,0.0011955322132,0.990104516277
132,1,1,1.20685073929e-111,0.998901211419,0.0010987885811
133,2,2,0.000258720931677,0.0205466733955,0.979194605673
134,2,2,1.52168822977e-289,0.0013338051342,0.998666194866
135,2,2,2.66395173175e-25,3.21455237928e-40,1.0
136,2,2,2.97025392309e-62,0.00123194406385,0.998768055936
137,0,0,0.99416206432,7.10188126273e-124,0.00583793567958
138,1,1,1.11940455912e-61,0.774527028236,0.225472971764
139,2,2,0.0007191198859,0.00229617387576,0.996984706238
140,2,2,0.00170453442449,0.00654147286566,0.99175399271
141,2,2,6.23416301304e-32,0.00846573569989,0.9915342643
142,0,0,1.0,0.0,4.24500407645e-218
143,1,1,5.5847232582e-181,1.0,1.61738053299e-21
144,0,0,1.0,0.0,5.20221861896e-21
145,2,2,0.0900941180189,4.42722631471e-68,0.909905881981
146,1,1,2.25941920897e-146,1.0,1.06002241537e-18
147,1,1,7.84216682584e-168,1.0,5.43379037254e-21
148,0,0,0.999992674744,1.51594817214e-107,7.32525595259e-06
149,1,1,2.46917782148e-134,0.99966282233,0.000337177670251
150,1,2,3.01932633843e-49,0.0119329056293,0.988067094371
151,2,0,0.999999999455,0.0,5.45202252005e-10
152,0,0,0.999996577967,3.69585282445e-141,3.42203278517e-06
153,1,1,0.0,1.0,2.39166903909e-17
154,2,2,0.00721635471223,1.987052023e-51,0.992783645288
155,2,0,0.868646496516,1.43496304181e-81,0.131353503484
156,2,2,6.57525104038e-05,0.000202938842353,0.999731308647
157,2,0,0.999289531014,5.96733210401e-108,0.000710468986112
158,2,2,0.184880236342,1.73353306308e-39,0.815119763658
159,2,2,0.00410607241827,1.33318542719e-40,0.995893927582
160,2,0,0.999999998435,0.0,1.56496890935e-09
161,1,1,4.45770784421e-169,0.999789420632,0.00021057936785
162,0,0,1.0,0.0,4.45862446579e-13
163,2,2,0.332726552188,2.27956992703e-39,0.667273447812
164,1,1,8.54016787456e-102,0.99991345115,8.65488495995e-05
165,2,2,0.0344954100536,0.0292016807158,0.936302909231
166,1,2,4.53944188594e-35,0.425799489424,0.574200510576
167,1,1,0.0,1.0,7.32614394564e-37
168,2,0,0.999336756477,2.29144895022e-108,0.000663243522991
169,0,0,0.999999999999,0.0,1.26343969886e-12
170,0,0,0.99620684628,1.79387446301e-71,0.00379315371968
171,0,0,0.999289531014,5.96733210401e-108,0.000710468986112
172,1,2,3.38337555419e-35,0.115706525062,0.884293474938
173,2,2,0.00167288598142,0.000415382625785,0.997911731393
174,2,2,1.00100122112e-35,0.0209852333714,0.979014766629
175,2,2,0.000733989394166,0.00310779445028,0.996158216156
176,0,0,1.0,1.15752029759e-148,1.35309744545e-79
177,2,2,0.00307220819619,0.000479563759342,0.996448228044
178,2,2,5.70537644276e-22,2.23570654567e-25,1.0
179,0,0,1.0,0.0,5.06557971708e-198
180,0,0,1.0,0.0,6.24339093977e-22
181,2,0,0.909496303828,1.02832685231e-94,0.0905036961716
182,1,1,1.80519114412e-102,0.999664998027,0.000335001972963
183,1,1,6.43272755584e-62,0.95435311276,0.0456468872398
184,2,2,0.000193430105984,0.000217882731581,0.999588687162
185,1,1,2.85206063428e-296,0.953351837983,0.046648162017
186,1,1,0.0,1.0,1.50300091502e-183
187,1,1,3.04786292207e-70,0.996698917491,0.00330108250896
188,1,1,9.50468283658e-36,0.694638529734,0.305361470266
189,1,1,1.12247433299e-99,0.958532925162,0.0414670748379
190,2,0,1.0,0.0,1.79156597527e-27
191,1,2,7.44934726153e-49,0.00807411046082,0.991925889539
192,2,0,1.0,0.0,8.03068968919e-29
193,1,1,2.20877808619e-100,1.0,6.99641755582e-63
194,1,1,0.0,0.557933723574,0.442066276426
195,2,2,0.000575438512947,0.0225964237258,0.976828137761
196,2,0,0.996816534696,4.33778922161e-67,0.00318346530423
197,1,2,0.000400945814417,0.00122375571316,0.998375298472
198,2,2,0.00718490931479,1.44068791742e-31,0.992815090685
199,1,1,8.07329477775e-151,1.0,1.81137891648e-20
200,1,1,3.41733125171e-94,0.999858555624,0.000141444376273
201,2,2,0.000190495935959,0.000412600732053,0.999396903332
202,1,2,0.00205902573265,0.00733135314137,0.990609621126
203,2,2,0.0195994710215,1.7059485364e-30,0.980400528979
204,0,0,0.960776425917,2.7925042629e-75,0.039223574083
205,0,0,1.0,0.0,4.18762768601e-20
206,2,0,0.99748564556,5.16380527187e-67,0.00251435444017
207,2,2,7.49838687014e-07,0.00914028970709,0.990858960454
208,2,2,0.000722636232251,0.00132784359264,0.997949520175
209,2,0,1.0,0.0,5.30906113946e-21
210,1,1,3.7133088285e-35,0.85453642893,0.14546357107
211,0,0,1.0,0.0,9.54335049115e-30
212,1,1,1.85877102125e-95,0.999908588585,9.14114145664e-05
213,2,2,0.0538211372633,0.0722221580797,0.873956704657
214,2,2,0.0107305435727,8.66828602031e-23,0.989269456427
215,2,2,0.00204710094847,1.06904374539e-53,0.997952899052
216,1,2,0.0012514102304,0.00709847260764,0.991650117162
217,2,2,0.120851824241,3.32387862338e-40,0.879148175759
218,1,1,6.49516746718e-63,0.815959943984,0.184040056016
219,2,2,0.0207732940072,7.22604592878e-59,0.979226705993
220,1,1,1.41011907466e-73,0.987254254564,0.0127457454356
221,2,0,1.0,0.0,1.49946980155e-30
222,1,1,2.14038226391e-63,0.92868188551,0.0713181144895
223,2,2,0.0253606616092,1.97197415441e-30,0.974639338391
224,2,2,1.43476411747e-50,5.63486288866e-36,1.0
225,2,2,0.000249856183037,0.00424540428349,0.995504739533
226,1,1,7.321159735e-94,0.999003343085,0.000996656914661
227,1,1,5.08953772219e-105,0.999962397476,3.7602523681e-05
228,2,2,0.00260075249457,0.00727390511511,0.99012534239
229,1,2,7.80579655388e-80,0.0361278048088,0.963872195191
230,1,1,3.25362825772e-69,0.968096764537,0.0319032354629
231,1,1,2.79964130023e-102,0.999986417648,1.35823517259e-05
232,2,2,0.00236782240204,0.00303358732316,0.994598590275
233,2,2,0.336037768461,1.92688679079e-34,0.663962231539
234,1,2,9.20805896815e-80,0.00422416238128,0.995775837619
235,1,1,2.63631812944e-139,0.999992372287,7.62771305662e-06
236,2,2,0.00118938295084,0.00155540101094,0.997255216038
237,0,0,1.0,0.0,3.17664564458e-49
238,1,2,0.00205902573265,0.00733135314137,0.990609621126
239,2,0,1.0,0.0,3.61356176235e-43
240,1,1,8.20429024229e-151,1.0,1.80182499571e-20
241,2,2,0.375125809891,8.20708192253e-70,0.624874190109
242,2,2,5.82212150029e-32,0.0162614424576,0.983738557542
243,0,0,0.999381447548,4.04112270038e-108,0.00061855245233
244,2,2,0.00108492251999,7.8982341887e-05,0.998836095138
245,1,1,0.0,0.999999999995,4.56796921107e-12
246,0,0,1.0,0.0,2.15919844392e-22
247,2,2,3.37213659512e-30,0.0135645516228,0.986435448377
248,1,1,1.79156482092e-117,0.999514243086,0.000485756913931
249,2,2,0.00161028761653,0.00724220289677,0.991147509487
250,2,0,0.999999992586,0.0,7.41433893351e-09
251,1,1,2.45691499362e-143,1.0,2.49589712732e-20
252,2,2,0.000554477233993,0.0012102570932,0.998235265673
253,1,1,1.10303795172e-288,0.936698473434,0.0633015265662
254,2,2,0.0349467827275,4.27771092803e-39,0.965053217272
255,2,0,1.0,2.81861045957e-75,4.44754680148e-22
256,1,1,3.11271125483e-122,1.0,2.9393119816e-20
257,1,1,1.8648870902e-188,1.0,1.1676108923e-21
258,2,0,0.970415807811,0.0,0.0295841921893
259,2,2,0.0542122117531,7.67619544699e-33,0.945787788247
260,1,1,0.0,0.999987769723,1.22302774689e-05
261,1,1,0.0,1.0,9.87111518853e-75
262,1,1,1.92518053327e-148,0.999963601182,3.63988184076e-05
263,1,1,2.91720371624e-139,0.999991653457,8.34654278704e-06
264,1,1,1.01591490704e-101,0.999869558054,0.000130441945806
265,0,0,1.0,0.0,4.86393965714e-21
266,2,2,0.000783153184706,0.0281764025727,0.971040444243
267,1,1,5.34415208143e-153,1.0,1.09672787071e-20
268,1,1,0.0,1.0,6.11756235748e-76
269,1,1,2.91999394853e-103,0.999861046547,0.000138953452943
270,2,2,0.000400945814417,0.00122375571316,0.998375298472
271,1,1,0.0,1.0,1.43793141691e-17
272,2,2,0.000548251970753,0.00132416886725,0.998127579162
273,2,2,0.036061319414,8.70900904543e-41,0.963938680586
274,2,2,9.63589806659e-07,8.63335855125e-58,0.99999903641
275,1,2,0.00714692481949,1.09004563184e-17,0.992853075181
276,2,2,7.54555332917e-05,0.000261653210395,0.999662891256
277,1,2,2.12975250829e-30,0.211828971125,0.788171028875
278,2,0,0.953240114904,7.30689136843e-72,0.046759885096
279,1,1,1.82599459277e-189,1.0,2.20884994878e-21
280,2,0,0.999964819955,2.02734468937e-154,3.51800452756e-05
281,0,0,0.999992480257,3.93027014889e-184,7.51974329177e-06
282,1,1,5.45167488769e-116,1.0,3.21389596824e-19
283,2,2,6.42090691111e-51,5.37367247688e-42,1.0
284,0,0,1.0,0.0,9.3259328683e-20
285,2,0,0.805098517615,9.42681881623e-95,0.194901482385
286,1,1,3.35837332351e-136,0.992193598628,0.00780640137171
287,1,1,4.19768012814e-70,0.88207940279,0.11792059721
288,0,0,1.0,0.0,8.29511944299e-21
289,2,2,0.419727543908,9.72690711704e-39,0.580272456092
290,2,2,8.07040202989e-70,0.0116381293126,0.988361870687
291,1,1,0.0,1.0,1.45334530863e-94
292,2,2,1.13927870779e-38,0.00121749183561,0.998782508164
293,2,0,0.999824360541,2.16267905728e-161,0.000175639458563
294,2,2,0.0491092160854,4.15552718227e-28,0.950890783915
295,0,0,1.0,0.0,1.54984706801e-20
296,2,0,0.691977430681,0.0,0.308022569319
297,1,1,0.0,1.0,5.30535678937e-88
298,1,1,0.0,1.0,0.0
299,2,2,0.0020643609973,3.07248155583e-59,0.997935639003
300,2,2,0.456636308804,0.0,0.543363691196
301,1,1,1.09067467171e-110,0.950673661062,0.0493263389378
302,2,2,0.0214556687958,6.93881695369e-42,0.978544331204
303,1,1,8.19518808589e-196,1.0,8.01338873898e-22
304,1,1,0.0,1.0,2.67483420665e-59
305,1,1,1.32850949884e-82,1.0,4.10920963945e-16
306,0,0,1.0,0.0,4.53073566957e-133
307,1,1,5.40884819456e-143,0.998869303298,0.00113069670224
308,2,0,1.0,0.0,5.97584784311e-118
309,0,0,1.0,0.0,2.34700985416e-21
310,2,2,0.200507843072,8.36804503377e-38,0.799492156928
311,0,0,0.999942070023,6.72242546857e-105,5.79299768497e-05
312,2,2,3.827642533e-15,1.69107757213e-57,1.0
313,1,1,0.0,0.999979040238,2.09597620068e-05
314,1,1,1.55863473176e-116,1.0,5.07719807009e-20
315,2,1,0.0,1.0,1.30946012425e-73
316,1,1,2.63631812944e-139,0.999992372287,7.62771305662e-06
317,2,2,0.00504072412454,7.20742755271e-36,0.994959275875
318,2,0,0.999082351841,2.81183035326e-136,0.000917648158714
319,2,2,1.59310443099e-36,0.257194802859,0.742805197141
320,2,2,0.00424421503989,0.00152393888905,0.994231846071
321,1,1,1.01015101072e-73,0.793893001082,0.206106998918
322,2,2,0.000400945814417,0.00122375571316,0.998375298472
323,2,0,1.0,0.0,1.0174156557e-17
324,0,0,1.0,0.0,1.12280579078e-28
325,2,0,0.823362557914,1.97039127027e-83,0.176637442086
326,2,2,0.000405495618012,0.00111847417132,0.998476030211
327,2,0,0.999994043705,1.03521965467e-151,5.95629474056e-06
328,1,1,1.86668563468e-82,1.0,3.50558568221e-16
329,2,2,0.324658723117,5.94451015169e-35,0.675341276883
330,2,0,0.987668482069,4.29959623504e-131,0.0123315179306
331,2,1,0.0,0.984031569467,0.0159684305331
332,2,2,2.00198462561e-28,2.14533442361e-38,1.0
333,2,2,0.0125274886941,0.0,0.987472511306
334,0,0,0.846386162093,3.88409448203e-75,0.153613837907
335,2,2,8.77699036241e-83,1.74674047308e-67,1.0
336,1,1,1.7236480547e-104,0.9998819716,0.000118028399953
337,1,1,3.84264701508e-94,0.999821613776,0.000178386224275
338,1,1,8.07329477775e-151,1.0,1.81137891648e-20
339,2,2,2.11498889839e-34,0.0886548453704,0.91134515463
340,2,0,0.881079318104,3.21215018256e-75,0.118920681896
341,2,2,0.0115541369407,0.00219377273319,0.986252090326
342,1,1,0.0,1.0,1.27517863387e-180
343,2,2,0.0511663437159,0.0,0.948833656284
344,0,0,0.999999999926,0.0,7.3684997564e-11
345,2,2,0.000722636232251,0.00132784359264,0.997949520175
346,2,2,9.84381453196e-09,9.59796270645e-28,0.999999990156
347,2,0,0.999504763766,2.61365870687e-108,0.000495236234494
348,1,1,6.78458746543e-102,0.999907543438,9.24565618105e-05
349,1,1,0.0,0.999999999998,1.69725667909e-12
350,2,0,0.873551280427,3.0221287767e-103,0.126448719573
351,2,2,3.27626885697e-57,3.5222124034e-44,1.0
352,1,1,0.0,1.0,2.48275685798e-20
353,1,1,3.86862608483e-154,0.999996220799,3.77920123947e-06
354,2,0,0.999999999941,0.0,5.92199890327e-11
355,2,2,0.00053754848694,0.00124332661199,0.998219124901
356,2,2,0.00669456237156,3.7272779336e-39,0.993305437628
357,0,0,1.0,0.0,2.9036929532e-21
358,1,1,7.13726615152e-34,0.699673078023,0.300326921977
359,1,2,6.85797911464e-34,1.17198005007e-15,1.0
360,2,2,0.017725355168,1.76684058102e-57,0.982274644832
361,1,2,5.50835824753e-35,0.39343446338,0.60656553662
362,1,2,0.00205902573265,0.00733135314137,0.990609621126
363,1,1,1.58392478822e-116,1.0,8.88276702754e-20
364,1,1,1.26813696513e-62,0.904285553942,0.0957144460576
365,2,2,4.13404554394e-49,0.00744275258641,0.992557247414
366,0,0,0.999999958074,0.0,4.19262100479e-08
367,1,1,1.3619869812e-106,0.99390585824,0.00609414176044
368,1,1,4.64088990025e-146,0.999932962943,6.70370571922e-05
369,2,1,1.2984279816e-74,0.922707021436,0.077292978564
370,2,2,0.00640876003462,2.32355787629e-31,0.993591239965
371,2,2,5.29739893171e-28,0.00910413809571,0.990895861904
372,2,2,0.0736210293802,1.90146737181e-95,0.92637897062
373,1,2,1.43659015799e-62,0.470129693239,0.529870306761
374,1,1,0.0,1.0,2.05512560954e-19
375,2,0,0.550607576281,1.91760131683e-37,0.449392423719
376,1,1,2.63631812944e-139,0.999992372287,7.62771305662e-06
377,1,2,2.4364148227e-36,0.0596867688572,0.940313231143
378,2,0,0.976968385224,7.72753687961e-80,0.0230316147757
379,1,1,3.98582296209e-161,1.0,2.76653543578e-20
380,2,2,0.00711216545996,0.00343463199841,0.989453202542
381,2,0,0.856570964337,1.02000702755e-61,0.143429035663
382,2,2,0.000564348986461,0.00176443351072,0.997671217503
383,1,2,2.60795031365e-35,0.137141236652,0.862858763348
384,1,1,3.23420367911e-107,0.997232217676,0.00276778232375
385,0,0,1.0,0.0,4.04405290114e-45
386,1,2,4.61396597024e-35,0.256645680486,0.743354319514
387,2,1,0.0,1.0,6.90004753291e-55
388,2,2,0.000207571578918,3.55898939407e-50,0.999792428421
389,2,0,0.99999999721,0.0,2.7904121276e-09
390,1,1,2.99583870825e-71,0.934435854556,0.0655641454442
391,0,0,1.0,0.0,6.24339093977e-22
392,2,0,0.881079318104,3.21215018256e-75,0.118920681896
393,2,2,0.00117896116481,0.0235202556433,0.975300783192
394,2,2,7.54555332917e-05,0.000261653210395,0.999662891256
395,0,0,0.999999999997,0.0,3.25057288535e-12
396,1,1,8.7360372371e-132,0.999988438364,1.15616362505e-05
397,1,1,1.92639933199e-71,0.955453479738,0.0445465202616
398,2,2,0.121948520058,3.40418882774e-77,0.878051479942
399,2,2,0.0137771213175,0.00175259480686,0.984470283876
400,2,2,0.011302961077,0.00160602002628,0.987091018897
401,0,0,0.999933496496,7.88977985889e-164,6.65035040676e-05
402,2,2,0.000894235315074,0.0018326406035,0.997273124081
403,1,1,0.0,1.0,1.53709194534e-151
404,0,0,0.999862009009,4.52997165084e-172,0.000137990990535
405,1,1,2.70203725092e-94,0.999946724492,5.32755084779e-05
406,2,2,6.41021904816e-33,0.35455771968,0.64544228032
407,1,1,1.77609693054e-140,0.999995996583,4.00341713094e-06
408,2,2,1.79904584233e-69,9.85082371932e-61,1.0
409,2,2,0.00347707278716,0.0139218069508,0.982601120262
410,2,2,0.0906856605466,3.00304395124e-66,0.909314339453
411,1,1,4.43132352774e-135,1.0,1.31931295927e-17
412,2,2,3.01144994166e-35,0.395345667129,0.604654332871
413,2,2,0.00603193557518,2.41157603372e-31,0.993968064425
414,1,2,3.38337555419e-35,0.115706525062,0.884293474938
415,2,2,0.000354500794073,0.000528796392527,0.999116702813
416,2,2,0.000405495618012,0.00111847417132,0.998476030211
417,1,1,0.0,1.0,2.93382979555e-54
418,2,0,1.0,0.0,2.52278702955e-60
419,1,2,0.00010728762722,0.000200738299538,0.999691974073
420,2,2,0.000400945814417,0.00122375571316,0.998375298472
421,0,0,0.999991990698,1.30308280322e-151,8.00930238167e-06
422,1,1,4.61841623258e-98,0.602026897157,0.397973102843
423,1,1,3.52643594485e-104,0.999934654019,6.53459810392e-05
424,1,1,5.31881774103e-133,0.999994454455,5.54554517292e-06
425,1,1,2.45691499362e-143,1.0,2.49589712732e-20
426,1,1,0.0,1.0,2.95007827239e-58
427,1,1,2.60157611171e-115,1.0,1.85193584984e-19
428,1,2,2.35690611094e-66,0.283866538849,0.716133461151
429,1,1,6.50199232643e-161,1.0,1.68878011627e-19
430,1,1,2.45691499362e-143,1.0,2.49589712732e-20
431,0,0,1.0,0.0,2.92905826281e-15
432,0,0,1.0,0.0,6.24339093977e-22
433,1,1,1.03176867027e-61,0.868937162821,0.131062837179
434,2,2,0.00658234824674,4.29332882753e-47,0.993417651753
435,2,2,0.00726957685297,2.73235273545e-40,0.992730423147
436,2,2,0.455029357332,1.66344158374e-88,0.544970642668
437,2,2,0.00200790323188,7.95589643996e-36,0.997992096768
438,1,1,3.30349613765e-115,1.0,1.44382859247e-19
439,0,0,0.877768505926,6.95074688849e-95,0.122231494074
440,1,1,1.80519114412e-102,0.999664998027,0.000335001972963
441,2,2,0.0278921625156,8.49573415412e-59,0.972107837484
442,2,2,0.0624481524093,1.54285416059e-40,0.937551847591
443,1,1,2.63631812944e-139,0.999992372287,7.62771305662e-06
444,2,0,0.999999999997,0.0,3.37394886819e-12
445,2,2,0.00712442719462,0.00171650266443,0.991159070141
446,2,0,0.995804549927,0.0,0.00419545007313
447,2,2,1.45001552602e-09,0.00194576654906,0.998054232001
448,2,2,0.019296489758,7.67482645238e-68,0.980703510242
449,2,0,0.81112948525,4.70869897599e-80,0.18887051475
450,1,1,4.52786565491e-84,0.967825553612,0.0321744463879
451,1,2,4.1120259691e-35,0.141740035265,0.858259964735
452,1,1,2.91720371624e-139,0.999991653457,8.34654278704e-06
453,1,1,4.68169581963e-153,1.0,1.21551598123e-20
454,1,1,1.48937514411e-70,0.98219988532,0.0178001146801
455,2,2,8.83512693806e-05,0.000700127790054,0.999211520941
456,2,1,2.68877959181e-102,0.999776522642,0.000223477358144
457,0,0,0.999996577967,3.69585282445e-141,3.42203278517e-06
458,2,0,0.999999999915,0.0,8.4765109386e-11
459,2,2,1.03423496847e-05,6.79008793593e-40,0.99998965765
460,2,0,0.999868550589,2.12949051706e-103,0.000131449411476
461,2,0,1.0,0.0,4.18378564226e-95
462,1,2,0.00161098437459,0.00198762731647,0.996401388309
463,2,2,0.00267070309302,4.70449531623e-56,0.997329296907
464,2,2,0.00191917849782,0.000535401384126,0.997545420118
465,2,2,2.94254389163e-13,2.57684612643e-67,1.0
466,2,2,0.00145168032822,7.13415136146e-31,0.998548319672
467,2,0,1.0,6.04365255413e-75,9.05710500868e-27
468,2,2,0.00203184290822,0.0108709463395,0.987097210752
469,1,2,0.00205902573265,0.00733135314137,0.990609621126
470,1,2,0.00205902573265,0.00733135314137,0.990609621126
471,2,2,0.000690800694564,9.38529746311e-05,0.999215346331
472,2,2,0.000249856183037,0.00424540428349,0.995504739533
473,2,2,0.00258207231151,0.000777101469364,0.996640826219
474,0,0,1.0,0.0,1.51249507006e-13
475,1,1,2.73659047307e-203,1.0,5.78498367267e-22
476,1,2,1.31456142709e-34,0.0490022260316,0.950997773968
477,2,2,0.0036277141071,0.000823579025913,0.995548706867
478,0,0,1.0,0.0,1.51249507006e-13
479,2,2,0.000790967652428,0.000792221151561,0.998416811196
480,2,2,1.5150371251e-48,0.0443204914809,0.955679508519
481,2,2,0.056947739021,2.61406213322e-51,0.943052260979
482,2,2,0.00108492251999,7.8982341887e-05,0.998836095138
483,2,0,0.999605725444,1.60520436697e-108,0.00039427455556
484,2,0,0.840793897807,4.39145188681e-71,0.159206102193
485,1,1,9.63909134202e-81,0.963538958436,0.0364610415635
486,2,2,0.00195742866099,0.000570224206175,0.997472347133
487,2,2,0.0739477255372,4.56909868825e-39,0.926052274463
488,2,0,1.0,0.0,7.6772454354e-43
489,2,2,0.00205902573265,0.00733135314137,0.990609621126
490,2,2,0.00413593705305,1.64634821762e-86,0.995864062947
491,0,0,1.0,0.0,6.23437461099e-22
492,1,1,0.0,1.0,8.96309674364e-18
493,2,0,0.999999997178,0.0,2.82179211643e-09
494,2,2,0.00205902573265,0.00733135314137,0.990609621126
495,1,1,4.1999033403e-69,0.761235509957,0.238764490043
496,2,0,1.0,0.0,1.67575215912e-19
497,2,2,2.68937521271e-07,0.00101747612225,0.99898225494
498,2,2,8.77257950907e-07,7.11391576449e-54,0.999999122742
499,0,0,1.0,0.0,3.88362472557e-62
500,1,1,1.1726587447e-34,0.521784177255,0.478215822745
501,2,2,0.00170453442449,0.00654147286566,0.99175399271
502,2,0,0.999406124592,0.0,0.000593875408381
503,2,2,0.0259310954966,2.69436794644e-30,0.974068904503
504,2,0,0.619513036107,1.52184009682e-78,0.380486963893
505,2,2,0.0022481386307,0.000443470440953,0.997308390928
506,2,2,0.00180638582737,0.0034782785585,0.994715335614
507,1,1,2.45691499362e-143,1.0,2.49589712732e-20
508,2,2,0.00252446767459,0.00056856974247,0.996906962583
509,1,1,2.76169991749e-189,1.0,4.9603306132e-22
510,1,1,0.0,1.0,3.24667285126e-36
511,0,0,1.0,0.0,1.18548375346e-20
512,1,1,1.72303086276e-95,0.999937075387,6.29246134261e-05
513,1,1,2.58734968764e-73,0.880444394145,0.119555605855
514,2,2,0.0,0.0550460248822,0.944953975118
515,2,2,0.00257888345249,0.000571551593278,0.996849564954
516,0,0,0.999824719831,7.39780383589e-146,0.000175280169112
517,0,0,1.0,0.0,2.24052984168e-71
518,1,1,2.73659047307e-203,1.0,5.78498367267e-22
519,0,0,0.999381447548,4.04112270038e-108,0.00061855245233
520,2,2,0.000722636232251,0.00132784359264,0.997949520175
521,2,0,0.979701651754,2.56485829869e-70,0.0202983482462
522,2,0,0.999999999803,0.0,1.97164744363e-10
523,0,0,1.0,0.0,5.76239944237e-72
524,1,2,1.26370987979e-34,1.11979156957e-19,1.0
525,2,2,0.0136644072148,2.94175636435e-40,0.986335592785
526,0,0,0.999460982807,4.54065738745e-108,0.000539017193234
527,2,0,0.894855456994,2.20910118827e-75,0.105144543006
528,2,2,4.5509002477e-30,0.0101140441434,0.989885955857
529,1,1,2.11972911812e-71,0.886292707754,0.113707292246
530,2,2,0.000730840382865,0.00121361370383,0.998055545913
531,2,2,8.84627786968e-38,0.115389135311,0.884610864689
532,2,2,0.00436908974196,2.24032802178e-31,0.995630910258
533,2,0,0.99574598137,6.92434879277e-116,0.00425401863024
534,0,0,0.999868550589,2.12949051706e-103,0.000131449411476
535,2,2,0.015363041806,0.00417604195923,0.980460916235
536,2,2,0.00713667732025,3.23597535186e-49,0.99286332268
537,2,2,0.216748073147,1.99401244759e-38,0.783251926853
538,0,0,0.999999999996,0.0,4.19481949374e-12
539,2,0,0.995659865942,6.92912464755e-100,0.00434013405767
540,2,2,0.000707363273459,0.00132086947147,0.997971767255
541,1,1,3.48052978557e-68,0.998350654461,0.00164934553876
542,1,1,8.3085777232e-114,0.9995172783,0.000482721699938
543,1,1,2.31354033803e-115,1.0,4.18194758118e-44
544,0,0,1.0,0.0,4.04405290114e-45
545,0,0,0.999592854787,6.28726217074e-116,0.000407145213446
546,0,0,0.998813284316,3.83527844191e-104,0.00118671568396
547,2,2,0.0231248527667,1.81923502297e-47,0.976875147233
548,2,2,0.0111670980014,6.7207260605e-18,0.988832901999
549,2,2,3.65514455817e-06,1.40359753127e-42,0.999996344855
550,2,0,0.965560503805,5.18942836943e-75,0.0344394961947
551,0,0,0.999994043705,1.03521965467e-151,5.95629474056e-06
552,2,2,0.00162935033265,0.00181672355922,0.996553926108
553,2,2,0.0006299137676,0.00103021093442,0.998339875298
554,1,1,0.0,1.0,4.31519020693e-56
555,0,0,1.0,0.0,1.32889905522e-62
556,2,2,0.000722636232251,0.00132784359264,0.997949520175
557,2,2,0.00200790315711,8.48585690082e-42,0.997992096843
558,2,2,0.000548251970753,0.00132416886725,0.998127579162
559,1,1,3.53470281209e-146,0.999990151656,9.84834412914e-06
560,2,2,0.00200790315711,1.92800163811e-42,0.997992096843
561,2,2,0.00808666036957,5.4338996053e-48,0.99191333963
562,1,2,6.26091527784e-38,0.07068963062,0.92931036938
563,1,1,0.0,1.0,1.08263891958e-49
564,1,1,4.37251837958e-87,0.961246834404,0.0387531655958
565,2,2,1.88056413969e-28,0.00150730061914,0.998492699381
566,0,0,1.0,0.0,2.6454071947e-24
567,2,2,1.32491790477e-42,0.021889842747,0.978110157253
568,2,2,0.218961959354,7.67578337141e-43,0.781038040646
569,2,2,1.12293769492e-06,1.40134841952e-67,0.999998877062
570,2,2,0.0904026883075,3.47686975604e-40,0.909597311692
571,0,0,0.999996577967,3.69585282445e-141,3.42203278517e-06
572,2,2,0.0059756540844,2.05251513136e-216,0.994024345916
573,2,2,0.000468554836016,0.000964596929899,0.998566848234
574,2,2,0.00161098437459,0.00198762731647,0.996401388309
575,1,1,7.91412222214e-154,1.0,4.6592001388e-21
576,2,2,0.000249856183037,0.00424540428349,0.995504739533
577,1,2,5.44986821087e-35,0.192429294588,0.807570705412
578,2,0,0.745478452096,6.46748650884e-71,0.254521547904
579,1,1,2.35870147113e-68,0.98749218447,0.0125078155303
580,2,0,0.999708761487,0.0,0.000291238513361
581,2,2,0.00161098437459,0.00198762731647,0.996401388309
582,2,0,0.983698703779,4.876426855e-100,0.0163012962212
583,1,1,3.47540954337e-139,0.999982405813,1.75941867574e-05
584,2,0,1.0,0.0,1.51891356068e-44
585,2,0,0.932608237808,1.42604034662e-72,0.0673917621923
586,2,0,1.0,0.0,1.79914828902e-21
587,2,2,0.00170381138758,2.95422518885e-21,0.998296188612
588,2,2,0.00404615531019,0.000480509833197,0.995473334857
589,2,2,0.202704673838,3.23985268225e-38,0.797295326162
590,2,2,4.21158300862e-47,1.65991527235e-35,1.0
591,1,1,1.77663273043e-100,0.993265841916,0.00673415808369
592,2,2,0.000193430105984,0.000217882731581,0.999588687162
593,1,1,7.84216682584e-168,1.0,5.43379037254e-21
594,1,1,7.84216682584e-168,1.0,5.43379037254e-21
595,1,2,2.48891516826e-40,0.0201198971939,0.979880102806
596,1,2,1.16358027646e-29,0.146321196074,0.853678803926
597,2,2,5.2779771709e-34,0.253971511097,0.746028488903
598,1,1,2.16209099542e-118,1.0,7.18789488809e-18
599,1,1,0.0,1.0,3.35571656631e-89
600,1,1,8.07329477775e-151,1.0,1.81137891648e-20
601,2,2,0.00338542098618,4.65543811136e-40,0.996614579014
602,2,0,0.987815016383,3.60544839119e-72,0.0121849836169
603,2,2,0.00516705397999,3.06274515142e-31,0.99483294602
604,2,2,2.96736039134e-35,0.466128206683,0.533871793317
605,0,0,0.999941064991,1.6125507842e-152,5.8935008975e-05
606,2,2,0.363229695307,1.42096340116e-37,0.636770304693
607,2,2,4.52957258554e-08,0.00961711071355,0.990382843991
608,2,2,3.93116885821e-35,0.05578528572,0.94421471428
609,2,2,0.0236663363175,6.71675394639e-40,0.976333663683
610,1,1,8.18509689019e-63,1.0,2.4107475825e-27
611,1,2,4.99512371748e-35,0.418113257385,0.581886742615
612,2,2,4.12280865962e-08,0.00237695295424,0.997623005818
613,2,2,4.85711692187e-69,1.46784861124e-13,1.0
614,2,0,0.870585565868,2.453295127e-75,0.129414434132
615,0,0,1.0,0.0,4.04405290114e-45
616,1,1,1.37493683956e-107,0.999635617881,0.000364382118889
617,1,1,8.38228802826e-66,0.985420010843,0.0145799891571
618,2,2,0.0886596233754,0.0,0.911340376625
619,1,1,5.08358294659e-174,1.0,2.11502486691e-19
620,1,2,6.40895617639e-40,0.111088063108,0.888911936892
621,2,2,9.36338286834e-163,0.0,1.0
622,2,2,2.13690144096e-15,0.00699748429716,0.993002515703
623,2,0,0.905196670187,9.13576340984e-85,0.0948033298134
624,1,1,4.79641669621e-189,0.999960952713,3.90472871676e-05
625,2,2,0.000722636232251,0.00132784359264,0.997949520175
626,0,0,0.999996577967,3.69585282445e-141,3.42203278517e-06
627,1,1,3.63096429906e-70,0.870955435629,0.129044564371
628,1,1,3.17211055616e-97,0.993122707699,0.0068772923006
629,1,2,7.7180757996e-67,0.00252108204424,0.997478917956
630,1,1,1.1527829309e-150,1.0,1.53714520821e-20
631,0,0,1.0,0.0,1.14791104976e-44
632,2,2,6.30189201895e-16,6.47110692421e-05,0.999935288931
633,1,1,0.0,1.0,1.39000795294e-207
634,1,1,5.57552227672e-77,0.979222976535,0.0207770234652
635,2,2,1.16519158749e-30,0.00069540702534,0.999304592975
636,2,2,2.40701439525e-47,7.19625827572e-36,1.0
637,2,0,0.788948690467,1.37370578095e-78,0.211051309533
638,2,2,0.0,0.0,1.0
639,2,0,0.999999999998,0.0,2.32001363073e-12
640,2,2,0.00014143326436,0.000201324293463,0.999657242442
641,2,2,0.00344944170525,0.000614775941006,0.995935782354
642,2,2,0.0902039148998,8.91483466217e-38,0.9097960851
643,2,2,0.472050991459,4.82853372201e-74,0.527949008541
644,2,2,0.11535987189,0.0,0.88464012811
645,2,0,0.998402514155,3.59475391762e-144,0.00159748584491
646,1,1,3.89614795559e-155,1.0,8.66705912903e-21
647,1,1,1.05413031029e-81,1.0,1.30611940331e-16
648,2,2,0.00221933558359,0.000657011374914,0.997123653041
649,0,0,0.999994043705,1.03521965467e-151,5.95629474056e-06
650,2,2,0.00157697125339,0.00197723191186,0.996445796835
651,1,1,8.76843917976e-113,0.999485727732,0.000514272267842
652,1,2,3.38337555419e-35,0.115706525062,0.884293474938
653,1,1,1.11984701245e-121,0.99894306999,0.00105693000972
654,2,2,1.00370160895e-31,3.88970069e-20,1.0
655,0,0,0.999460982807,4.54065738745e-108,0.000539017193234
656,1,1,2.31354033803e-115,1.0,1.70141419135e-19
657,2,2,6.57525104038e-05,0.000202938842353,0.999731308647
658,1,1,0.0,1.0,4.51441728655e-18
659,2,2,0.000722636232251,0.00132784359264,0.997949520175
660,0,0,1.0,0.0,2.52701270406e-87
661,2,2,0.000722636232251,0.00132784359264,0.997949520175
662,1,1,0.0,1.0,2.76605356447e-34
663,1,1,8.20429024229e-151,1.0,1.80182499571e-20
664,1,1,7.59573957994e-78,0.999933218521,6.67814789088e-05
665,2,2,0.00252552760852,0.000148944135724,0.997325528256
666,1,1,1.11667199189e-65,0.960543145803,0.0394568541967
667,2,2,0.0064360612235,1.11974756354e-40,0.993563938777
668,2,2,0.00447305442779,0.0108675886856,0.984659356887
669,1,1,3.92478177006e-315,0.980144602068,0.0198553979323
670,1,1,1.65368501902e-66,0.957395965806,0.0426040341942
671,2,2,0.000251116856211,0.00041379397511,0.999335089169
672,1,1,0.0,1.0,9.24034655479e-25
673,1,1,2.12756953092e-118,1.0,1.77609811215e-42
674,1,2,0.0016490531423,0.0071164578124,0.991234489045
675,2,0,0.999571915338,8.83690696177e-104,0.000428084662176
676,2,2,1.18895491794e-34,1.16176952759e-19,1.0
677,2,2,0.000722636232251,0.00132784359264,0.997949520175
678,1,1,1.35408501013e-95,0.999777428963,0.000222571036965
679,1,1,0.0,1.0,0.0
680,2,2,0.337936415233,1.44457678596e-65,0.662063584767
681,2,0,0.772180606749,1.92063505539e-75,0.227819393251
682,2,2,4.067705293e-37,0.27188056483,0.72811943517
683,2,0,0.915339757225,3.36603025384e-74,0.0846602427748
684,0,0,1.0,0.0,2.66142503977e-41
685,0,0,0.99999989272,3.92765999207e-185,1.07280059912e-07
686,1,1,2.53659474219e-102,0.999714194208,0.000285805791687
687,2,2,8.83512693806e-05,0.000700127790054,0.999211520941
688,0,0,0.993869853626,5.30084163617e-70,0.00613014637353
689,2,2,0.000722636232251,0.00132784359264,0.997949520175
690,2,0,0.995700616864,2.94366839886e-128,0.00429938313615
691,2,0,0.999996577967,3.69585282445e-141,3.42203278517e-06
692,1,1,3.96689438572e-141,0.999986011281,1.39887187203e-05
693,2,2,7.54555332917e-05,0.000261653210395,0.999662891256
694,2,2,0.00104766524752,4.04071336511e-21,0.998952334752
695,2,2,0.191237050206,2.51949709777e-46,0.808762949794
696,2,2,0.00927820277318,3.31092896567e-31,0.990721797227
697,1,1,9.45541220936e-62,0.933554213551,0.0664457864489
698,1,1,1.98725887789e-70,0.698534694053,0.301465305947
699,1,2,2.56596048184e-93,0.424709777107,0.575290222893
700,2,2,2.4364148227e-36,0.0596867688572,0.940313231143
701,2,2,0.0119675741415,4.39133381621e-31,0.988032425859
702,1,2,0.000213867473202,0.00159017215018,0.998195960377
703,1,2,1.70528170732e-54,0.201427590591,0.798572409409
704,1,1,2.73659047307e-203,1.0,5.78498367267e-22
705,1,2,2.49563734334e-65,0.435711356249,0.564288643751
706,2,0,0.999996577967,3.69585282445e-141,3.42203278517e-06
707,2,2,5.08330356297e-30,0.023115928952,0.976884071048
708,2,2,0.00118938295084,0.00155540101094,0.997255216038
709,0,0,1.0,0.0,4.04405290114e-45
710,1,1,0.0,1.0,7.90584668745e-17
711,2,2,0.00110692437803,5.44301507644e-42,0.998893075622
712,2,2,0.000722636232251,0.00132784359264,0.997949520175
713,2,2,2.60795031365e-35,0.137141236652,0.862858763348
714,2,2,0.0590156549477,0.0334204568358,0.907563888216
715,2,2,0.00118938295084,0.00155540101094,0.997255216038
716,2,1,7.15877693444e-40,0.982947705895,0.0170522941048
717,1,1,8.20429024229e-151,1.0,1.80182499571e-20
718,1,1,1.4546398873e-61,0.970451094152,0.0295489058478
719,1,1,3.48537477529e-146,1.0,3.55432842576e-17
720,2,2,0.12085393426,3.63744150551e-34,0.87914606574
721,1,1,9.55260243176e-103,0.998299332114,0.00170066788593
722,2,2,2.51568209198e-55,1.22353677526e-41,1.0
723,1,1,1.22505503088e-35,0.634059031628,0.365940968372
724,1,1,8.07329477775e-151,1.0,1.81137891648e-20
725,0,0,1.0,0.0,1.26779848898e-46
726,2,2,0.000722636232251,0.00132784359264,0.997949520175
727,2,2,6.09390613011e-47,0.0267357899196,0.97326421008
728,2,2,0.00608400126107,9.88126278018e-40,0.993915998739
729,2,0,0.95147856548,7.05810314258e-103,0.0485214345195
730,2,0,0.994485132566,2.01001226538e-115,0.0055148674344
731,2,2,0.0006299137676,0.00103021093442,0.998339875298
732,1,2,0.00118938295084,0.00155540101094,0.997255216038
733,1,1,3.96689438572e-141,0.999986011281,1.39887187203e-05
734,2,2,0.000244576775352,0.00422312924927,0.995532293975
735,1,1,5.38992527479e-140,1.0,1.49175229493e-19
736,0,0,1.0,0.0,3.55302322292e-14
737,2,2,0.19951881255,8.041139221e-40,0.80048118745
738,1,2,2.22010311967e-38,0.154994910719,0.845005089281
739,1,1,1.84257796892e-128,0.873965794662,0.126034205338
740,2,0,1.0,0.0,2.51825940866e-22
741,2,2,3.33942851757e-26,0.0184160620572,0.981583937943
742,2,0,0.907126226073,2.51601123675e-75,0.0928737739272
743,0,0,0.999996577967,3.69585282445e-141,3.42203278517e-06
744,2,0,1.0,7.25438510915e-127,2.03160417561e-27
745,2,2,0.0617890869975,0.0,0.938210913003
746,1,1,5.78319940814e-154,1.0,1.65134127977e-20
747,2,0,0.99935077953,2.25489370673e-108,0.000649220469798
748,1,1,0.0,1.0,2.88370095113e-16
749,2,2,0.00196236293436,0.00159895471844,0.996438682347
750,1,1,7.83179738907e-87,0.802971798795,0.197028201205
751,2,2,0.00161215715486,0.00270107478655,0.995686768059
752,2,2,0.0100203359121,0.0034052994152,0.986574364673
753,2,2,4.12280865962e-08,0.00237695295424,0.997623005818
754,2,0,0.894855456994,2.20910118827e-75,0.105144543006
755,2,0,0.863178365923,0.0,0.136821634077
756,2,0,0.977086535899,1.25015766579e-70,0.0229134641006
757,1,1,1.37543882954e-115,1.0,1.32947175424e-19
758,1,2,4.78467094098e-41,0.0766377611681,0.923362238832
759,0,0,0.999997922311,2.6303208709e-141,2.07768888641e-06
760,2,2,1.71208161603e-08,0.000277440647282,0.999722542232
761,2,2,0.000588123966344,0.00223969565332,0.99717218038
762,2,2,0.00142101094628,7.09674101965e-31,0.998578989054
763,1,1,0.0,1.0,2.90601256594e-73
764,2,2,0.000249856183037,0.00424540428349,0.995504739533
765,1,2,6.3564040474e-35,0.421225170801,0.578774829199
766,2,2,0.0087406266876,3.51174094516e-40,0.991259373312
767,2,2,0.000637049565151,0.000941562219598,0.998421388215
768,1,1,2.73659047307e-203,1.0,5.78498367267e-22
769,2,2,0.000722636232251,0.00132784359264,0.997949520175
770,2,2,3.38337555419e-35,0.115706525062,0.884293474938
771,1,1,0.0,0.72142572522,0.27857427478
772,2,0,0.999984528168,0.0,1.54718320023e-05
773,2,2,0.00352372431236,0.000617987613316,0.995858288074
774,2,2,0.00118938295084,0.00155540101094,0.997255216038
775,2,2,5.56930570842e-66,1.49279490104e-64,1.0
776,2,0,0.999999999938,0.0,6.23371833399e-11
777,2,1,6.30818174611e-34,0.672150513284,0.327849486716
778,2,0,0.999884657055,6.9320342817e-108,0.000115342945138
779,2,2,0.000251116856211,0.00041379397511,0.999335089169
780,2,0,0.999619500852,2.50365983017e-105,0.000380499147798
781,0,0,0.999996577967,3.69585282445e-141,3.42203278517e-06
782,1,1,7.84216682584e-168,1.0,5.43379037254e-21
783,2,0,0.896889079993,3.33388636464e-71,0.103110920007
784,1,2,0.000244576775352,0.00422312924927,0.995532293975
785,2,2,0.00359694572329,4.2609067953e-41,0.996403054277
786,2,0,0.998343146062,1.89020917309e-67,0.00165685393786
787,1,1,8.20429024229e-151,1.0,1.80182499571e-20
788,2,0,0.999731447389,1.21473174327e-135,0.000268552611291
789,0,0,1.0,0.0,1.21110699803e-20
790,2,2,2.97426689143e-25,1.51727096728e-39,1.0
791,1,1,7.84216682584e-168,1.0,5.43379037254e-21
792,2,2,9.78738673273e-36,0.135439894937,0.864560105063
793,2,2,0.366491575867,7.24956568573e-39,0.633508424133
794,1,2,2.95389654642e-35,0.394082202701,0.605917797299
795,1,2,3.06494506446e-38,0.0703430128874,0.929656987113
796,2,2,0.000213867473202,0.00159017215018,0.998195960377
797,2,2,5.34475096203e-07,5.98430465287e-31,0.999999465525
798,2,2,0.079608407138,2.87722464879e-40,0.920391592862
799,2,2,0.0236663363175,6.71675394639e-40,0.976333663683
800,0,0,1.0,0.0,4.04405290114e-45
801,2,0,1.0,0.0,3.21767020752e-18
802,1,1,6.51779384527e-151,1.0,1.92482660507e-20
803,1,1,1.8648945624e-50,1.0,2.75335593378e-15
804,0,0,0.999872015164,1.12524784256e-107,0.000127984835514
805,1,1,3.25362825772e-69,0.968096764537,0.0319032354629
806,2,0,1.0,0.0,3.21767020752e-18
807,2,2,0.0071899806587,1.39324507444e-28,0.992810019341
808,2,0,0.999917090636,1.54386033707e-148,8.29093643485e-05
809,2,2,0.0006299137676,0.00103021093442,0.998339875298
810,2,0,0.99935077953,2.25489370673e-108,0.000649220469798
811,2,2,0.00230438244518,0.0092264871938,0.988469130361
812,2,2,0.0006299137676,0.00103021093442,0.998339875298
813,0,0,0.982203416643,6.05880008267e-72,0.0177965833571
814,2,2,0.0236663363175,6.71675394639e-40,0.976333663683
815,1,1,2.31354033803e-115,1.0,1.70141419135e-19
816,2,2,5.71654032893e-38,0.0942549722864,0.905745027714
817,1,1,2.69893769467e-67,0.984250559034,0.0157494409662
818,0,0,1.0,0.0,1.65060999501e-238
819,1,2,9.34315057983e-36,0.29546276334,0.70453723666
820,2,2,0.446267666711,2.98087235167e-95,0.553732333289
821,2,0,0.998933895901,4.07973176302e-128,0.00106610409926
822,1,1,3.98582296209e-161,1.0,2.76653543578e-20
823,2,2,0.000400945814417,0.00122375571316,0.998375298472
824,1,2,4.37078436278e-36,0.0644620863878,0.935537913612
825,2,2,0.000707363273459,0.00132086947147,0.997971767255
826,2,2,7.63196738922e-57,0.00727913145141,0.992720868549
827,2,0,0.999872830882,3.86011333352e-159,0.00012716911769
828,2,0,0.956359228131,6.49241020003e-75,0.0436407718693
829,1,2,1.07481105064e-38,0.111861553863,0.888138446137
830,2,2,0.0006299137676,0.00103021093442,0.998339875298
831,1,1,3.08702314428e-98,0.987069057347,0.0129309426532
832,2,2,0.00127837572683,0.00713564966648,0.991585974607
833,2,0,0.941476458111,1.85843680073e-75,0.0585235418892
834,2,2,7.69976563837e-05,0.000543075104502,0.999379927239
835,2,2,0.000222198507056,0.000169481290132,0.999608320203
836,2,2,0.00200790323188,7.95589643996e-36,0.997992096768
837,1,1,0.0,0.999999952902,4.70983239873e-08
838,1,1,7.84216682584e-168,1.0,5.43379037254e-21
839,2,0,0.999999997178,0.0,2.82179211643e-09
840,0,0,0.999759686375,1.11170242972e-107,0.000240313624802
841,1,1,8.20429024229e-151,1.0,1.80182499571e-20
842,1,1,7.84216682584e-168,1.0,5.43379037254e-21
843,2,2,0.0187997897433,6.09055703959e-40,0.981200210257
844,0,0,1.0,0.0,1.93253900237e-15
845,2,2,0.0137771213175,0.00175259480686,0.984470283876
846,1,1,5.66387743495e-115,1.0,1.32818875615e-18
847,2,2,3.38337555419e-35,0.115706525062,0.884293474938
848,1,1,1.26275797801e-101,0.999888262975,0.000111737024854
849,1,1,9.15983057665e-116,1.0,5.508034032e-19
850,1,2,2.2006188385e-49,0.00965147096255,0.990348529037
851,0,0,0.99824874159,0.0,0.0017512584096
852,2,0,1.0,0.0,7.28378495098e-47
853,2,0,0.999731418457,4.32809244646e-103,0.000268581543473
854,2,2,0.000747684852738,5.195925837e-38,0.999252315147
855,2,2,0.0260566039525,7.53147892928e-87,0.973943396048
856,1,1,2.76169991749e-189,1.0,4.9603306132e-22
857,2,0,1.0,0.0,7.6772454354e-43
858,2,2,0.0006299137676,0.00103021093442,0.998339875298
859,2,2,0.000222198507056,0.000169481290132,0.999608320203
860,2,2,0.0636263723183,9.69933970521e-47,0.936373627682
861,2,2,0.0134256719944,0.00324819085296,0.983326137153
862,2,2,2.92254011564e-62,0.00233079152305,0.997669208477
863,1,2,5.29739893171e-28,0.00910413809571,0.990895861904
864,2,2,0.0006299137676,0.00103021093442,0.998339875298
865,1,1,8.20429024229e-151,1.0,1.80182499571e-20
866,1,2,6.78064566195e-35,0.472415860234,0.527584139766
867,2,2,0.00198699895416,0.000508286438028,0.997504714608
868,1,1,2.16209099542e-118,1.0,7.18789488809e-18
869,1,2,1.58093714771e-41,0.451876699769,0.548123300231
870,1,2,7.90977590483e-39,0.0385140684733,0.961485931527
871,2,2,0.000222198507056,0.000169481290132,0.999608320203
872,2,2,0.000722636232251,0.00132784359264,0.997949520175
873,2,0,1.0,0.0,4.29324206698e-13
874,1,1,1.84257796892e-128,0.873965794662,0.126034205338
875,2,2,2.9804362909e-58,4.02835207711e-30,1.0
876,1,1,3.21459118752e-72,0.99155052803,0.0084494719698
877,0,0,0.999997922311,2.6303208709e-141,2.07768888641e-06
878,2,2,0.000710974686429,0.00251204182193,0.996776983492
879,1,1,5.22134623799e-35,0.51992436737,0.48007563263
880,2,2,0.0270660331958,8.63048401042e-40,0.972933966804
881,1,2,3.02670143256e-35,0.0921287314453,0.907871268555
882,2,2,1.90771051793e-10,2.15385531252e-41,0.999999999809
883,0,0,1.0,0.0,7.6772454354e-43
884,2,2,7.40752116581e-40,0.0370694661896,0.96293053381
885,0,0,1.0,0.0,4.13146173846e-45
886,2,0,0.999999745606,0.0,2.54394315613e-07
887,2,2,5.36604118219e-16,0.105921753637,0.894078246363
888,1,1,1.00110792632e-74,0.999792861792,0.00020713820787
889,0,0,0.999997922311,2.6303208709e-141,2.07768888641e-06
890,2,0,1.0,0.0,2.2760356375e-178
891,1,1,1.42964434218e-102,0.998981375939,0.00101862406079
892,2,2,0.000251116856211,0.00041379397511,0.999335089169
893,1,1,0.0,1.0,1.33132797931e-245
894,1,1,8.07329477775e-151,1.0,1.81137891648e-20
895,2,2,0.00846736676833,1.1207592948e-40,0.991532633232
896,0,0,0.999996577967,3.69585282445e-141,3.42203278517e-06
897,2,2,0.121793858559,2.50366888583e-77,0.878206141441
898,2,2,0.000722636232251,0.00132784359264,0.997949520175
899,2,2,0.413970014067,1.44173360175e-37,0.586029985933
900,1,1,1.03875551532e-54,0.888064123132,0.111935876868
901,2,2,0.0131055337759,0.00350846511531,0.983386001109
902,2,2,5.90316219244e-32,0.0135294895436,0.986470510456
903,0,0,1.0,0.0,1.04072055694e-13
904,0,0,0.999999999996,0.0,3.75609108523e-12
905,2,0,1.0,0.0,4.98513892223e-117
906,1,1,0.0,1.0,5.05553117122e-39
907,2,2,0.00784896921603,0.00508214003568,0.987068890748
908,0,0,0.999999999999,0.0,7.47213883415e-13
909,2,2,0.0427406015016,6.02013290607e-28,0.957259398498
910,2,0,0.999999997941,0.0,2.05913716215e-09
911,1,1,0.0,1.0,1.60012638589e-136
912,2,2,0.24141037517,6.80466217593e-39,0.75858962483
913,2,2,0.252234748747,3.36366896422e-39,0.747765251253
914,1,1,3.32814055844e-102,0.999006331838,0.000993668162026
915,1,1,0.0,1.0,1.43451359418e-37
916,1,1,0.0,1.0,3.82181504379e-111
917,0,0,0.999999999999,0.0,5.40466634288e-13
918,2,0,1.0,0.0,7.05128473023e-30
919,1,1,0.0,1.0,9.76622347744e-292
920,2,2,0.00709595869645,0.00456833594338,0.98833570536
921,2,2,0.335050871185,9.30813698783e-59,0.664949128815
922,2,2,0.00163387611515,0.000686015861928,0.997680108023
923,2,2,1.30201346113e-39,8.21766095937e-80,1.0
924,1,2,1.81994347516e-29,0.218317464011,0.781682535989
925,2,2,0.00838324532698,4.22416924562e-46,0.991616754673
926,2,2,0.494140129395,4.30290048987e-80,0.505859870605
927,2,2,0.00473695758665,2.1049465339e-46,0.995263042413
928,2,2,0.0296545382829,4.83351825567e-74,0.970345461717
929,2,0,0.656091272019,4.83797541713e-55,0.343908727981
930,1,1,0.0,1.0,3.75893425138e-145
931,2,1,0.0,0.999997671062,2.32893753278e-06
932,1,2,1.22991628454e-58,9.85759599895e-10,0.999999999014
933,1,1,0.0,1.0,4.61790687819e-40
934,1,2,1.32432697747e-27,0.144929549334,0.855070450666
935,2,0,0.911648896832,4.2659647808e-55,0.088351103168
936,0,0,0.999999999852,0.0,1.47783653461e-10
937,2,2,0.000768366664918,0.0025913483153,0.99664028502
938,1,1,0.0,1.0,2.04563218019e-77
939,1,1,0.0,1.0,1.36944848752e-109
940,1,1,0.0,1.0,8.11365495246e-285
941,0,0,0.999999999984,0.0,1.59801757324e-11
942,2,2,0.0586928069021,0.0151214580296,0.926185735068
943,2,2,0.0291610230583,0.0,0.970838976942
944,1,1,0.0,1.0,5.867768194e-39
945,2,2,3.44149420685e-27,0.158367806643,0.841632193357
946,1,2,8.69108669656e-30,0.0889172989898,0.91108270101
947,1,2,1.61712138942e-47,0.107650914173,0.892349085827
948,1,1,4.89079519501e-95,0.995886917152,0.00411308284822
949,1,2,4.84359327878e-28,0.0560160833895,0.943983916611
950,0,0,0.997126069203,1.35893555956e-133,0.00287393079743
951,2,2,0.0560359970025,6.5826464372e-36,0.943964002998
952,1,1,1.6506292132e-67,0.985190211307,0.0148097886931
953,1,2,0.000776539513132,0.00174287394364,0.997480586543
954,0,0,0.999999999978,0.0,2.23003774483e-11
955,1,1,0.0,1.0,7.59771995403e-37
956,2,2,0.000751560303465,0.00189681821374,0.997351621483
957,2,2,0.0848303921306,5.88428018053e-21,0.915169607869
958,2,2,0.0450797711695,1.21573158759e-36,0.954920228831
959,2,2,0.00280224479133,0.00132037412495,0.995877381084
960,2,0,0.715761834355,1.73171449871e-72,0.284238165645
961,2,0,0.668484101394,1.44229442819e-72,0.331515898606
962,0,0,0.909196177615,7.54006607152e-79,0.0908038223847
963,0,0,0.999999999999,0.0,8.21837646977e-13
964,2,2,2.81704241881e-47,2.99310667055e-46,1.0
965,1,1,3.23217511523e-75,0.984287092659,0.0157129073407
966,0,0,1.0,0.0,2.13855181803e-133
967,2,0,0.999999999771,0.0,2.28657350997e-10
968,1,1,3.56918707572e-90,1.0,1.82317030825e-220
969,0,0,1.0,0.0,2.95485974469e-95
970,2,0,1.0,1.23317646179e-82,4.06196970847e-21
971,1,1,1.5816661295e-54,0.946934453007,0.0530655469929
972,1,1,4.66838493895e-126,0.999988993707,1.10062927849e-05
973,2,2,3.70686847699e-40,3.90991965638e-52,1.0
974,1,2,4.68108112822e-30,1.82964315287e-36,1.0
975,2,2,0.0533806986114,0.0136743280526,0.932944973336
976,2,2,0.0622672401748,0.0,0.937732759825
977,2,2,4.76066347666e-74,5.72142676223e-10,0.999999999428
978,1,2,1.5514890909e-27,0.0770117614916,0.922988238508
979,2,2,4.49933953487e-55,0.00279684326742,0.997203156733
980,1,1,5.27450985685e-126,0.999994113981,5.88601938682e-06
981,1,1,0.0,1.0,7.12101358343e-31
982,2,2,0.0173016496931,3.03809101103e-29,0.982698350307
983,1,2,4.25199504952e-34,0.181174066955,0.818825933045
984,2,0,0.999999999807,0.0,1.93242035198e-10
985,1,1,0.0,1.0,2.22559181639e-39
986,2,2,0.0242908488615,9.01261796611e-40,0.975709151138
987,1,1,0.0,1.0,1.21503791093e-35
988,1,1,0.0,1.0,5.05553117122e-39
989,2,2,0.000815455925155,0.00130111434126,0.997883429734
990,2,2,1.65830713028e-42,0.0206698160395,0.979330183961
991,1,1,3.18828327126e-132,0.990232187057,0.00976781294336
992,1,1,0.0,1.0,2.68309070883e-39
993,2,2,1.21690767029e-10,0.0,0.999999999878
994,0,0,0.999999999999,0.0,1.19066621429e-12
995,2,2,0.00170700398424,5.06771936669e-47,0.998292996016
996,2,0,0.999999999979,0.0,2.05899322012e-11
997,2,0,0.999999999972,0.0,2.8074211612e-11
998,2,0,0.99999999992,0.0,7.98635563278e-11
999,1,1,2.11807495759e-87,0.999562877427,0.00043712257303
1000,2,2,1.67036616428e-39,0.356713691555,0.643286308445
1001,1,2,2.91366583007e-39,0.0841283684432,0.915871631557
1002,1,1,3.14903894756e-79,0.999749692368,0.00025030763175
1003,1,1,3.17295232364e-40,0.730223717894,0.269776282106
1004,2,0,1.0,0.0,1.79440184731e-34
1005,1,2,1.92558610453e-55,0.437867754134,0.562132245866
1006,2,2,0.002083213167,0.000660618851561,0.997256167981
1007,1,1,3.00287643998e-308,0.999999999758,2.41873650462e-10
1008,0,0,0.999862964079,2.62082340036e-127,0.000137035920827
1009,1,1,0.0,0.999999999998,2.38871091578e-12
1010,1,1,1.23638447086e-306,0.999999999998,2.39308570833e-12
1011,1,2,7.36962487735e-63,7.28344308681e-09,0.999999992717
1012,1,1,7.23521182405e-69,0.999999934218,6.57815921843e-08
1013,0,0,0.999981812559,8.26484239005e-118,1.81874411655e-05
1014,2,0,0.999900741183,3.34453409358e-118,9.92588168287e-05
1015,2,0,0.997827964969,2.79836339049e-138,0.00217203503053
1016,2,0,0.998502911704,2.5111758093e-125,0.00149708829638
1017,2,0,0.846189481416,5.97913969996e-34,0.153810518584
1018,1,1,2.61250755547e-300,0.999999999986,1.40044809844e-11
1019,1,1,1.0084637445e-301,0.999999999765,2.34901979167e-10
1020,2,2,2.38570850376e-08,0.427874484535,0.572125491608
1021,2,2,0.000626824040138,0.000418301645175,0.998954874315
1022,2,2,0.000617209086858,0.000791993792018,0.998590797121
1023,0,0,0.999995536411,4.9076900664e-158,4.46358903394e-06
1024,1,1,3.5211278206e-91,0.96933507418,0.0306649258195
1025,2,2,0.0126125692628,7.34309796865e-61,0.987387430737
1026,2,0,0.952145787258,7.46574898449e-85,0.0478542127417
1027,1,1,4.75217813805e-100,0.999832841655,0.000167158345006
1028,1,1,4.89953184975e-76,0.998561252465,0.00143874753548
1029,1,1,2.30860243096e-114,0.999939114392,6.08856081781e-05
1030,2,2,0.0114521247133,5.56910692893e-43,0.988547875287
1031,2,0,0.999999998993,3.07045896353e-73,1.00665609753e-09
1032,2,2,0.00257591577324,0.0107809645522,0.986643119675
1033,2,2,2.84050728007e-08,0.0558157197416,0.944184251853
1034,1,1,3.81498629559e-41,0.915043672133,0.0849563278666
1035,0,0,0.999999477094,5.4788138601e-151,5.22905704718e-07
1036,1,1,1.40919044843e-249,0.999999867664,1.32335501306e-07
1037,1,2,3.22416906349e-34,0.184162808795,0.815837191205
1038,2,2,0.000617209086858,0.000791993792018,0.998590797121
1039,1,2,2.89781561252e-35,0.103990945722,0.896009054278
1040,2,2,0.00235805836652,0.0018521620037,0.99578977963
1041,2,2,0.146776598793,1.32494128872e-08,0.853223387958
1042,2,2,0.136196950914,1.65189521733e-35,0.863803049086
1043,1,2,1.24623738385e-30,0.0473467505163,0.952653249484
1044,2,2,0.00117493387201,7.38191585867e-05,0.998751246969
1045,0,0,0.996314675056,3.2857580958e-99,0.00368532494415
1046,1,1,1.82720335979e-56,0.993089591949,0.00691040805089
1047,2,2,0.000610995528242,0.00117810054587,0.998210903926
1048,2,0,0.967708914763,4.44546081744e-78,0.0322910852366
1049,0,0,1.0,0.0,1.27642789785e-58
1050,0,0,1.0,0.0,1.14213673147e-17
1051,1,1,0.0,1.0,9.86099294451e-43
1052,1,1,1.03891256484e-41,0.965145262795,0.0348547372048
1053,2,2,0.410162541744,1.42309796701e-41,0.589837458256
1054,2,2,0.0464140053903,9.42053804881e-42,0.95358599461
1055,1,2,0.0,6.36886986952e-20,1.0
1056,0,0,0.999863728664,2.57455411971e-153,0.000136271335762
1057,2,2,0.0364669690993,6.28616809949e-27,0.963533030901
1058,1,1,5.53098471815e-108,0.998456480536,0.00154351946447
1059,2,2,0.00621145419173,2.46262955034e-28,0.993788545808
1060,2,2,0.000620626897555,0.000622342387245,0.998757030715
1061,1,1,9.2859081571e-269,0.999999999919,8.07400005155e-11
1062,1,1,4.3112206627e-299,0.999999999947,5.27444378614e-11
1063,1,1,1.85784039299e-306,0.999999999996,3.56109928959e-12
1064,2,2,0.0170942866782,2.42934524662e-49,0.982905713322
1065,2,2,0.000789694776451,0.00637359969699,0.992836705527
1066,1,1,3.53765864491e-69,0.583403312075,0.416596687925
1067,2,2,0.0536864375271,5.25236054441e-43,0.946313562473
1068,2,2,0.000617209086858,0.000791993792018,0.998590797121
1069,2,2,0.0283927155478,1.09658000835e-37,0.971607284452
1070,1,1,6.89287747871e-268,0.999999999947,5.3420119296e-11
1071,1,1,4.63805741344e-81,0.994164135457,0.00583586454305
1072,2,2,0.0114521247133,5.56910692893e-43,0.988547875287
1073,2,2,0.00624509164716,0.00359046445598,0.990164443897
1074,2,2,0.002083213167,0.000660618851561,0.997256167981
1075,2,2,9.14379421892e-24,0.0149575177431,0.985042482257
1076,1,1,0.0,1.0,2.2381532329e-211
1077,1,1,1.85784039299e-306,0.999999999996,3.56109928959e-12
1078,2,2,2.4854108676e-34,0.149033477709,0.850966522291
1079,1,1,1.92595734308e-303,0.999999999986,1.37716292947e-11
1080,0,0,0.999998093395,4.88557347595e-152,1.90660473205e-06
1081,2,2,1.17012295908e-26,2.14489425807e-177,1.0
1082,2,2,0.0941342450007,0.00559584060146,0.900269914398
1083,2,2,0.00304552579091,0.000523223623871,0.996431250585
1084,1,1,1.19456117862e-296,0.999999999813,1.87372163103e-10
1085,1,1,0.0,0.999999999999,6.30231573696e-13
1086,1,1,4.52920398752e-81,0.603681906422,0.396318093578
1087,2,2,2.62695749578e-08,0.000285899140813,0.99971407459
1088,1,2,3.73665218221e-57,0.437201910183,0.562798089817
1089,0,0,0.938445867797,4.26245273089e-35,0.0615541322033
1090,2,2,9.97652614532e-34,6.75657330981e-14,1.0
1091,0,0,0.999998093395,4.88557347595e-152,1.90660473205e-06
1092,2,0,0.999987320597,9.72947743607e-150,1.26794030328e-05
1093,2,0,0.997497379417,1.02776344428e-73,0.00250262058265
1094,2,0,0.999552525202,4.9813545363e-113,0.000447474797683
1095,2,0,0.678826466884,1.27540395611e-42,0.321173533116
1096,1,2,2.12174392543e-39,0.300252703677,0.699747296323
1097,1,1,5.59299754821e-41,0.933410516395,0.0665894836051
1098,1,2,0.0025132011845,0.0202254760796,0.977261322736
1099,1,2,2.86508173696e-56,0.113043278357,0.886956721643
1100,2,2,0.429408381862,4.65492782892e-35,0.570591618138
1101,0,0,0.999862964079,2.62082340036e-127,0.000137035920827
1102,1,2,1.87226345127e-116,0.266527434695,0.733472565305
1103,0,0,0.993026985559,1.17323311196e-73,0.00697301444116
1104,1,2,0.000626824040138,0.000418301645175,0.998954874315
1105,0,0,0.995154250798,2.0691346554e-88,0.00484574920233
1106,2,2,0.000626824040138,0.000418301645175,0.998954874315
1107,1,1,5.18693342991e-269,0.999999999951,4.88447541755e-11
1108,1,1,1.15231213079e-299,0.999999999952,4.84511209766e-11
1109,2,2,9.94161060132e-24,0.00419020658503,0.995809793415
1110,2,2,6.00720085977e-25,0.00244875290627,0.997551247094
1111,2,2,1.48517369662e-34,0.0713571712827,0.928642828717
1112,2,0,0.999508642934,1.60654725024e-114,0.00049135706643
1113,2,0,0.977626572874,9.92732181638e-82,0.0223734271258
1114,0,0,0.999067163897,8.73746559554e-75,0.00093283610299
1115,2,0,0.544905774795,5.13146371016e-34,0.455094225205
1116,1,1,3.27763103796e-97,0.999565702407,0.000434297592796
1117,1,1,8.39836801068e-80,0.99983422933,0.000165770669693
1118,2,2,0.0,3.10883502297e-135,1.0
1119,2,2,1.46519275082e-34,0.0,1.0
1120,2,2,0.100174561846,0.0185629015495,0.881262536604
1121,1,1,0.0,1.0,1.73680311708e-25
1122,2,2,0.000626824040138,0.000418301645175,0.998954874315
1123,2,2,4.50607949313e-06,0.00175928692892,0.998236206992
1124,1,1,3.46889458416e-114,0.99990940013,9.05998695514e-05
1125,0,0,0.999771848943,3.56321664206e-130,0.00022815105697
1126,2,2,1.91321859553e-37,0.133859065939,0.866140934061
1127,1,1,2.86742633365e-78,0.998004302294,0.0019956977061
1128,1,2,2.7645209583e-56,0.139578424762,0.860421575238
1129,2,2,0.000360939279116,8.44035545582e-39,0.999639060721
1130,2,0,1.0,0.0,6.55025610418e-33
1131,1,1,3.46889458416e-114,0.99990940013,9.05998695514e-05
1132,2,2,0.0595248157159,6.61883153665e-06,0.940468565453
1133,2,2,1.64791048366e-06,0.00127386177209,0.998724490317
1134,2,0,0.910242079647,1.67648585624e-45,0.0897579203533
1135,2,2,0.00584550131038,0.00210062297439,0.992053875715
1136,0,0,0.999987207099,2.19515280554e-111,1.27929014714e-05
1137,2,0,0.999961528724,3.9535869027e-108,3.84712763251e-05
1138,2,2,6.77775019762e-20,0.0203565991065,0.979643400893
1139,1,1,1.85784039299e-306,0.999999999996,3.56109928959e-12
1140,2,2,0.000617209086858,0.000791993792018,0.998590797121
1141,2,2,0.000626824040138,0.000418301645175,0.998954874315
1142,2,2,0.0376782640987,4.52812240602e-43,0.962321735901
1143,1,1,0.0,1.0,2.02470564847e-26
1144,1,2,2.1032043536e-22,9.62773746625e-27,1.0
1145,2,2,4.77295173577e-28,8.00259598605e-43,1.0
1146,2,2,0.00184691595703,1.50000075541e-16,0.998153084043
1147,1,1,0.0,0.999999999998,2.38871091578e-12
1148,2,2,9.96457034762e-35,0.0883712793092,0.911628720691
1149,2,0,0.714054497003,2.60149818486e-41,0.285945502997
1150,2,2,0.0336457827037,3.11414932313e-10,0.966354216985
1151,0,0,0.99943435457,1.5265260572e-74,0.000565645430204
1152,2,0,0.984596423178,4.04830966384e-85,0.0154035768223
1153,1,1,2.24547094328e-142,0.63833147837,0.36166852163
1154,1,1,1.09140042206e-75,0.997203080087,0.00279691991253
1155,1,1,1.92595734308e-303,0.999999999986,1.37716292947e-11
1156,2,2,0.00304552579091,0.000523223623871,0.996431250585
1157,1,1,7.69575918523e-318,0.999999999983,1.70450617446e-11
1158,1,1,8.96240291869e-72,0.982972483809,0.0170275161908
1159,2,2,2.41311950484e-07,1.46663947903e-40,0.999999758688
1160,1,1,1.32989725917e-40,0.863564610171,0.136435389829
1161,1,1,1.23638447086e-306,0.999999999998,2.39308570833e-12
1162,2,2,5.15256759915e-07,0.00126119628005,0.998738288463
1163,1,2,3.0295025166e-35,0.0723504502373,0.927649549763
1164,0,0,0.99999741047,2.63277569688e-147,2.58952990551e-06
1165,1,1,1.85784039299e-306,0.999999999996,3.56109928959e-12
1166,2,0,1.0,0.0,5.91254239991e-59
1167,2,2,4.47785441719e-09,0.0132343864735,0.986765609049
1168,0,0,0.999951936459,4.62305680354e-107,4.80635407482e-05
1169,1,1,2.4592241722e-282,0.999999999486,5.14475435451e-10
1170,2,2,0.480855394826,6.99043829337e-46,0.519144605174
1171,1,1,1.71272329205e-303,0.999999999987,1.26522986863e-11
1172,1,2,0.00185772279473,0.00299216983202,0.995150107373
1173,2,2,0.0262573233005,0.00563135138639,0.968111325313
1174,2,2,0.00624509164716,0.00359046445598,0.990164443897
1175,2,2,4.33598352433e-06,1.88498036066e-78,0.999995664016
1176,1,1,0.0,1.0,2.19294328111e-34
1177,2,2,0.0133912805902,4.71720323055e-55,0.98660871941
1178,2,2,0.00839421398313,0.00314238747053,0.988463398546
1179,2,2,8.00502614712e-35,6.91699106433e-46,1.0
1180,2,0,0.999917597775,6.73422649163e-118,8.24022252777e-05
1181,1,1,8.52975541939e-297,0.999999999559,4.41094283267e-10
1182,2,2,1.36931791829e-08,0.00350565569001,0.996494330617
1183,1,1,2.91993355825e-76,0.98691093898,0.0130890610201
1184,0,0,0.999219335696,7.02841008601e-74,0.000780664304217
1185,1,1,1.19456117862e-296,0.999999999813,1.87372163103e-10
1186,1,1,0.0,0.999999999994,6.04268233663e-12
1187,1,1,8.98741887575e-261,0.999999997133,2.86664084008e-09
1188,0,0,0.999916344708,1.29488950922e-117,8.36552916682e-05
1189,2,0,0.999983944478,2.92615959472e-120,1.60555221504e-05
1190,1,1,3.46889458416e-114,0.99990940013,9.05998695514e-05
1191,2,0,0.560472375335,6.31783025596e-35,0.439527624665
1192,1,1,0.0,1.0,1.42071665874e-25
1193,2,2,2.16155908856e-49,0.0103019177104,0.98969808229
1194,2,2,7.09672163734e-25,0.000767274607137,0.999232725393
1195,2,2,0.284469602324,1.01696860534e-42,0.715530397676
1196,1,1,0.0,0.999999999995,5.04024836734e-12
1197,2,2,0.00304552579091,0.000523223623871,0.996431250585
1198,2,2,3.16944810984e-49,0.00818356285538,0.991816437145
1199,1,2,0.0,0.0401834196864,0.959816580314
1200,2,2,0.0015855565013,0.00640784428296,0.992006599216
1201,2,2,0.00742728800261,0.00247320936001,0.990099502637
1202,0,0,0.999997435564,1.75210049305e-147,2.56443627757e-06
1203,2,2,0.00606326985323,3.51624739586e-16,0.993936730147
1204,2,2,0.00624509164716,0.00359046445598,0.990164443897
1205,0,0,0.999890119332,7.65346626031e-123,0.000109880668184
1206,0,0,0.999927193124,5.14729227873e-160,7.28068759777e-05
1207,1,1,8.30482072116e-108,0.997704851006,0.00229514899364
1208,1,1,3.80192935439e-69,0.746965005089,0.253034994911
1209,1,1,0.0,0.999999999998,2.38871091578e-12
1210,2,2,0.00587486394861,0.0026406251925,0.991484510859
1211,1,1,1.92595734308e-303,0.999999999986,1.37716292947e-11
1212,2,2,0.00117493387201,7.38191585867e-05,0.998751246969
1213,2,2,1.82467756647e-25,0.00104167145128,0.998958328549
1214,2,2,0.00624509164716,0.00359046445598,0.990164443897
1215,2,2,9.43276484693e-07,7.51312430034e-05,0.999923925481
1216,2,2,2.65391407926e-34,0.318413876846,0.681586123154
1217,2,2,1.64571459479e-36,0.00802020569611,0.991979794304
1218,1,2,1.29841093297e-18,0.0349386238119,0.965061376188
1219,2,2,0.00611897497599,4.66476762847e-28,0.993881025024
1220,1,1,8.46574310546e-265,0.999999999078,9.22358498802e-10
1221,1,1,0.0,0.740885280014,0.259114719986
1222,1,1,0.0,1.0,5.21026762435e-30
1223,0,0,0.999995536411,4.9076900664e-158,4.46358903394e-06
1224,0,0,0.999982959995,5.23904105174e-107,1.70400047615e-05
1225,2,2,0.320817505067,0.0121716422283,0.667010852705
1226,1,2,7.31773895538e-69,0.148137838643,0.851862161357
1227,2,0,1.0,0.0,6.34662698693e-16
1228,2,2,0.0089082616176,0.00108504984241,0.99000668854
1229,0,0,0.999983223617,1.16437714617e-155,1.67763829444e-05
1230,1,2,1.52079559087e-36,7.00694422181e-14,1.0
1231,2,2,0.386754468429,5.11959239282e-41,0.613245531571
1232,0,0,0.999998074739,7.34125653558e-152,1.92526133192e-06
1233,1,1,9.21018803146e-80,0.999752092501,0.000247907499026
1234,1,2,2.59254215273e-82,0.353749565031,0.646250434969
1235,1,1,0.0,0.999999999977,2.25852275305e-11
1236,2,0,0.999868370763,5.04316718535e-124,0.000131629236635
1237,2,2,0.239133623484,1.01252283081e-88,0.760866376516
1238,2,2,0.00293600342249,0.00132407268645,0.995739923891
1239,2,2,0.00728100867793,0.00469370966594,0.988025281656
1240,2,2,0.000620626897555,0.000622342387245,0.998757030715
1241,2,2,3.50479232889e-05,1.76089244874e-12,0.999964952075
1242,1,1,7.78343335259e-308,0.999999999649,3.51000558158e-10
1243,2,2,0.00311888097972,1.74807111099e-38,0.99688111902
1244,2,2,0.122388343084,0.0115612937327,0.866050363183
1245,1,1,9.64313822962e-268,0.999999999858,1.41588411277e-10
1246,2,2,0.0203293546802,9.35307745882e-28,0.97967064532
1247,2,2,2.54846225118e-09,0.00632220830054,0.993677789151
1248,1,1,3.47740062221e-74,0.93984264268,0.0601573573195
1249,0,0,0.999976820139,5.54699991835e-163,2.31798610511e-05
1250,0,0,1.0,0.0,1.62157253695e-59
1251,1,1,2.95370876919e-83,0.592867157805,0.407132842195
1252,1,1,5.25608432336e-65,0.807205953467,0.192794046533
1253,2,0,0.999999988122,0.0,1.18778939522e-08
1254,1,1,4.18266792554e-42,0.996254973811,0.00374502618851
1255,0,0,0.999942267688,5.84061421735e-108,5.77323119019e-05
1256,1,1,5.12855615071e-69,0.781529604825,0.218470395175
1257,2,2,6.00720085977e-25,0.00244875290627,0.997551247094
1258,1,1,7.7499103341e-279,0.999999999659,3.41482675953e-10
1259,2,0,0.984365828339,7.78247148717e-85,0.0156341716608
1260,2,2,9.54118571999e-08,0.0583728696983,0.94162703489
1261,0,0,1.0,0.0,9.66395641295e-88
1262,2,2,0.00740708070147,0.0022732685599,0.990319650739
1263,2,2,0.00343068611221,1.48886050131e-49,0.996569313888
1264,2,2,6.16797926492e-25,0.000870192465967,0.999129807534
1265,1,1,2.81342284813e-103,0.969801001347,0.0301989986529
1266,2,2,0.00301533224841,0.000778421987453,0.996206245764
1267,1,1,0.0,0.999999999998,2.38871091578e-12
1268,1,1,1.76847526978e-267,0.999999999701,2.99181019352e-10
1269,2,0,0.881481848502,5.44951441498e-98,0.118518151498
1270,2,0,0.787344471362,8.37788433265e-36,0.212655528638
1271,0,0,0.999999477094,5.4788138601e-151,5.22905704718e-07
1272,2,0,0.997249316277,1.83015568478e-75,0.00275068372315
1273,2,2,2.06498074924e-24,0.00224987660651,0.997750123393
1274,2,2,1.71543804415e-05,0.0237303688806,0.976252476739
1275,2,2,0.0137009180764,0.00225737141635,0.984041710507
1276,0,0,1.0,0.0,1.70068356957e-34
1277,1,1,1.92595734308e-303,0.999999999986,1.37716292947e-11
1278,1,1,2.04366358613e-297,0.999999999975,2.51537902365e-11
1279,1,2,2.66759168642e-33,0.388271183716,0.611728816284
1280,2,2,0.483286685099,4.67562728508e-46,0.516713314901
1281,2,2,0.00304552579091,0.000523223623871,0.996431250585
1282,1,1,6.05213486435e-35,0.854691876372,0.145308123628
1283,1,1,5.2402111472e-315,0.999999999966,3.36701428297e-11
1284,1,1,2.57464348443e-256,0.99999996891,3.10903266834e-08
1285,2,0,0.999138719706,2.40424777491e-107,0.00086128029371
1286,1,1,4.65572330544e-79,0.99853978242,0.00146021757963
1287,0,0,0.999854562474,4.6923276336e-114,0.000145437526054
1288,1,1,5.99023935577e-79,0.999400641338,0.000599358662346
1289,0,0,0.999993719732,1.06639185984e-157,6.28026826802e-06
1290,2,0,0.923803875652,8.2552446614e-90,0.0761961243483
1291,2,0,0.734997381003,8.5012971652e-85,0.265002618997
1292,2,1,1.03398917183e-40,0.568761627404,0.431238372596
1293,1,2,0.0176714834364,0.00640283337811,0.975925683185
1294,2,2,0.00850553313151,0.00336253521519,0.988131931653
1295,1,2,3.00948912062e-11,0.0845702230267,0.915429776943
1296,2,0,0.987779115908,0.0122206221814,2.6191026181e-07
1297,0,0,0.999984319125,4.35905472069e-107,1.56808750833e-05
1298,1,1,1.53812339494e-315,0.999999999986,1.35558653812e-11
1299,1,1,9.02392082285e-08,0.526567130207,0.473432779554
1300,1,1,4.22036754351e-35,0.969089499391,0.0309105006085
1301,0,0,0.998429532528,1.53125290897e-78,0.00157046747156
1302,1,2,2.87741040694e-34,0.059639550105,0.940360449895
1303,2,2,0.0215738546687,5.13680922618e-44,0.978426145331
1304,2,0,0.992481861273,5.64039366981e-74,0.00751813872658
1305,1,1,1.0576450968e-68,0.931018955012,0.0689810449879
1306,1,2,3.20015301499e-09,0.218851516213,0.781148480587
1307,2,2,0.0114521247133,5.56910692893e-43,0.988547875287
1308,2,0,0.686938048392,9.20734018977e-35,0.313061951608
1309,2,2,0.0157387092837,7.09522940585e-26,0.984261290716
1310,2,2,2.03980744534e-05,1.7154218171e-82,0.999979601926
1311,1,1,1.02361421187e-315,0.999999999991,9.10964426147e-12
1312,1,2,4.64577335749e-33,1.4662583298e-38,1.0
1313,0,0,0.999761162255,9.62849628004e-144,0.000238837744753
1314,2,2,6.10561562215e-25,0.001294364917,0.998705635083
1315,2,2,0.00599852472109,1.98181842398e-13,0.994001475279
1316,1,1,6.67927033517e-94,0.999342950403,0.000657049597146
1317,2,0,0.997040205344,1.2720698779e-114,0.00295979465593
1318,0,0,0.999771369944,4.9815378821e-170,0.000228630055608
1319,2,2,0.00624942190319,1.232184978e-42,0.993750578097
1320,2,2,0.0150431709555,1.05485326236e-41,0.984956829044
1321,2,2,0.00853344128909,0.00166133940311,0.989805219308
1322,1,1,9.38095151103e-315,0.999999999894,1.05617863482e-10
1323,2,2,9.00204927836e-24,2.06942557676e-16,1.0
1324,2,0,0.999999998323,0.0,1.67673190229e-09
1325,2,2,1.22718276777e-24,0.00295424043133,0.997045759569
1326,1,1,2.74024285438e-76,0.998059365756,0.00194063424378
1327,1,2,1.70186639201e-73,1.26542379611e-07,0.999999873458
1328,2,2,0.002083213167,0.000660618851561,0.997256167981
1329,2,2,0.0321214890663,5.11376568194e-60,0.967878510934
1330,2,2,0.00574764368436,0.0039715654456,0.99028079087
1331,1,1,3.2273871805e-107,0.998168881191,0.0018311188092
1332,1,1,0.0,0.975290386147,0.0247096138533
1333,0,0,0.999985660523,9.35895375151e-158,1.4339477058e-05
1334,0,0,0.999910811228,2.64287785278e-114,8.91887717261e-05
1335,1,1,7.0070944695e-269,0.999999999963,3.749936585e-11
1336,2,0,0.964064747676,1.49169700686e-34,0.0359352523243
1337,2,0,0.860070233087,7.69899060669e-75,0.139929766913
1338,0,0,0.999999477094,5.4788138601e-151,5.22905704718e-07
1339,1,1,4.52022142877e-72,0.883773217168,0.116226782832
1340,2,0,0.995581796993,1.76944569992e-73,0.0044182030072
1341,2,0,0.999976593323,8.33514041434e-163,2.34066768645e-05
1342,1,1,0.0,0.999999999995,5.49539179652e-12
1343,2,2,0.0209138164795,0.00482914059564,0.974257042925
1344,0,0,0.99999741047,2.63277569688e-147,2.58952990551e-06
1345,2,2,0.0101292348275,0.00134391555688,0.988526849616
1346,2,0,0.996832106074,2.35435568971e-102,0.00316789392575
1347,1,1,2.14910246766e-107,0.998768734795,0.00123126520523
1348,2,2,0.002083213167,0.000660618851561,0.997256167981
1349,2,2,0.000617209086858,0.000791993792018,0.998590797121
1350,1,1,1.75600871716e-289,0.999999999983,1.70762788369e-11
1351,1,1,1.15231213079e-299,0.999999999952,4.84511209766e-11
1352,2,2,0.00844459934799,0.00247040449915,0.989084996153
1353,2,2,0.0129918411288,0.00443966579619,0.982568493075
1354,1,2,1.03624325734e-34,0.0611588658158,0.938841134184
1355,0,0,0.999879463502,1.66308630521e-114,0.000120536497509
1356,0,0,0.999992295109,1.20001255676e-174,7.70489143924e-06
1357,2,2,0.00612223732911,2.36280470897e-16,0.993877762671
1358,1,1,0.0,0.999999999939,6.12511017971e-11
1359,1,1,1.62910930984e-62,0.76659366106,0.23340633894
1360,2,2,0.114806918396,4.18126792469e-44,0.885193081604
1361,2,2,0.002083213167,0.000660618851561,0.997256167981
1362,1,2,6.51609741851e-34,2.01478655381e-10,0.999999999799
1363,1,1,9.29550103177e-262,0.999999998127,1.87307004949e-09
1364,1,1,1.41789572108e-125,0.99967045916,0.000329540839901
1365,2,2,9.03411587642e-48,2.42494253663e-10,0.999999999758
1366,2,2,0.0508206905368,0.067199590022,0.881979719441
1367,0,0,0.999999999966,0.0,3.40213973937e-11
1368,2,2,6.32410548972e-40,0.127745413148,0.872254586852
1369,0,0,0.999987960543,1.60893206189e-107,1.2039456634e-05
1370,2,2,0.00624509164716,0.00359046445598,0.990164443897
1371,0,0,0.999999477094,5.4788138601e-151,5.22905704718e-07
1372,1,1,1.2409934956e-261,0.999999999539,4.61204985377e-10
1373,1,1,2.80424683949e-51,0.788964095655,0.211035904345
1374,2,2,0.0213692619193,7.64557353515e-44,0.978630738081
1375,1,1,0.0,0.999097641474,0.00090235852572
1376,2,0,0.990869996577,4.20255693446e-74,0.00913000342344
1377,1,1,3.95667064082e-62,0.976112851802,0.0238871481981
1378,1,1,3.32943492575e-299,0.999999999863,1.36558951856e-10
1379,2,2,0.0128397384155,0.00659311442714,0.980567147157
1380,2,0,0.99991593485,4.76328394695e-108,8.40651503624e-05
1381,2,2,0.002083213167,0.000660618851561,0.997256167981
1382,0,0,0.999999999173,0.0,8.26940140759e-10
1383,2,0,0.999592060298,3.23500172953e-114,0.000407939702427
1384,1,1,5.11437287058e-269,0.999999999962,3.76890981012e-11
1385,1,1,0.0,1.0,1.60103946323e-20
1386,0,0,0.999847292027,2.18785468032e-114,0.000152707972811
1387,1,1,1.47370541255e-261,0.99999999708,2.91952144456e-09
1388,0,0,0.999995536411,4.9076900664e-158,4.46358903394e-06
1389,1,1,2.04361313188e-283,0.999999999953,4.6647567291e-11
1390,2,2,5.31152824396e-09,0.000431761290125,0.999568233398
1391,1,1,0.0,0.999999999966,3.36085905462e-11
1392,2,2,0.00999121817087,6.6158343554e-21,0.990008781829
1393,0,0,0.999712148989,8.84204707098e-119,0.000287851010716
1394,2,0,0.976593728942,4.72031062911e-86,0.023406271058
1395,1,1,0.0,0.999999999995,5.03535603847e-12
1396,2,2,0.00289866872385,1.79374610338e-42,0.997101331276
1397,1,1,3.54319193973e-263,0.999999990513,9.48736087926e-09
1398,1,1,0.0,1.0,9.87905281026e-43
1399,1,1,5.28153115175e-35,0.898267135545,0.101732864455
1400,1,1,0.0,1.0,2.77011790842e-15
1401,1,2,8.53512793254e-35,0.420248009453,0.579751990547
1402,1,2,4.13330313098e-55,0.171776679346,0.828223320654
1403,1,2,3.70697680284e-42,3.19306930329e-09,0.999999996807
1404,2,2,0.00934219862091,0.00363567718453,0.987022124195
1405,1,1,0.0,1.0,1.69313008202e-29
1406,2,0,0.984215258621,1.16924618713e-84,0.0157847413787
1407,2,0,0.984596423178,4.04830966384e-85,0.0154035768223
1408,2,2,0.00813379384897,0.00172603175111,0.9901401744
1409,2,2,0.410162541744,1.42309796701e-41,0.589837458256
1410,2,2,0.0556015444189,7.66197577612e-46,0.944398455581
1411,2,2,0.00819273005347,2.06135864213e-15,0.991807269947
1412,0,0,0.998428097143,1.80644118587e-93,0.00157190285735
1413,2,2,0.00420561178551,0.000277458614708,0.9955169296
1414,1,1,4.34398118482e-268,0.999999999903,9.66533701347e-11
1415,1,1,5.2008743576e-42,0.996129395752,0.00387060424792
1416,0,0,0.999999477094,5.4788138601e-151,5.22905704718e-07
1417,1,2,0.0101422531985,0.000568959532387,0.989288787269
1418,2,2,1.47702633011e-49,0.0541510054461,0.945848994554
1419,2,0,0.9999622147,3.83747959413e-171,3.77853003433e-05
1420,2,2,0.000617209086858,0.000791993792018,0.998590797121
1421,1,2,0.0,0.493520929854,0.506479070146
1422,2,2,0.0508529511834,3.67601457525e-50,0.949147048817
1423,2,2,0.0114521247133,5.56910692893e-43,0.988547875287
1424,2,2,0.100788081502,0.00623957530315,0.892972343195
1425,1,1,1.03398917183e-40,0.568761627404,0.431238372596
1426,1,2,4.11560223807e-07,6.24431411717e-33,0.99999958844
1427,2,2,0.106579570619,5.43981829619e-42,0.893420429381
1428,2,2,2.7608040299e-37,0.0291441463367,0.970855853663
1429,1,1,4.52022142877e-72,0.883773217168,0.116226782832
1430,2,0,1.0,0.0,2.30261869981e-57
1431,2,2,0.0529308932653,2.41197704236e-35,0.947069106735
1432,1,1,0.0,1.0,3.38217330215e-19
1433,0,0,0.990393224089,1.8911683119e-81,0.0096067759113
1434,1,1,1.01979345757e-267,0.999999999796,2.04349024138e-10
1435,1,1,3.37913430251e-74,0.910544150054,0.0894558499463
1436,1,2,1.8726202088e-37,0.0364886379716,0.963511362028
1437,1,2,0.00360018322375,0.00185681985299,0.994542996923
1438,1,1,6.41746535548e-268,0.999999999905,9.51484853282e-11
1439,1,1,0.0,0.99395853134,0.00604146866004
1440,0,0,0.999840009442,9.72763558738e-107,0.00015999055824
1441,2,2,0.00251347015214,5.61172383718e-67,0.997486529848
1442,2,1,1.86808125291e-34,0.886635356775,0.113364643225
1443,1,1,1.94630225124e-268,0.999999999558,4.41902123165e-10
1444,0,0,0.999987527065,3.24677201048e-160,1.24729352796e-05
1445,1,1,8.07304042936e-88,0.996753649827,0.00324635017327
1446,2,2,0.00188320951517,0.00919614908678,0.988920641398
1447,2,0,0.65671977387,1.9617665625e-67,0.34328022613
1448,2,2,6.00720085977e-25,0.00244875290627,0.997551247094
1449,2,2,0.361522756007,1.65344584353e-58,0.638477243993
1450,1,2,8.16896125751e-35,0.1839440668,0.8160559332
1451,2,2,1.10529904292e-42,4.38187754375e-10,0.999999999562
1452,0,0,0.999995536411,4.9076900664e-158,4.46358903394e-06
1453,1,1,0.0,0.999999999998,2.38871091578e-12
1454,2,2,2.58694401225e-08,0.000541367738682,0.999458606392
1455,2,2,0.0295453879064,3.01562010759e-28,0.970454612094
1456,2,2,0.164669642485,1.1061201938e-77,0.835330357515
1457,1,2,2.57680043899e-34,0.172340595406,0.827659404594
1458,2,0,0.999508642934,1.60654725024e-114,0.00049135706643
1459,0,0,0.999997284454,6.19262459624e-156,2.71554611587e-06
1460,2,2,2.20057322213e-07,0.101679028368,0.898320751574
1461,2,2,0.0114521247133,5.56910692893e-43,0.988547875287
1462,2,2,0.00584550131038,0.00210062297439,0.992053875715
1463,1,2,3.03556715047e-81,0.439493085847,0.560506914153
1464,2,0,0.999972054468,8.19618563786e-131,2.79455322089e-05
1465,0,0,1.0,0.0,3.00128952433e-71
1466,2,2,6.5697854503e-09,0.0105194453575,0.989480548073
1467,2,0,0.999999999999,0.0,1.43688716085e-12
1468,0,0,0.99999741047,2.63277569688e-147,2.58952990551e-06
1469,1,1,2.17377401408e-69,0.788320451854,0.211679548146
1470,2,0,0.990853336508,6.27789962549e-100,0.00914666349153
1471,1,1,7.68505972659e-269,0.999999999944,5.60843349672e-11
1472,1,1,0.0,1.0,2.19304989802e-19
1473,2,2,0.00165579872932,0.00112263715351,0.997221564117
1474,2,0,0.906172044064,3.63795612577e-41,0.0938279559364
1475,2,2,0.000620626897555,0.000622342387245,0.998757030715
1476,2,0,0.999999978329,0.0,2.16710740689e-08
1477,1,1,5.2008743576e-42,0.996129395752,0.00387060424792
1478,1,1,0.0,1.0,9.06722829719e-43
1479,2,2,0.0139255453167,0.000416600770448,0.985657853913
1480,2,2,0.00400720543367,7.06079497835e-13,0.995992794566
1481,2,2,7.53055463859e-08,4.24220771559e-09,0.999999920452
1482,1,1,7.68505972659e-269,0.999999999944,5.60843349672e-11
1483,2,2,0.0259741169809,0.00861880275459,0.965407080264
1484,1,1,5.2402111472e-315,0.999999999966,3.36701428297e-11
1485,1,2,5.1341011869e-34,0.0659317619946,0.934068238005
1486,2,2,0.000620626897555,0.000622342387245,0.998757030715
1487,1,2,3.77526592321e-37,0.204447314874,0.795552685126
1488,2,2,1.13974993795e-23,1.17175698332e-42,1.0
1489,1,1,4.42943455104e-87,0.989898806636,0.0101011933644
1490,0,0,0.996922137782,1.19231496812e-84,0.00307786221788
1491,1,1,3.0208339425e-296,0.999999999947,5.33224621419e-11
1492,1,1,3.46889458416e-114,0.99990940013,9.05998695514e-05
1493,2,2,1.82467756647e-25,0.00104167145128,0.998958328549
1494,1,1,7.75165727022e-268,0.999999999803,1.96794078886e-10
1495,0,0,1.0,0.0,2.47543996764e-59
1496,0,0,1.0,0.0,2.53365464965e-141
1497,2,2,0.0279055974581,0.0102394486117,0.96185495393
1498,2,0,1.0,0.0,3.24445945102e-15
1499,2,2,0.00804882754582,0.0025665108298,0.989384661624
